{"type": "FeatureCollection", "features": [{"type": "Feature", "geometry": {"type": "Point", "coordinates": [11.654147, 46.310517]}, "properties": {"species": "porcino_comune", "label": "Porcino comune", "scientificName": "Boletus edulis", "year": 2026, "eventDate": "2026-07-04T14:17:02", "source": "gbif"}}, {"type": "Feature", "geometry": {"type": "Point", "coordinates": [11.198363, 46.460862]}, "properties": {"species": "porcino_comune", "label": "Porcino comune", "scientificName": "Boletus edulis", "year": 2026, "eventDate": "2026-07-13T11:14:26", "source": "gbif"}}, {"type": "Feature", "geometry": {"type": "Point", "coordinates": [11.55252, 45.860228]}, "properties": {"species": "porcino_comune", "label": "Porcino comune", "scientificName": "Boletus edulis", "year": 2026, "eventDate": "2026-07-25T12:26:45", "source": "gbif"}}, {"type": "Feature", "geometry": {"type": "Point", "coordinates": [11.018227, 46.462688]}, "properties": {"species": "porcino_comune", "label": "Porcino comune", "scientificName": "Boletus edulis", "year": 2026, "eventDate": "2026-07-31T14:47", "source": "gbif"}}, {"type": "Feature", "geometry": {"type": "Point", "coordinates": [11.018489, 46.462677]}, "properties": {"species": "porcino_comune", "label": "Porcino comune", "scientificName": "Boletus edulis", "year": 2026, "eventDate": "2026-07-31T14:56:03", "source": "gbif"}}, {"type": "Feature", "geometry": {"type": "Point", "coordinates": [11.017753, 46.464837]}, "properties": {"species": "porcino_comune", "label": "Porcino comune", "scientificName": "Boletus edulis", "year": 2026, "eventDate": "2026-07-31T16:12:05", "source": "gbif"}}, {"type": "Feature", "geometry": {"type": "Point", "coordinates": [11.737154, 46.403885]}, "properties": {"species": "porcino_comune", "label": "Porcino comune", "scientificName": "Boletus edulis", "year": 2026, "eventDate": "2026-08-08T10:37:08", "source": "gbif"}}, {"type": "Feature", "geometry": {"type": "Point", "coordinates": [10.789922, 46.405463]}, "properties": {"species": "porcino_comune", "label": "Porcino comune", "scientificName": "Boletus edulis", "year": 2026, "eventDate": "2026-08-08T09:49:30", "source": "gbif"}}, {"type": "Feature", "geometry": {"type": "Point", "coordinates": [10.868247, 46.597286]}, "properties": {"species": "porcino_comune", "label": "Porcino comune", "scientificName": "Boletus edulis", "year": 2026, "eventDate": "2026-08-14T14:35:56", "source": "gbif"}}, {"type": "Feature", "geometry": {"type": "Point", "coordinates": [9.62389, 45.997135]}, "properties": {"species": "porcino_comune", "label": "Porcino comune", "scientificName": "Boletus edulis", "year": 2025, "eventDate": "2025-07-21T15:09", "source": "gbif"}}, {"type": "Feature", "geometry": {"type": "Point", "coordinates": [11.653664, 46.309017]}, "properties": {"species": "porcino_comune", "label": "Porcino comune", "scientificName": "Boletus edulis", "year": 2025, "eventDate": "2025-07-17T14:33:47", "source": "gbif"}}, {"type": "Feature", "geometry": {"type": "Point", "coordinates": [10.155269, 45.954376]}, "properties": {"species": "porcino_comune", "label": "Porcino comune", "scientificName": "Boletus edulis", "year": 2025, "eventDate": "2025-07-20T15:45", "source": "gbif"}}, {"type": "Feature", "geometry": {"type": "Point", "coordinates": [11.747457, 46.482593]}, "properties": {"species": "porcino_comune", "label": "Porcino comune", "scientificName": "Boletus edulis", "year": 2025, "eventDate": "2025-07-13T14:47", "source": "gbif"}}, {"type": "Feature", "geometry": {"type": "Point", "coordinates": [12.327533, 46.722103]}, "properties": {"species": "porcino_comune", "label": "Porcino comune", "scientificName": "Boletus edulis", "year": 2025, "eventDate": "2025-07-18T16:06", "source": "gbif"}}, {"type": "Feature", "geometry": {"type": "Point", "coordinates": [10.470158, 46.247297]}, "properties": {"species": "porcino_comune", "label": "Porcino comune", "scientificName": "Boletus edulis", "year": 2025, "eventDate": "2025-08-14T20:35:20", "source": "gbif"}}, {"type": "Feature", "geometry": {"type": "Point", "coordinates": [10.19102, 45.558553]}, "properties": {"species": "porcino_comune", "label": "Porcino comune", "scientificName": "Boletus edulis", "year": 2025, "eventDate": "2025-08-12T11:11:16", "source": "gbif"}}, {"type": "Feature", "geometry": {"type": "Point", "coordinates": [11.418178, 45.889964]}, "properties": {"species": "porcino_comune", "label": "Porcino comune", "scientificName": "Boletus edulis", "year": 2025, "eventDate": "2025-08-01T11:20:18", "source": "gbif"}}, {"type": "Feature", "geometry": {"type": "Point", "coordinates": [8.354223, 46.250805]}, "properties": {"species": "porcino_comune", "label": "Porcino comune", "scientificName": "Boletus edulis", "year": 2025, "eventDate": "2025-08-06T17:20:26", "source": "gbif"}}, {"type": "Feature", "geometry": {"type": "Point", "coordinates": [7.781138, 44.242102]}, "properties": {"species": "porcino_comune", "label": "Porcino comune", "scientificName": "Boletus edulis", "year": 2025, "eventDate": "2025-08-09T11:17", "source": "gbif"}}, {"type": "Feature", "geometry": {"type": "Point", "coordinates": [10.796339, 46.216357]}, "properties": {"species": "porcino_comune", "label": "Porcino comune", "scientificName": "Boletus edulis", "year": 2025, "eventDate": "2025-08-07T11:14:33", "source": "gbif"}}, {"type": "Feature", "geometry": {"type": "Point", "coordinates": [11.70037, 46.423459]}, "properties": {"species": "porcino_comune", "label": "Porcino comune", "scientificName": "Boletus edulis", "year": 2025, "eventDate": "2025-08-31T15:40:27", "source": "gbif"}}, {"type": "Feature", "geometry": {"type": "Point", "coordinates": [11.34405, 46.051445]}, "properties": {"species": "porcino_comune", "label": "Porcino comune", "scientificName": "Boletus edulis", "year": 2025, "eventDate": "2025-08-14T14:41:48", "source": "gbif"}}, {"type": "Feature", "geometry": {"type": "Point", "coordinates": [11.48123, 45.904839]}, "properties": {"species": "porcino_comune", "label": "Porcino comune", "scientificName": "Boletus edulis", "year": 2025, "eventDate": "2025-08-13T10:45", "source": "gbif"}}, {"type": "Feature", "geometry": {"type": "Point", "coordinates": [11.65543, 46.310695]}, "properties": {"species": "porcino_comune", "label": "Porcino comune", "scientificName": "Boletus edulis", "year": 2025, "eventDate": "2025-08-30T17:34:42", "source": "gbif"}}, {"type": "Feature", "geometry": {"type": "Point", "coordinates": [8.508936, 46.057838]}, "properties": {"species": "porcino_comune", "label": "Porcino comune", "scientificName": "Boletus edulis", "year": 2025, "eventDate": "2025-08-29T12:12:24", "source": "gbif"}}, {"type": "Feature", "geometry": {"type": "Point", "coordinates": [11.480684, 45.904573]}, "properties": {"species": "porcino_comune", "label": "Porcino comune", "scientificName": "Boletus edulis", "year": 2025, "eventDate": "2025-08-13T11:17", "source": "gbif"}}, {"type": "Feature", "geometry": {"type": "Point", "coordinates": [11.556485, 45.99739]}, "properties": {"species": "porcino_comune", "label": "Porcino comune", "scientificName": "Boletus edulis", "year": 2025, "eventDate": "2025-08-01T07:53:56", "source": "gbif"}}, {"type": "Feature", "geometry": {"type": "Point", "coordinates": [10.498317, 46.82552]}, "properties": {"species": "porcino_comune", "label": "Porcino comune", "scientificName": "Boletus edulis", "year": 2025, "eventDate": "2025-08-23T11:31:05", "source": "gbif"}}, {"type": "Feature", "geometry": {"type": "Point", "coordinates": [10.987915, 46.18104]}, "properties": {"species": "porcino_comune", "label": "Porcino comune", "scientificName": "Boletus edulis", "year": 2025, "eventDate": "2025-08-10T08:17", "source": "gbif"}}, {"type": "Feature", "geometry": {"type": "Point", "coordinates": [11.392664, 45.89744]}, "properties": {"species": "porcino_comune", "label": "Porcino comune", "scientificName": "Boletus edulis", "year": 2025, "eventDate": "2025-09-07T10:21", "source": "gbif"}}, {"type": "Feature", "geometry": {"type": "Point", "coordinates": [11.224658, 45.683237]}, "properties": {"species": "porcino_comune", "label": "Porcino comune", "scientificName": "Boletus edulis", "year": 2025, "eventDate": "2025-09-05T10:06", "source": "gbif"}}, {"type": "Feature", "geometry": {"type": "Point", "coordinates": [11.75905, 46.311158]}, "properties": {"species": "porcino_comune", "label": "Porcino comune", "scientificName": "Boletus edulis", "year": 2025, "eventDate": "2025-09-03T16:33:37", "source": "gbif"}}, {"type": "Feature", "geometry": {"type": "Point", "coordinates": [10.551414, 44.191069]}, "properties": {"species": "porcino_comune", "label": "Porcino comune", "scientificName": "Boletus edulis", "year": 2025, "eventDate": "2025-09-21T14:26:56", "source": "gbif"}}, {"type": "Feature", "geometry": {"type": "Point", "coordinates": [11.366115, 46.50944]}, "properties": {"species": "porcino_comune", "label": "Porcino comune", "scientificName": "Boletus edulis", "year": 2025, "eventDate": "2025-09-21T12:10:46", "source": "gbif"}}, {"type": "Feature", "geometry": {"type": "Point", "coordinates": [11.034413, 46.018839]}, "properties": {"species": "porcino_comune", "label": "Porcino comune", "scientificName": "Boletus edulis", "year": 2025, "eventDate": "2025-09-16T14:02", "source": "gbif"}}, {"type": "Feature", "geometry": {"type": "Point", "coordinates": [8.349171, 46.198789]}, "properties": {"species": "porcino_comune", "label": "Porcino comune", "scientificName": "Boletus edulis", "year": 2025, "eventDate": "2025-09-21T14:57:35", "source": "gbif"}}, {"type": "Feature", "geometry": {"type": "Point", "coordinates": [9.452344, 46.117936]}, "properties": {"species": "porcino_comune", "label": "Porcino comune", "scientificName": "Boletus edulis", "year": 2025, "eventDate": "2025-09-14T17:35", "source": "gbif"}}, {"type": "Feature", "geometry": {"type": "Point", "coordinates": [10.551414, 44.191069]}, "properties": {"species": "porcino_comune", "label": "Porcino comune", "scientificName": "Boletus edulis", "year": 2025, "eventDate": "2025-09-21T14:27:40", "source": "gbif"}}, {"type": "Feature", "geometry": {"type": "Point", "coordinates": [7.7, 45.816667]}, "properties": {"species": "porcino_comune", "label": "Porcino comune", "scientificName": "Boletus edulis", "year": 2025, "eventDate": "2025-09-10T09:20", "source": "gbif"}}, {"type": "Feature", "geometry": {"type": "Point", "coordinates": [12.428851, 46.670922]}, "properties": {"species": "porcino_comune", "label": "Porcino comune", "scientificName": "Boletus edulis", "year": 2025, "eventDate": "2025-09-01T13:31:58", "source": "gbif"}}, {"type": "Feature", "geometry": {"type": "Point", "coordinates": [10.926085, 46.404369]}, "properties": {"species": "porcino_comune", "label": "Porcino comune", "scientificName": "Boletus edulis", "year": 2025, "eventDate": "2025-09-20T10:31", "source": "gbif"}}, {"type": "Feature", "geometry": {"type": "Point", "coordinates": [11.29987, 46.174465]}, "properties": {"species": "porcino_comune", "label": "Porcino comune", "scientificName": "Boletus edulis", "year": 2025, "eventDate": "2025-09-12T16:08", "source": "gbif"}}, {"type": "Feature", "geometry": {"type": "Point", "coordinates": [11.323817, 46.250378]}, "properties": {"species": "porcino_comune", "label": "Porcino comune", "scientificName": "Boletus edulis", "year": 2025, "eventDate": "2025-09-05T13:32", "source": "gbif"}}, {"type": "Feature", "geometry": {"type": "Point", "coordinates": [10.949445, 46.4089]}, "properties": {"species": "porcino_comune", "label": "Porcino comune", "scientificName": "Boletus edulis", "year": 2025, "eventDate": "2025-09-20T08:57", "source": "gbif"}}, {"type": "Feature", "geometry": {"type": "Point", "coordinates": [9.534181, 46.066555]}, "properties": {"species": "porcino_comune", "label": "Porcino comune", "scientificName": "Boletus edulis", "year": 2025, "eventDate": "2025-10-02T19:10", "source": "gbif"}}, {"type": "Feature", "geometry": {"type": "Point", "coordinates": [9.534181, 46.066555]}, "properties": {"species": "porcino_comune", "label": "Porcino comune", "scientificName": "Boletus edulis", "year": 2025, "eventDate": "2025-10-02T19:09", "source": "gbif"}}, {"type": "Feature", "geometry": {"type": "Point", "coordinates": [9.534181, 46.066555]}, "properties": {"species": "porcino_comune", "label": "Porcino comune", "scientificName": "Boletus edulis", "year": 2025, "eventDate": "2025-10-02T17:29", "source": "gbif"}}, {"type": "Feature", "geometry": {"type": "Point", "coordinates": [9.664068, 44.397991]}, "properties": {"species": "porcino_comune", "label": "Porcino comune", "scientificName": "Boletus edulis", "year": 2025, "eventDate": "2025-10-09T00:00", "source": "gbif"}}, {"type": "Feature", "geometry": {"type": "Point", "coordinates": [8.444402, 45.634525]}, "properties": {"species": "porcino_comune", "label": "Porcino comune", "scientificName": "Boletus edulis", "year": 2025, "eventDate": "2025-10-12T15:10:57", "source": "gbif"}}, {"type": "Feature", "geometry": {"type": "Point", "coordinates": [8.440017, 45.62825]}, "properties": {"species": "porcino_comune", "label": "Porcino comune", "scientificName": "Boletus edulis", "year": 2025, "eventDate": "2025-10-22T15:39:13", "source": "gbif"}}, {"type": "Feature", "geometry": {"type": "Point", "coordinates": [10.958607, 46.421793]}, "properties": {"species": "porcino_comune", "label": "Porcino comune", "scientificName": "Boletus edulis", "year": 2025, "eventDate": "2025-10-05T12:59", "source": "gbif"}}, {"type": "Feature", "geometry": {"type": "Point", "coordinates": [10.952684, 46.422331]}, "properties": {"species": "porcino_comune", "label": "Porcino comune", "scientificName": "Boletus edulis", "year": 2025, "eventDate": "2025-10-05T13:48", "source": "gbif"}}, {"type": "Feature", "geometry": {"type": "Point", "coordinates": [11.185557, 46.703205]}, "properties": {"species": "porcino_comune", "label": "Porcino comune", "scientificName": "Boletus edulis", "year": 2024, "eventDate": "2024-06-21T10:24:03", "source": "gbif"}}, {"type": "Feature", "geometry": {"type": "Point", "coordinates": [10.465603, 44.123902]}, "properties": {"species": "porcino_comune", "label": "Porcino comune", "scientificName": "Boletus edulis", "year": 2024, "eventDate": "2024-06-13T15:50", "source": "gbif"}}, {"type": "Feature", "geometry": {"type": "Point", "coordinates": [11.017114, 46.459678]}, "properties": {"species": "porcino_comune", "label": "Porcino comune", "scientificName": "Boletus edulis", "year": 2024, "eventDate": "2024-07-08T14:29:01", "source": "gbif"}}, {"type": "Feature", "geometry": {"type": "Point", "coordinates": [11.02055, 46.458575]}, "properties": {"species": "porcino_comune", "label": "Porcino comune", "scientificName": "Boletus edulis", "year": 2024, "eventDate": "2024-07-10T10:21:14", "source": "gbif"}}, {"type": "Feature", "geometry": {"type": "Point", "coordinates": [11.716162, 46.316295]}, "properties": {"species": "porcino_comune", "label": "Porcino comune", "scientificName": "Boletus edulis", "year": 2024, "eventDate": "2024-08-04T11:25:34", "source": "gbif"}}, {"type": "Feature", "geometry": {"type": "Point", "coordinates": [11.480567, 46.349988]}, "properties": {"species": "porcino_comune", "label": "Porcino comune", "scientificName": "Boletus edulis", "year": 2024, "eventDate": "2024-08-16T14:25:14", "source": "gbif"}}, {"type": "Feature", "geometry": {"type": "Point", "coordinates": [11.792006, 46.183649]}, "properties": {"species": "porcino_comune", "label": "Porcino comune", "scientificName": "Boletus edulis", "year": 2024, "eventDate": "2024-08-17T14:32", "source": "gbif"}}, {"type": "Feature", "geometry": {"type": "Point", "coordinates": [11.785117, 46.171815]}, "properties": {"species": "porcino_comune", "label": "Porcino comune", "scientificName": "Boletus edulis", "year": 2024, "eventDate": "2024-08-17T14:32", "source": "gbif"}}, {"type": "Feature", "geometry": {"type": "Point", "coordinates": [8.031092, 44.213654]}, "properties": {"species": "porcino_comune", "label": "Porcino comune", "scientificName": "Boletus edulis", "year": 2024, "eventDate": "2024-08-12T19:13:05", "source": "gbif"}}, {"type": "Feature", "geometry": {"type": "Point", "coordinates": [11.733692, 46.287871]}, "properties": {"species": "porcino_comune", "label": "Porcino comune", "scientificName": "Boletus edulis", "year": 2024, "eventDate": "2024-08-01T08:49:01", "source": "gbif"}}, {"type": "Feature", "geometry": {"type": "Point", "coordinates": [11.52359, 46.168386]}, "properties": {"species": "porcino_comune", "label": "Porcino comune", "scientificName": "Boletus edulis", "year": 2024, "eventDate": "2024-09-07T09:51:14", "source": "gbif"}}, {"type": "Feature", "geometry": {"type": "Point", "coordinates": [11.502672, 46.320639]}, "properties": {"species": "porcino_comune", "label": "Porcino comune", "scientificName": "Boletus edulis", "year": 2024, "eventDate": "2024-09-26T14:12:22", "source": "gbif"}}, {"type": "Feature", "geometry": {"type": "Point", "coordinates": [7.974969, 45.630317]}, "properties": {"species": "porcino_comune", "label": "Porcino comune", "scientificName": "Boletus edulis", "year": 2024, "eventDate": "2024-09-29T11:14:50", "source": "gbif"}}, {"type": "Feature", "geometry": {"type": "Point", "coordinates": [11.387016, 46.00083]}, "properties": {"species": "porcino_comune", "label": "Porcino comune", "scientificName": "Boletus edulis", "year": 2024, "eventDate": "2024-09-24T12:35", "source": "gbif"}}, {"type": "Feature", "geometry": {"type": "Point", "coordinates": [7.304521, 44.865525]}, "properties": {"species": "porcino_comune", "label": "Porcino comune", "scientificName": "Boletus edulis", "year": 2024, "eventDate": "2024-09-21T17:44:12", "source": "gbif"}}, {"type": "Feature", "geometry": {"type": "Point", "coordinates": [10.954127, 46.426581]}, "properties": {"species": "porcino_comune", "label": "Porcino comune", "scientificName": "Boletus edulis", "year": 2024, "eventDate": "2024-09-22T09:05", "source": "gbif"}}, {"type": "Feature", "geometry": {"type": "Point", "coordinates": [9.535897, 46.06795]}, "properties": {"species": "porcino_comune", "label": "Porcino comune", "scientificName": "Boletus edulis", "year": 2024, "eventDate": "2024-09-14T16:52", "source": "gbif"}}, {"type": "Feature", "geometry": {"type": "Point", "coordinates": [9.535759, 46.097345]}, "properties": {"species": "porcino_comune", "label": "Porcino comune", "scientificName": "Boletus edulis", "year": 2024, "eventDate": "2024-09-01T12:58", "source": "gbif"}}, {"type": "Feature", "geometry": {"type": "Point", "coordinates": [9.535897, 46.06795]}, "properties": {"species": "porcino_comune", "label": "Porcino comune", "scientificName": "Boletus edulis", "year": 2024, "eventDate": "2024-09-14T16:45", "source": "gbif"}}, {"type": "Feature", "geometry": {"type": "Point", "coordinates": [9.533725, 46.070911]}, "properties": {"species": "porcino_comune", "label": "Porcino comune", "scientificName": "Boletus edulis", "year": 2024, "eventDate": "2024-09-01T09:14", "source": "gbif"}}, {"type": "Feature", "geometry": {"type": "Point", "coordinates": [10.808253, 44.028394]}, "properties": {"species": "porcino_comune", "label": "Porcino comune", "scientificName": "Boletus edulis", "year": 2024, "eventDate": "2024-09-30T10:11:56", "source": "gbif"}}, {"type": "Feature", "geometry": {"type": "Point", "coordinates": [11.531363, 46.520222]}, "properties": {"species": "porcino_comune", "label": "Porcino comune", "scientificName": "Boletus edulis", "year": 2024, "eventDate": "2024-09-22T11:40:21", "source": "gbif"}}, {"type": "Feature", "geometry": {"type": "Point", "coordinates": [9.132775, 40.917681]}, "properties": {"species": "porcino_comune", "label": "Porcino comune", "scientificName": "Boletus edulis", "year": 2024, "eventDate": "2024-09-13T09:01:56", "source": "gbif"}}, {"type": "Feature", "geometry": {"type": "Point", "coordinates": [9.298654, 46.00301]}, "properties": {"species": "porcino_comune", "label": "Porcino comune", "scientificName": "Boletus edulis", "year": 2024, "eventDate": "2024-09-29T15:36", "source": "gbif"}}, {"type": "Feature", "geometry": {"type": "Point", "coordinates": [8.794836, 45.897453]}, "properties": {"species": "porcino_comune", "label": "Porcino comune", "scientificName": "Boletus edulis", "year": 2024, "eventDate": "2024-10-02T18:43:35", "source": "gbif"}}, {"type": "Feature", "geometry": {"type": "Point", "coordinates": [8.44757, 45.632645]}, "properties": {"species": "porcino_comune", "label": "Porcino comune", "scientificName": "Boletus edulis", "year": 2024, "eventDate": "2024-10-13T17:13:50", "source": "gbif"}}, {"type": "Feature", "geometry": {"type": "Point", "coordinates": [11.456585, 46.473806]}, "properties": {"species": "porcino_comune", "label": "Porcino comune", "scientificName": "Boletus edulis", "year": 2024, "eventDate": "2024-10-09T11:32:36", "source": "gbif"}}, {"type": "Feature", "geometry": {"type": "Point", "coordinates": [11.658702, 46.308769]}, "properties": {"species": "porcino_comune", "label": "Porcino comune", "scientificName": "Boletus edulis", "year": 2024, "eventDate": "2024-10-22T13:55:20", "source": "gbif"}}, {"type": "Feature", "geometry": {"type": "Point", "coordinates": [11.08482, 46.447282]}, "properties": {"species": "porcino_comune", "label": "Porcino comune", "scientificName": "Boletus edulis", "year": 2024, "eventDate": "2024-10-20T10:27", "source": "gbif"}}, {"type": "Feature", "geometry": {"type": "Point", "coordinates": [11.701943, 43.85426]}, "properties": {"species": "porcino_comune", "label": "Porcino comune", "scientificName": "Boletus edulis", "year": 2024, "eventDate": "2024-10-05T07:56", "source": "gbif"}}, {"type": "Feature", "geometry": {"type": "Point", "coordinates": [11.705912, 43.848598]}, "properties": {"species": "porcino_comune", "label": "Porcino comune", "scientificName": "Boletus edulis", "year": 2024, "eventDate": "2024-10-05T13:08", "source": "gbif"}}, {"type": "Feature", "geometry": {"type": "Point", "coordinates": [11.712699, 43.649088]}, "properties": {"species": "porcino_comune", "label": "Porcino comune", "scientificName": "Boletus edulis", "year": 2024, "eventDate": "2024-10-12T10:01", "source": "gbif"}}, {"type": "Feature", "geometry": {"type": "Point", "coordinates": [15.857307, 38.133797]}, "properties": {"species": "porcino_comune", "label": "Porcino comune", "scientificName": "Boletus edulis", "year": 2024, "eventDate": "2024-10-06T17:01:44", "source": "gbif"}}, {"type": "Feature", "geometry": {"type": "Point", "coordinates": [10.994566, 43.066508]}, "properties": {"species": "porcino_comune", "label": "Porcino comune", "scientificName": "Boletus edulis", "year": 2024, "eventDate": "2024-10-12T11:41:11", "source": "gbif"}}, {"type": "Feature", "geometry": {"type": "Point", "coordinates": [11.044999, 44.271806]}, "properties": {"species": "porcino_comune", "label": "Porcino comune", "scientificName": "Boletus edulis", "year": 2024, "eventDate": "2024-10-13T07:46Z", "source": "gbif"}}, {"type": "Feature", "geometry": {"type": "Point", "coordinates": [11.445872, 46.739167]}, "properties": {"species": "porcino_comune", "label": "Porcino comune", "scientificName": "Boletus edulis", "year": 2024, "eventDate": "2024-11-17T13:50:48", "source": "gbif"}}, {"type": "Feature", "geometry": {"type": "Point", "coordinates": [12.226535, 46.810967]}, "properties": {"species": "porcino_comune", "label": "Porcino comune", "scientificName": "Boletus edulis", "year": 2023, "eventDate": "2023-06-05T19:44:33", "source": "gbif"}}, {"type": "Feature", "geometry": {"type": "Point", "coordinates": [10.737114, 46.300115]}, "properties": {"species": "porcino_comune", "label": "Porcino comune", "scientificName": "Boletus edulis", "year": 2023, "eventDate": "2023-07-31T11:39:15", "source": "gbif"}}, {"type": "Feature", "geometry": {"type": "Point", "coordinates": [12.42751, 46.114809]}, "properties": {"species": "porcino_comune", "label": "Porcino comune", "scientificName": "Boletus edulis", "year": 2023, "eventDate": "2023-07-26T12:43:24", "source": "gbif"}}, {"type": "Feature", "geometry": {"type": "Point", "coordinates": [10.497353, 46.275003]}, "properties": {"species": "porcino_comune", "label": "Porcino comune", "scientificName": "Boletus edulis", "year": 2023, "eventDate": "2023-07-08T12:42:27", "source": "gbif"}}, {"type": "Feature", "geometry": {"type": "Point", "coordinates": [11.206881, 45.903139]}, "properties": {"species": "porcino_comune", "label": "Porcino comune", "scientificName": "Boletus edulis", "year": 2023, "eventDate": "2023-08-06T13:09", "source": "gbif"}}, {"type": "Feature", "geometry": {"type": "Point", "coordinates": [11.20037, 46.00872]}, "properties": {"species": "porcino_comune", "label": "Porcino comune", "scientificName": "Boletus edulis", "year": 2023, "eventDate": "2023-08-02T18:37:48", "source": "gbif"}}, {"type": "Feature", "geometry": {"type": "Point", "coordinates": [11.386312, 46.951694]}, "properties": {"species": "porcino_comune", "label": "Porcino comune", "scientificName": "Boletus edulis", "year": 2023, "eventDate": "2023-08-02T15:57", "source": "gbif"}}, {"type": "Feature", "geometry": {"type": "Point", "coordinates": [11.557442, 46.568481]}, "properties": {"species": "porcino_comune", "label": "Porcino comune", "scientificName": "Boletus edulis", "year": 2023, "eventDate": "2023-08-04T17:22:45", "source": "gbif"}}, {"type": "Feature", "geometry": {"type": "Point", "coordinates": [11.660013, 46.305572]}, "properties": {"species": "porcino_comune", "label": "Porcino comune", "scientificName": "Boletus edulis", "year": 2023, "eventDate": "2023-08-02T09:05:13", "source": "gbif"}}, {"type": "Feature", "geometry": {"type": "Point", "coordinates": [11.239711, 46.627866]}, "properties": {"species": "porcino_comune", "label": "Porcino comune", "scientificName": "Boletus edulis", "year": 2023, "eventDate": "2023-08-07T11:16:20", "source": "gbif"}}, {"type": "Feature", "geometry": {"type": "Point", "coordinates": [11.655173, 46.116039]}, "properties": {"species": "porcino_comune", "label": "Porcino comune", "scientificName": "Boletus edulis", "year": 2023, "eventDate": "2023-08-05T15:08:41", "source": "gbif"}}, {"type": "Feature", "geometry": {"type": "Point", "coordinates": [12.10293, 45.994373]}, "properties": {"species": "porcino_comune", "label": "Porcino comune", "scientificName": "Boletus edulis", "year": 2023, "eventDate": "2023-08-07T12:14:54", "source": "gbif"}}, {"type": "Feature", "geometry": {"type": "Point", "coordinates": [11.305955, 46.199103]}, "properties": {"species": "porcino_comune", "label": "Porcino comune", "scientificName": "Boletus edulis", "year": 2023, "eventDate": "2023-08-14T17:43", "source": "gbif"}}, {"type": "Feature", "geometry": {"type": "Point", "coordinates": [10.330738, 46.453658]}, "properties": {"species": "porcino_comune", "label": "Porcino comune", "scientificName": "Boletus edulis", "year": 2023, "eventDate": "2023-08-02T15:07:49", "source": "gbif"}}, {"type": "Feature", "geometry": {"type": "Point", "coordinates": [11.105626, 46.246302]}, "properties": {"species": "porcino_comune", "label": "Porcino comune", "scientificName": "Boletus edulis", "year": 2023, "eventDate": "2023-08-19T11:56:09", "source": "gbif"}}, {"type": "Feature", "geometry": {"type": "Point", "coordinates": [11.64135, 46.984222]}, "properties": {"species": "porcino_comune", "label": "Porcino comune", "scientificName": "Boletus edulis", "year": 2023, "eventDate": "2023-08-04T14:03:58", "source": "gbif"}}, {"type": "Feature", "geometry": {"type": "Point", "coordinates": [9.775995, 46.000089]}, "properties": {"species": "porcino_comune", "label": "Porcino comune", "scientificName": "Boletus edulis", "year": 2023, "eventDate": "2023-08-08T18:31:23", "source": "gbif"}}, {"type": "Feature", "geometry": {"type": "Point", "coordinates": [7.781431, 44.248134]}, "properties": {"species": "porcino_comune", "label": "Porcino comune", "scientificName": "Boletus edulis", "year": 2023, "eventDate": "2023-08-18", "source": "gbif"}}, {"type": "Feature", "geometry": {"type": "Point", "coordinates": [11.447089, 46.552814]}, "properties": {"species": "porcino_comune", "label": "Porcino comune", "scientificName": "Boletus edulis", "year": 2023, "eventDate": "2023-08-08T16:38:59", "source": "gbif"}}, {"type": "Feature", "geometry": {"type": "Point", "coordinates": [10.65315, 46.357522]}, "properties": {"species": "porcino_comune", "label": "Porcino comune", "scientificName": "Boletus edulis", "year": 2023, "eventDate": "2023-08-18T11:10:07", "source": "gbif"}}, {"type": "Feature", "geometry": {"type": "Point", "coordinates": [11.150955, 46.818303]}, "properties": {"species": "porcino_comune", "label": "Porcino comune", "scientificName": "Boletus edulis", "year": 2023, "eventDate": "2023-09-16T14:10:22", "source": "gbif"}}, {"type": "Feature", "geometry": {"type": "Point", "coordinates": [7.308478, 45.004613]}, "properties": {"species": "porcino_comune", "label": "Porcino comune", "scientificName": "Boletus edulis", "year": 2023, "eventDate": "2023-09-19T13:48:55", "source": "gbif"}}, {"type": "Feature", "geometry": {"type": "Point", "coordinates": [11.0835, 46.644]}, "properties": {"species": "porcino_comune", "label": "Porcino comune", "scientificName": "Boletus edulis", "year": 2023, "eventDate": "2023-09-24T09:48", "source": "gbif"}}, {"type": "Feature", "geometry": {"type": "Point", "coordinates": [7.976033, 45.629782]}, "properties": {"species": "porcino_comune", "label": "Porcino comune", "scientificName": "Boletus edulis", "year": 2023, "eventDate": "2023-09-23T16:21:25", "source": "gbif"}}, {"type": "Feature", "geometry": {"type": "Point", "coordinates": [7.9653, 45.965806]}, "properties": {"species": "porcino_comune", "label": "Porcino comune", "scientificName": "Boletus edulis", "year": 2023, "eventDate": "2023-09-30T16:48:06", "source": "gbif"}}, {"type": "Feature", "geometry": {"type": "Point", "coordinates": [8.823956, 45.871322]}, "properties": {"species": "porcino_comune", "label": "Porcino comune", "scientificName": "Boletus edulis", "year": 2023, "eventDate": "2023-09-27T02:18", "source": "gbif"}}, {"type": "Feature", "geometry": {"type": "Point", "coordinates": [10.994843, 45.711285]}, "properties": {"species": "porcino_comune", "label": "Porcino comune", "scientificName": "Boletus edulis", "year": 2023, "eventDate": "2023-09-22T17:11:06", "source": "gbif"}}, {"type": "Feature", "geometry": {"type": "Point", "coordinates": [11.369265, 46.458632]}, "properties": {"species": "porcino_comune", "label": "Porcino comune", "scientificName": "Boletus edulis", "year": 2023, "eventDate": "2023-09-23T17:16:56", "source": "gbif"}}, {"type": "Feature", "geometry": {"type": "Point", "coordinates": [9.735908, 44.382586]}, "properties": {"species": "porcino_comune", "label": "Porcino comune", "scientificName": "Boletus edulis", "year": 2023, "eventDate": "2023-09-24T12:06:49", "source": "gbif"}}, {"type": "Feature", "geometry": {"type": "Point", "coordinates": [9.748428, 45.861163]}, "properties": {"species": "porcino_comune", "label": "Porcino comune", "scientificName": "Boletus edulis", "year": 2023, "eventDate": "2023-09-21T12:27", "source": "gbif"}}, {"type": "Feature", "geometry": {"type": "Point", "coordinates": [12.0884, 46.698322]}, "properties": {"species": "porcino_comune", "label": "Porcino comune", "scientificName": "Boletus edulis", "year": 2023, "eventDate": "2023-09-05T12:49", "source": "gbif"}}, {"type": "Feature", "geometry": {"type": "Point", "coordinates": [9.671283, 46.260553]}, "properties": {"species": "porcino_comune", "label": "Porcino comune", "scientificName": "Boletus edulis", "year": 2023, "eventDate": "2023-10-01T14:53:12", "source": "gbif"}}, {"type": "Feature", "geometry": {"type": "Point", "coordinates": [11.770995, 46.270773]}, "properties": {"species": "porcino_comune", "label": "Porcino comune", "scientificName": "Boletus edulis", "year": 2023, "eventDate": "2023-10-01T13:09:54", "source": "gbif"}}, {"type": "Feature", "geometry": {"type": "Point", "coordinates": [10.081645, 45.112259]}, "properties": {"species": "porcino_comune", "label": "Porcino comune", "scientificName": "Boletus edulis", "year": 2023, "eventDate": "2023-10-05T19:27:58", "source": "gbif"}}, {"type": "Feature", "geometry": {"type": "Point", "coordinates": [7.338058, 45.077025]}, "properties": {"species": "porcino_comune", "label": "Porcino comune", "scientificName": "Boletus edulis", "year": 2023, "eventDate": "2023-10-05T13:46", "source": "gbif"}}, {"type": "Feature", "geometry": {"type": "Point", "coordinates": [10.668759, 44.111054]}, "properties": {"species": "porcino_comune", "label": "Porcino comune", "scientificName": "Boletus edulis", "year": 2023, "eventDate": "2023-10-03T14:24:45", "source": "gbif"}}, {"type": "Feature", "geometry": {"type": "Point", "coordinates": [11.387751, 45.892626]}, "properties": {"species": "porcino_comune", "label": "Porcino comune", "scientificName": "Boletus edulis", "year": 2023, "eventDate": "2023-10-07T15:16:22", "source": "gbif"}}, {"type": "Feature", "geometry": {"type": "Point", "coordinates": [7.323987, 45.074688]}, "properties": {"species": "porcino_comune", "label": "Porcino comune", "scientificName": "Boletus edulis", "year": 2023, "eventDate": "2023-10-07T13:42:37", "source": "gbif"}}, {"type": "Feature", "geometry": {"type": "Point", "coordinates": [11.644715, 46.403427]}, "properties": {"species": "porcino_comune", "label": "Porcino comune", "scientificName": "Boletus edulis", "year": 2023, "eventDate": "2023-10-08T15:46", "source": "gbif"}}, {"type": "Feature", "geometry": {"type": "Point", "coordinates": [7.949614, 45.691906]}, "properties": {"species": "porcino_comune", "label": "Porcino comune", "scientificName": "Boletus edulis", "year": 2023, "eventDate": "2023-10-19T11:47", "source": "gbif"}}, {"type": "Feature", "geometry": {"type": "Point", "coordinates": [10.669488, 44.110809]}, "properties": {"species": "porcino_comune", "label": "Porcino comune", "scientificName": "Boletus edulis", "year": 2023, "eventDate": "2023-10-03T15:53:56", "source": "gbif"}}, {"type": "Feature", "geometry": {"type": "Point", "coordinates": [11.77087, 46.271238]}, "properties": {"species": "porcino_comune", "label": "Porcino comune", "scientificName": "Boletus edulis", "year": 2023, "eventDate": "2023-10-01T13:04:42", "source": "gbif"}}, {"type": "Feature", "geometry": {"type": "Point", "coordinates": [9.664068, 44.397991]}, "properties": {"species": "porcino_comune", "label": "Porcino comune", "scientificName": "Boletus edulis", "year": 2023, "eventDate": "2023-10-03T00:00", "source": "gbif"}}, {"type": "Feature", "geometry": {"type": "Point", "coordinates": [10.411927, 43.967427]}, "properties": {"species": "porcino_comune", "label": "Porcino comune", "scientificName": "Boletus edulis", "year": 2023, "eventDate": "2023-11-12T16:01:48", "source": "gbif"}}, {"type": "Feature", "geometry": {"type": "Point", "coordinates": [11.015349, 43.058052]}, "properties": {"species": "porcino_comune", "label": "Porcino comune", "scientificName": "Boletus edulis", "year": 2023, "eventDate": "2023-11-13T10:31:48", "source": "gbif"}}, {"type": "Feature", "geometry": {"type": "Point", "coordinates": [6.676914, 45.079435]}, "properties": {"species": "porcino_comune", "label": "Porcino comune", "scientificName": "Boletus edulis", "year": 2023, "eventDate": "2023-12-02", "source": "gbif"}}, {"type": "Feature", "geometry": {"type": "Point", "coordinates": [16.060055, 40.509242]}, "properties": {"species": "porcino_comune", "label": "Porcino comune", "scientificName": "Boletus edulis", "year": 2023, "eventDate": "2023-12-05T17:55:42", "source": "gbif"}}, {"type": "Feature", "geometry": {"type": "Point", "coordinates": [7.8773, 45.640338]}, "properties": {"species": "porcino_comune", "label": "Porcino comune", "scientificName": "Boletus edulis", "year": 2022, "eventDate": "2022-07-16T15:38:53", "source": "gbif"}}, {"type": "Feature", "geometry": {"type": "Point", "coordinates": [11.564653, 46.276882]}, "properties": {"species": "porcino_comune", "label": "Porcino comune", "scientificName": "Boletus edulis", "year": 2022, "eventDate": "2022-08-14T16:55:07", "source": "gbif"}}, {"type": "Feature", "geometry": {"type": "Point", "coordinates": [11.643487, 46.295717]}, "properties": {"species": "porcino_comune", "label": "Porcino comune", "scientificName": "Boletus edulis", "year": 2022, "eventDate": "2022-08-12T15:37:26", "source": "gbif"}}, {"type": "Feature", "geometry": {"type": "Point", "coordinates": [10.664751, 44.123478]}, "properties": {"species": "porcino_comune", "label": "Porcino comune", "scientificName": "Boletus edulis", "year": 2022, "eventDate": "2022-08-31T17:15:17", "source": "gbif"}}, {"type": "Feature", "geometry": {"type": "Point", "coordinates": [11.602437, 46.312588]}, "properties": {"species": "porcino_comune", "label": "Porcino comune", "scientificName": "Boletus edulis", "year": 2022, "eventDate": "2022-08-12T17:48:28", "source": "gbif"}}, {"type": "Feature", "geometry": {"type": "Point", "coordinates": [7.629178, 44.278657]}, "properties": {"species": "porcino_comune", "label": "Porcino comune", "scientificName": "Boletus edulis", "year": 2022, "eventDate": "2022-08-25T11:25:47", "source": "gbif"}}, {"type": "Feature", "geometry": {"type": "Point", "coordinates": [12.10005, 46.312592]}, "properties": {"species": "porcino_comune", "label": "Porcino comune", "scientificName": "Boletus edulis", "year": 2022, "eventDate": "2022-08-19T09:45:13", "source": "gbif"}}, {"type": "Feature", "geometry": {"type": "Point", "coordinates": [11.154642, 45.962223]}, "properties": {"species": "porcino_comune", "label": "Porcino comune", "scientificName": "Boletus edulis", "year": 2022, "eventDate": "2022-08-22T11:38:13", "source": "gbif"}}, {"type": "Feature", "geometry": {"type": "Point", "coordinates": [11.436005, 46.14582]}, "properties": {"species": "porcino_comune", "label": "Porcino comune", "scientificName": "Boletus edulis", "year": 2022, "eventDate": "2022-08-27T09:27", "source": "gbif"}}, {"type": "Feature", "geometry": {"type": "Point", "coordinates": [11.459416, 46.160353]}, "properties": {"species": "porcino_comune", "label": "Porcino comune", "scientificName": "Boletus edulis", "year": 2022, "eventDate": "2022-08-29T15:36", "source": "gbif"}}, {"type": "Feature", "geometry": {"type": "Point", "coordinates": [7.627683, 44.277732]}, "properties": {"species": "porcino_comune", "label": "Porcino comune", "scientificName": "Boletus edulis", "year": 2022, "eventDate": "2022-08-26T16:55:43", "source": "gbif"}}, {"type": "Feature", "geometry": {"type": "Point", "coordinates": [11.74293, 43.871783]}, "properties": {"species": "porcino_comune", "label": "Porcino comune", "scientificName": "Boletus edulis", "year": 2022, "eventDate": "2022-08-27T13:40:23", "source": "gbif"}}, {"type": "Feature", "geometry": {"type": "Point", "coordinates": [7.626544, 44.277944]}, "properties": {"species": "porcino_comune", "label": "Porcino comune", "scientificName": "Boletus edulis", "year": 2022, "eventDate": "2022-08-27", "source": "gbif"}}, {"type": "Feature", "geometry": {"type": "Point", "coordinates": [15.0446, 41.229014]}, "properties": {"species": "porcino_comune", "label": "Porcino comune", "scientificName": "Boletus edulis", "year": 2022, "eventDate": "2022-08-17", "source": "gbif"}}, {"type": "Feature", "geometry": {"type": "Point", "coordinates": [12.173863, 46.790347]}, "properties": {"species": "porcino_comune", "label": "Porcino comune", "scientificName": "Boletus edulis", "year": 2022, "eventDate": "2022-08-20T13:04:31", "source": "gbif"}}, {"type": "Feature", "geometry": {"type": "Point", "coordinates": [8.779111, 46.080345]}, "properties": {"species": "porcino_comune", "label": "Porcino comune", "scientificName": "Boletus edulis", "year": 2022, "eventDate": "2022-09-07T10:27", "source": "gbif"}}, {"type": "Feature", "geometry": {"type": "Point", "coordinates": [11.435528, 46.002609]}, "properties": {"species": "porcino_comune", "label": "Porcino comune", "scientificName": "Boletus edulis", "year": 2022, "eventDate": "2022-09-10T07:53", "source": "gbif"}}, {"type": "Feature", "geometry": {"type": "Point", "coordinates": [11.0525, 46.332778]}, "properties": {"species": "porcino_comune", "label": "Porcino comune", "scientificName": "Boletus edulis", "year": 2022, "eventDate": "2022-09-03T14:59:40", "source": "gbif"}}, {"type": "Feature", "geometry": {"type": "Point", "coordinates": [13.493509, 42.513746]}, "properties": {"species": "porcino_comune", "label": "Porcino comune", "scientificName": "Boletus edulis", "year": 2022, "eventDate": "2022-09-11T16:40", "source": "gbif"}}, {"type": "Feature", "geometry": {"type": "Point", "coordinates": [11.49073, 45.901434]}, "properties": {"species": "porcino_comune", "label": "Porcino comune", "scientificName": "Boletus edulis", "year": 2022, "eventDate": "2022-09-10T10:39", "source": "gbif"}}, {"type": "Feature", "geometry": {"type": "Point", "coordinates": [11.370045, 46.128436]}, "properties": {"species": "porcino_comune", "label": "Porcino comune", "scientificName": "Boletus edulis", "year": 2022, "eventDate": "2022-09-04T14:40:41", "source": "gbif"}}, {"type": "Feature", "geometry": {"type": "Point", "coordinates": [8.428705, 45.33073]}, "properties": {"species": "porcino_comune", "label": "Porcino comune", "scientificName": "Boletus edulis", "year": 2022, "eventDate": "2022-09-25T12:48:40", "source": "gbif"}}, {"type": "Feature", "geometry": {"type": "Point", "coordinates": [11.245733, 45.956357]}, "properties": {"species": "porcino_comune", "label": "Porcino comune", "scientificName": "Boletus edulis", "year": 2022, "eventDate": "2022-09-26T14:27:10", "source": "gbif"}}, {"type": "Feature", "geometry": {"type": "Point", "coordinates": [14.364109, 41.412956]}, "properties": {"species": "porcino_comune", "label": "Porcino comune", "scientificName": "Boletus edulis", "year": 2022, "eventDate": "2022-09-13T14:33", "source": "gbif"}}, {"type": "Feature", "geometry": {"type": "Point", "coordinates": [10.374597, 46.133197]}, "properties": {"species": "porcino_comune", "label": "Porcino comune", "scientificName": "Boletus edulis", "year": 2022, "eventDate": "2022-09-16T09:27:07", "source": "gbif"}}, {"type": "Feature", "geometry": {"type": "Point", "coordinates": [15.856552, 38.201904]}, "properties": {"species": "porcino_comune", "label": "Porcino comune", "scientificName": "Boletus edulis", "year": 2022, "eventDate": "2022-09-03T20:27:46", "source": "gbif"}}, {"type": "Feature", "geometry": {"type": "Point", "coordinates": [11.402056, 45.952553]}, "properties": {"species": "porcino_comune", "label": "Porcino comune", "scientificName": "Boletus edulis", "year": 2022, "eventDate": "2022-09-10T11:37", "source": "gbif"}}, {"type": "Feature", "geometry": {"type": "Point", "coordinates": [12.522452, 41.917944]}, "properties": {"species": "porcino_comune", "label": "Porcino comune", "scientificName": "Boletus edulis", "year": 2022, "eventDate": "2022-10-21T15:08:33", "source": "gbif"}}, {"type": "Feature", "geometry": {"type": "Point", "coordinates": [9.645885, 46.020127]}, "properties": {"species": "porcino_comune", "label": "Porcino comune", "scientificName": "Boletus edulis", "year": 2022, "eventDate": "2022-10-04T21:26", "source": "gbif"}}, {"type": "Feature", "geometry": {"type": "Point", "coordinates": [9.645624, 46.020277]}, "properties": {"species": "porcino_comune", "label": "Porcino comune", "scientificName": "Boletus edulis", "year": 2022, "eventDate": "2022-10-04T21:18", "source": "gbif"}}, {"type": "Feature", "geometry": {"type": "Point", "coordinates": [10.758325, 44.10224]}, "properties": {"species": "porcino_comune", "label": "Porcino comune", "scientificName": "Boletus edulis", "year": 2022, "eventDate": "2022-10-09T10:44:20", "source": "gbif"}}, {"type": "Feature", "geometry": {"type": "Point", "coordinates": [7.377199, 44.982545]}, "properties": {"species": "porcino_comune", "label": "Porcino comune", "scientificName": "Boletus edulis", "year": 2022, "eventDate": "2022-11-13T09:41", "source": "gbif"}}, {"type": "Feature", "geometry": {"type": "Point", "coordinates": [8.415205, 45.651699]}, "properties": {"species": "porcino_comune", "label": "Porcino comune", "scientificName": "Boletus edulis", "year": 2021, "eventDate": "2021-07-17T12:36:41", "source": "gbif"}}, {"type": "Feature", "geometry": {"type": "Point", "coordinates": [11.518947, 46.279556]}, "properties": {"species": "porcino_comune", "label": "Porcino comune", "scientificName": "Boletus edulis", "year": 2021, "eventDate": "2021-07-28T22:03:33", "source": "gbif"}}, {"type": "Feature", "geometry": {"type": "Point", "coordinates": [11.514046, 46.27935]}, "properties": {"species": "porcino_comune", "label": "Porcino comune", "scientificName": "Boletus edulis", "year": 2021, "eventDate": "2021-07-25T11:32:06", "source": "gbif"}}, {"type": "Feature", "geometry": {"type": "Point", "coordinates": [11.517261, 46.282683]}, "properties": {"species": "porcino_comune", "label": "Porcino comune", "scientificName": "Boletus edulis", "year": 2021, "eventDate": "2021-07-26T17:16:24", "source": "gbif"}}, {"type": "Feature", "geometry": {"type": "Point", "coordinates": [11.006267, 46.17214]}, "properties": {"species": "porcino_comune", "label": "Porcino comune", "scientificName": "Boletus edulis", "year": 2021, "eventDate": "2021-07-31T16:14:53", "source": "gbif"}}, {"type": "Feature", "geometry": {"type": "Point", "coordinates": [11.726849, 46.83421]}, "properties": {"species": "porcino_comune", "label": "Porcino comune", "scientificName": "Boletus edulis", "year": 2021, "eventDate": "2021-07-26T12:41:38", "source": "gbif"}}, {"type": "Feature", "geometry": {"type": "Point", "coordinates": [12.105447, 46.883328]}, "properties": {"species": "porcino_comune", "label": "Porcino comune", "scientificName": "Boletus edulis", "year": 2021, "eventDate": "2021-08-07T11:51:55Z", "source": "gbif"}}, {"type": "Feature", "geometry": {"type": "Point", "coordinates": [11.191858, 46.466196]}, "properties": {"species": "porcino_comune", "label": "Porcino comune", "scientificName": "Boletus edulis", "year": 2021, "eventDate": "2021-08-17T12:35", "source": "gbif"}}, {"type": "Feature", "geometry": {"type": "Point", "coordinates": [11.743114, 46.842363]}, "properties": {"species": "porcino_comune", "label": "Porcino comune", "scientificName": "Boletus edulis", "year": 2021, "eventDate": "2021-08-07T15:41:30", "source": "gbif"}}, {"type": "Feature", "geometry": {"type": "Point", "coordinates": [11.490841, 46.281667]}, "properties": {"species": "porcino_comune", "label": "Porcino comune", "scientificName": "Boletus edulis", "year": 2021, "eventDate": "2021-08-04T08:51Z", "source": "gbif"}}, {"type": "Feature", "geometry": {"type": "Point", "coordinates": [9.980331, 46.198828]}, "properties": {"species": "porcino_comune", "label": "Porcino comune", "scientificName": "Boletus edulis", "year": 2021, "eventDate": "2021-08-18T12:24:22", "source": "gbif"}}, {"type": "Feature", "geometry": {"type": "Point", "coordinates": [11.235, 46.647]}, "properties": {"species": "porcino_comune", "label": "Porcino comune", "scientificName": "Boletus edulis", "year": 2021, "eventDate": "2021-08-21T10:22", "source": "gbif"}}, {"type": "Feature", "geometry": {"type": "Point", "coordinates": [10.499851, 46.405066]}, "properties": {"species": "porcino_comune", "label": "Porcino comune", "scientificName": "Boletus edulis", "year": 2021, "eventDate": "2021-08-19T15:48", "source": "gbif"}}, {"type": "Feature", "geometry": {"type": "Point", "coordinates": [10.087153, 46.130761]}, "properties": {"species": "porcino_comune", "label": "Porcino comune", "scientificName": "Boletus edulis", "year": 2021, "eventDate": "2021-08-19T18:23:26", "source": "gbif"}}, {"type": "Feature", "geometry": {"type": "Point", "coordinates": [8.080183, 45.678904]}, "properties": {"species": "porcino_comune", "label": "Porcino comune", "scientificName": "Boletus edulis", "year": 2021, "eventDate": "2021-08-21T09:59:07", "source": "gbif"}}, {"type": "Feature", "geometry": {"type": "Point", "coordinates": [10.502205, 46.246975]}, "properties": {"species": "porcino_comune", "label": "Porcino comune", "scientificName": "Boletus edulis", "year": 2021, "eventDate": "2021-08-28T15:21:28", "source": "gbif"}}, {"type": "Feature", "geometry": {"type": "Point", "coordinates": [13.664197, 46.4761]}, "properties": {"species": "porcino_comune", "label": "Porcino comune", "scientificName": "Boletus edulis", "year": 2021, "eventDate": "2021-08-16T14:10:32", "source": "gbif"}}, {"type": "Feature", "geometry": {"type": "Point", "coordinates": [11.32443, 46.808079]}, "properties": {"species": "porcino_comune", "label": "Porcino comune", "scientificName": "Boletus edulis", "year": 2021, "eventDate": "2021-08-20T12:03", "source": "gbif"}}, {"type": "Feature", "geometry": {"type": "Point", "coordinates": [10.19005, 46.129364]}, "properties": {"species": "porcino_comune", "label": "Porcino comune", "scientificName": "Boletus edulis", "year": 2021, "eventDate": "2021-08-15T10:42:35", "source": "gbif"}}, {"type": "Feature", "geometry": {"type": "Point", "coordinates": [11.306082, 46.175701]}, "properties": {"species": "porcino_comune", "label": "Porcino comune", "scientificName": "Boletus edulis", "year": 2021, "eventDate": "2021-08-20", "source": "gbif"}}, {"type": "Feature", "geometry": {"type": "Point", "coordinates": [11.216667, 46.622222]}, "properties": {"species": "porcino_comune", "label": "Porcino comune", "scientificName": "Boletus edulis", "year": 2021, "eventDate": "2021-08-24T12:17:57", "source": "gbif"}}, {"type": "Feature", "geometry": {"type": "Point", "coordinates": [11.736974, 46.162521]}, "properties": {"species": "porcino_comune", "label": "Porcino comune", "scientificName": "Boletus edulis", "year": 2021, "eventDate": "2021-09-17T09:42", "source": "gbif"}}, {"type": "Feature", "geometry": {"type": "Point", "coordinates": [8.086894, 44.655595]}, "properties": {"species": "porcino_comune", "label": "Porcino comune", "scientificName": "Boletus edulis", "year": 2021, "eventDate": "2021-09-11T12:19", "source": "gbif"}}, {"type": "Feature", "geometry": {"type": "Point", "coordinates": [8.118615, 45.703657]}, "properties": {"species": "porcino_comune", "label": "Porcino comune", "scientificName": "Boletus edulis", "year": 2021, "eventDate": "2021-09-14T10:48:22", "source": "gbif"}}, {"type": "Feature", "geometry": {"type": "Point", "coordinates": [15.112543, 37.735698]}, "properties": {"species": "porcino_comune", "label": "Porcino comune", "scientificName": "Boletus edulis", "year": 2021, "eventDate": "2021-09-30T08:25:08", "source": "gbif"}}, {"type": "Feature", "geometry": {"type": "Point", "coordinates": [15.872971, 38.187344]}, "properties": {"species": "porcino_comune", "label": "Porcino comune", "scientificName": "Boletus edulis", "year": 2021, "eventDate": "2021-09-23T11:30", "source": "gbif"}}, {"type": "Feature", "geometry": {"type": "Point", "coordinates": [11.187878, 46.823963]}, "properties": {"species": "porcino_comune", "label": "Porcino comune", "scientificName": "Boletus edulis", "year": 2021, "eventDate": "2021-09-07", "source": "gbif"}}, {"type": "Feature", "geometry": {"type": "Point", "coordinates": [7.798293, 44.284976]}, "properties": {"species": "porcino_comune", "label": "Porcino comune", "scientificName": "Boletus edulis", "year": 2021, "eventDate": "2021-10-11T10:37", "source": "gbif"}}, {"type": "Feature", "geometry": {"type": "Point", "coordinates": [7.797107, 44.280158]}, "properties": {"species": "porcino_comune", "label": "Porcino comune", "scientificName": "Boletus edulis", "year": 2021, "eventDate": "2021-10-11T11:43", "source": "gbif"}}, {"type": "Feature", "geometry": {"type": "Point", "coordinates": [7.784719, 44.291197]}, "properties": {"species": "porcino_comune", "label": "Porcino comune", "scientificName": "Boletus edulis", "year": 2021, "eventDate": "2021-10-11T11:47", "source": "gbif"}}, {"type": "Feature", "geometry": {"type": "Point", "coordinates": [7.795467, 44.285176]}, "properties": {"species": "porcino_comune", "label": "Porcino comune", "scientificName": "Boletus edulis", "year": 2021, "eventDate": "2021-10-11T11:24", "source": "gbif"}}, {"type": "Feature", "geometry": {"type": "Point", "coordinates": [10.133726, 46.116031]}, "properties": {"species": "porcino_comune", "label": "Porcino comune", "scientificName": "Boletus edulis", "year": 2021, "eventDate": "2021-10-03T16:45:13", "source": "gbif"}}, {"type": "Feature", "geometry": {"type": "Point", "coordinates": [7.331179, 44.893602]}, "properties": {"species": "porcino_comune", "label": "Porcino comune", "scientificName": "Boletus edulis", "year": 2021, "eventDate": "2021-10-24T00:00:53", "source": "gbif"}}, {"type": "Feature", "geometry": {"type": "Point", "coordinates": [9.593699, 46.001831]}, "properties": {"species": "porcino_comune", "label": "Porcino comune", "scientificName": "Boletus edulis", "year": 2021, "eventDate": "2021-10-14T17:10", "source": "gbif"}}, {"type": "Feature", "geometry": {"type": "Point", "coordinates": [10.090747, 46.140988]}, "properties": {"species": "porcino_comune", "label": "Porcino comune", "scientificName": "Boletus edulis", "year": 2021, "eventDate": "2021-10-11T14:20:34Z", "source": "gbif"}}, {"type": "Feature", "geometry": {"type": "Point", "coordinates": [8.588079, 45.674806]}, "properties": {"species": "porcino_comune", "label": "Porcino comune", "scientificName": "Boletus edulis", "year": 2021, "eventDate": "2021-10-30T11:06:05", "source": "gbif"}}, {"type": "Feature", "geometry": {"type": "Point", "coordinates": [10.842132, 46.41494]}, "properties": {"species": "porcino_comune", "label": "Porcino comune", "scientificName": "Boletus edulis", "year": 2020, "eventDate": "2020-06-13T09:07", "source": "gbif"}}, {"type": "Feature", "geometry": {"type": "Point", "coordinates": [15.104885, 40.776014]}, "properties": {"species": "porcino_comune", "label": "Porcino comune", "scientificName": "Boletus edulis", "year": 2020, "eventDate": "2020-06-28T10:56:05", "source": "gbif"}}, {"type": "Feature", "geometry": {"type": "Point", "coordinates": [15.107776, 40.784725]}, "properties": {"species": "porcino_comune", "label": "Porcino comune", "scientificName": "Boletus edulis", "year": 2020, "eventDate": "2020-06-28T11:24:13", "source": "gbif"}}, {"type": "Feature", "geometry": {"type": "Point", "coordinates": [12.522842, 46.565835]}, "properties": {"species": "porcino_comune", "label": "Porcino comune", "scientificName": "Boletus edulis", "year": 2020, "eventDate": "2020-07-17T07:41:45Z", "source": "gbif"}}, {"type": "Feature", "geometry": {"type": "Point", "coordinates": [11.71952, 46.547795]}, "properties": {"species": "porcino_comune", "label": "Porcino comune", "scientificName": "Boletus edulis", "year": 2020, "eventDate": "2020-07-31T16:38:15", "source": "gbif"}}, {"type": "Feature", "geometry": {"type": "Point", "coordinates": [11.355039, 46.865855]}, "properties": {"species": "porcino_comune", "label": "Porcino comune", "scientificName": "Boletus edulis", "year": 2020, "eventDate": "2020-07-26T10:55", "source": "gbif"}}, {"type": "Feature", "geometry": {"type": "Point", "coordinates": [11.973608, 46.808462]}, "properties": {"species": "porcino_comune", "label": "Porcino comune", "scientificName": "Boletus edulis", "year": 2020, "eventDate": "2020-07-22T11:14:38", "source": "gbif"}}, {"type": "Feature", "geometry": {"type": "Point", "coordinates": [10.992463, 46.178174]}, "properties": {"species": "porcino_comune", "label": "Porcino comune", "scientificName": "Boletus edulis", "year": 2020, "eventDate": "2020-07-18T09:12", "source": "gbif"}}, {"type": "Feature", "geometry": {"type": "Point", "coordinates": [11.051236, 46.171697]}, "properties": {"species": "porcino_comune", "label": "Porcino comune", "scientificName": "Boletus edulis", "year": 2020, "eventDate": "2020-07-31T09:38:49", "source": "gbif"}}, {"type": "Feature", "geometry": {"type": "Point", "coordinates": [11.757459, 46.780931]}, "properties": {"species": "porcino_comune", "label": "Porcino comune", "scientificName": "Boletus edulis", "year": 2020, "eventDate": "2020-07-30T10:21", "source": "gbif"}}, {"type": "Feature", "geometry": {"type": "Point", "coordinates": [11.286125, 46.146903]}, "properties": {"species": "porcino_comune", "label": "Porcino comune", "scientificName": "Boletus edulis", "year": 2020, "eventDate": "2020-07-27T12:49:39", "source": "gbif"}}, {"type": "Feature", "geometry": {"type": "Point", "coordinates": [12.106846, 46.745228]}, "properties": {"species": "porcino_comune", "label": "Porcino comune", "scientificName": "Boletus edulis", "year": 2020, "eventDate": "2020-08-03T15:51:20", "source": "gbif"}}, {"type": "Feature", "geometry": {"type": "Point", "coordinates": [10.822379, 46.336867]}, "properties": {"species": "porcino_comune", "label": "Porcino comune", "scientificName": "Boletus edulis", "year": 2020, "eventDate": "2020-08-06T14:07:58", "source": "gbif"}}, {"type": "Feature", "geometry": {"type": "Point", "coordinates": [10.367212, 46.191626]}, "properties": {"species": "porcino_comune", "label": "Porcino comune", "scientificName": "Boletus edulis", "year": 2020, "eventDate": "2020-09-13T08:34:05", "source": "gbif"}}, {"type": "Feature", "geometry": {"type": "Point", "coordinates": [9.567682, 46.169464]}, "properties": {"species": "porcino_comune", "label": "Porcino comune", "scientificName": "Boletus edulis", "year": 2020, "eventDate": "2020-09-12T08:16:26", "source": "gbif"}}, {"type": "Feature", "geometry": {"type": "Point", "coordinates": [9.209362, 46.033568]}, "properties": {"species": "porcino_comune", "label": "Porcino comune", "scientificName": "Boletus edulis", "year": 2020, "eventDate": "2020-09-13T09:26:32", "source": "gbif"}}, {"type": "Feature", "geometry": {"type": "Point", "coordinates": [11.458543, 46.314547]}, "properties": {"species": "porcino_comune", "label": "Porcino comune", "scientificName": "Boletus edulis", "year": 2020, "eventDate": "2020-09-11T11:33:18", "source": "gbif"}}, {"type": "Feature", "geometry": {"type": "Point", "coordinates": [10.367487, 46.191926]}, "properties": {"species": "porcino_comune", "label": "Porcino comune", "scientificName": "Boletus edulis", "year": 2020, "eventDate": "2020-09-13T08:51:53", "source": "gbif"}}, {"type": "Feature", "geometry": {"type": "Point", "coordinates": [9.209362, 46.033568]}, "properties": {"species": "porcino_comune", "label": "Porcino comune", "scientificName": "Boletus edulis", "year": 2020, "eventDate": "2020-09-17T08:07:12", "source": "gbif"}}, {"type": "Feature", "geometry": {"type": "Point", "coordinates": [8.777312, 46.082536]}, "properties": {"species": "porcino_comune", "label": "Porcino comune", "scientificName": "Boletus edulis", "year": 2020, "eventDate": "2020-09-15T08:46", "source": "gbif"}}, {"type": "Feature", "geometry": {"type": "Point", "coordinates": [9.614872, 45.950499]}, "properties": {"species": "porcino_comune", "label": "Porcino comune", "scientificName": "Boletus edulis", "year": 2020, "eventDate": "2020-09-20T16:03", "source": "gbif"}}, {"type": "Feature", "geometry": {"type": "Point", "coordinates": [9.209362, 46.033568]}, "properties": {"species": "porcino_comune", "label": "Porcino comune", "scientificName": "Boletus edulis", "year": 2020, "eventDate": "2020-09-19T15:45:55", "source": "gbif"}}, {"type": "Feature", "geometry": {"type": "Point", "coordinates": [10.029207, 46.254864]}, "properties": {"species": "porcino_comune", "label": "Porcino comune", "scientificName": "Boletus edulis", "year": 2020, "eventDate": "2020-09-20T07:10:52", "source": "gbif"}}, {"type": "Feature", "geometry": {"type": "Point", "coordinates": [10.847966, 46.318599]}, "properties": {"species": "porcino_comune", "label": "Porcino comune", "scientificName": "Boletus edulis", "year": 2020, "eventDate": "2020-09-07T18:29:01", "source": "gbif"}}, {"type": "Feature", "geometry": {"type": "Point", "coordinates": [7.365514, 44.462001]}, "properties": {"species": "porcino_comune", "label": "Porcino comune", "scientificName": "Boletus edulis", "year": 2020, "eventDate": "2020-09-26T20:57:46", "source": "gbif"}}, {"type": "Feature", "geometry": {"type": "Point", "coordinates": [11.183797, 46.464152]}, "properties": {"species": "porcino_comune", "label": "Porcino comune", "scientificName": "Boletus edulis", "year": 2020, "eventDate": "2020-09-27T11:46", "source": "gbif"}}, {"type": "Feature", "geometry": {"type": "Point", "coordinates": [8.777312, 46.082536]}, "properties": {"species": "porcino_comune", "label": "Porcino comune", "scientificName": "Boletus edulis", "year": 2020, "eventDate": "2020-09-15T09:33", "source": "gbif"}}, {"type": "Feature", "geometry": {"type": "Point", "coordinates": [13.019768, 46.529479]}, "properties": {"species": "porcino_comune", "label": "Porcino comune", "scientificName": "Boletus edulis", "year": 2020, "eventDate": "2020-09-03T18:13", "source": "gbif"}}, {"type": "Feature", "geometry": {"type": "Point", "coordinates": [13.019768, 46.529479]}, "properties": {"species": "porcino_comune", "label": "Porcino comune", "scientificName": "Boletus edulis", "year": 2020, "eventDate": "2020-09-03T16:47", "source": "gbif"}}, {"type": "Feature", "geometry": {"type": "Point", "coordinates": [13.019768, 46.529479]}, "properties": {"species": "porcino_comune", "label": "Porcino comune", "scientificName": "Boletus edulis", "year": 2020, "eventDate": "2020-09-03T15:58", "source": "gbif"}}, {"type": "Feature", "geometry": {"type": "Point", "coordinates": [13.019768, 46.529479]}, "properties": {"species": "porcino_comune", "label": "Porcino comune", "scientificName": "Boletus edulis", "year": 2020, "eventDate": "2020-09-03T16:01", "source": "gbif"}}, {"type": "Feature", "geometry": {"type": "Point", "coordinates": [13.019768, 46.529479]}, "properties": {"species": "porcino_comune", "label": "Porcino comune", "scientificName": "Boletus edulis", "year": 2020, "eventDate": "2020-09-03T16:01", "source": "gbif"}}, {"type": "Feature", "geometry": {"type": "Point", "coordinates": [10.531298, 45.994036]}, "properties": {"species": "porcino_comune", "label": "Porcino comune", "scientificName": "Boletus edulis", "year": 2020, "eventDate": "2020-09-20T08:02", "source": "gbif"}}, {"type": "Feature", "geometry": {"type": "Point", "coordinates": [13.019768, 46.529479]}, "properties": {"species": "porcino_comune", "label": "Porcino comune", "scientificName": "Boletus edulis", "year": 2020, "eventDate": "2020-09-03T15:39", "source": "gbif"}}, {"type": "Feature", "geometry": {"type": "Point", "coordinates": [9.84472, 46.163386]}, "properties": {"species": "porcino_comune", "label": "Porcino comune", "scientificName": "Boletus edulis", "year": 2020, "eventDate": "2020-09-19T14:48:50", "source": "gbif"}}, {"type": "Feature", "geometry": {"type": "Point", "coordinates": [10.020743, 44.400847]}, "properties": {"species": "porcino_comune", "label": "Porcino comune", "scientificName": "Boletus edulis", "year": 2020, "eventDate": "2020-09-19T12:19:33", "source": "gbif"}}, {"type": "Feature", "geometry": {"type": "Point", "coordinates": [8.405359, 46.237869]}, "properties": {"species": "porcino_comune", "label": "Porcino comune", "scientificName": "Boletus edulis", "year": 2020, "eventDate": "2020-09-27T09:48:13", "source": "gbif"}}, {"type": "Feature", "geometry": {"type": "Point", "coordinates": [11.500807, 46.601385]}, "properties": {"species": "porcino_comune", "label": "Porcino comune", "scientificName": "Boletus edulis", "year": 2020, "eventDate": "2020-09-02T12:42Z", "source": "gbif"}}, {"type": "Feature", "geometry": {"type": "Point", "coordinates": [10.135666, 44.075616]}, "properties": {"species": "porcino_comune", "label": "Porcino comune", "scientificName": "Boletus edulis", "year": 2020, "eventDate": "2020-09-01T11:47", "source": "gbif"}}, {"type": "Feature", "geometry": {"type": "Point", "coordinates": [11.03793, 46.023286]}, "properties": {"species": "porcino_comune", "label": "Porcino comune", "scientificName": "Boletus edulis", "year": 2020, "eventDate": "2020-10-02T18:16:32", "source": "gbif"}}, {"type": "Feature", "geometry": {"type": "Point", "coordinates": [8.5061, 45.769493]}, "properties": {"species": "porcino_comune", "label": "Porcino comune", "scientificName": "Boletus edulis", "year": 2020, "eventDate": "2020-10-07T10:06:17", "source": "gbif"}}, {"type": "Feature", "geometry": {"type": "Point", "coordinates": [14.216272, 41.932231]}, "properties": {"species": "porcino_comune", "label": "Porcino comune", "scientificName": "Boletus edulis", "year": 2020, "eventDate": "2020-10-18T13:00", "source": "gbif"}}, {"type": "Feature", "geometry": {"type": "Point", "coordinates": [12.975238, 41.584598]}, "properties": {"species": "porcino_comune", "label": "Porcino comune", "scientificName": "Boletus edulis", "year": 2020, "eventDate": "2020-10-13T08:56:20", "source": "gbif"}}, {"type": "Feature", "geometry": {"type": "Point", "coordinates": [10.378652, 46.244679]}, "properties": {"species": "porcino_comune", "label": "Porcino comune", "scientificName": "Boletus edulis", "year": 2019, "eventDate": "2019-08-19T16:58:15", "source": "gbif"}}, {"type": "Feature", "geometry": {"type": "Point", "coordinates": [10.365371, 46.090705]}, "properties": {"species": "porcino_comune", "label": "Porcino comune", "scientificName": "Boletus edulis", "year": 2019, "eventDate": "2019-08-21T16:14", "source": "gbif"}}, {"type": "Feature", "geometry": {"type": "Point", "coordinates": [11.63542, 46.207073]}, "properties": {"species": "porcino_comune", "label": "Porcino comune", "scientificName": "Boletus edulis", "year": 2019, "eventDate": "2019-08-16T10:33", "source": "gbif"}}, {"type": "Feature", "geometry": {"type": "Point", "coordinates": [10.734355, 46.3386]}, "properties": {"species": "porcino_comune", "label": "Porcino comune", "scientificName": "Boletus edulis", "year": 2019, "eventDate": "2019-08-24T19:00", "source": "gbif"}}, {"type": "Feature", "geometry": {"type": "Point", "coordinates": [9.544753, 46.093743]}, "properties": {"species": "porcino_comune", "label": "Porcino comune", "scientificName": "Boletus edulis", "year": 2019, "eventDate": "2019-08-21T08:39:06", "source": "gbif"}}, {"type": "Feature", "geometry": {"type": "Point", "coordinates": [12.874658, 46.192587]}, "properties": {"species": "porcino_comune", "label": "Porcino comune", "scientificName": "Boletus edulis", "year": 2019, "eventDate": "2019-08-13T14:30:56", "source": "gbif"}}, {"type": "Feature", "geometry": {"type": "Point", "coordinates": [9.49204, 46.125363]}, "properties": {"species": "porcino_comune", "label": "Porcino comune", "scientificName": "Boletus edulis", "year": 2019, "eventDate": "2019-08-30T13:43:41Z", "source": "gbif"}}, {"type": "Feature", "geometry": {"type": "Point", "coordinates": [11.590797, 46.699258]}, "properties": {"species": "porcino_comune", "label": "Porcino comune", "scientificName": "Boletus edulis", "year": 2019, "eventDate": "2019-08-22T09:46:29", "source": "gbif"}}, {"type": "Feature", "geometry": {"type": "Point", "coordinates": [10.188528, 46.137428]}, "properties": {"species": "porcino_comune", "label": "Porcino comune", "scientificName": "Boletus edulis", "year": 2019, "eventDate": "2019-08-14T10:43:52", "source": "gbif"}}, {"type": "Feature", "geometry": {"type": "Point", "coordinates": [11.526501, 46.169849]}, "properties": {"species": "porcino_comune", "label": "Porcino comune", "scientificName": "Boletus edulis", "year": 2019, "eventDate": "2019-08-24T09:50:54", "source": "gbif"}}, {"type": "Feature", "geometry": {"type": "Point", "coordinates": [10.140128, 46.1353]}, "properties": {"species": "porcino_comune", "label": "Porcino comune", "scientificName": "Boletus edulis", "year": 2019, "eventDate": "2019-08-17T16:12:43", "source": "gbif"}}, {"type": "Feature", "geometry": {"type": "Point", "coordinates": [11.654103, 46.426772]}, "properties": {"species": "porcino_comune", "label": "Porcino comune", "scientificName": "Boletus edulis", "year": 2019, "eventDate": "2019-09-04T15:05:58", "source": "gbif"}}, {"type": "Feature", "geometry": {"type": "Point", "coordinates": [10.389382, 46.264049]}, "properties": {"species": "porcino_comune", "label": "Porcino comune", "scientificName": "Boletus edulis", "year": 2019, "eventDate": "2019-09-05T16:54", "source": "gbif"}}, {"type": "Feature", "geometry": {"type": "Point", "coordinates": [9.553447, 46.100656]}, "properties": {"species": "porcino_comune", "label": "Porcino comune", "scientificName": "Boletus edulis", "year": 2019, "eventDate": "2019-09-12T15:36", "source": "gbif"}}, {"type": "Feature", "geometry": {"type": "Point", "coordinates": [7.374655, 45.191414]}, "properties": {"species": "porcino_comune", "label": "Porcino comune", "scientificName": "Boletus edulis", "year": 2019, "eventDate": "2019-09-29T12:48:38", "source": "gbif"}}, {"type": "Feature", "geometry": {"type": "Point", "coordinates": [10.74073, 46.336246]}, "properties": {"species": "porcino_comune", "label": "Porcino comune", "scientificName": "Boletus edulis", "year": 2019, "eventDate": "2019-09-02", "source": "gbif"}}, {"type": "Feature", "geometry": {"type": "Point", "coordinates": [10.821325, 44.082603]}, "properties": {"species": "porcino_comune", "label": "Porcino comune", "scientificName": "Boletus edulis", "year": 2019, "eventDate": "2019-09-16", "source": "gbif"}}, {"type": "Feature", "geometry": {"type": "Point", "coordinates": [16.035447, 39.813308]}, "properties": {"species": "porcino_comune", "label": "Porcino comune", "scientificName": "Boletus edulis", "year": 2019, "eventDate": "2019-09-21T13:17", "source": "gbif"}}, {"type": "Feature", "geometry": {"type": "Point", "coordinates": [8.760969, 44.560586]}, "properties": {"species": "porcino_comune", "label": "Porcino comune", "scientificName": "Boletus edulis", "year": 2019, "eventDate": "2019-10-12T11:05:12", "source": "gbif"}}, {"type": "Feature", "geometry": {"type": "Point", "coordinates": [9.645915, 44.362396]}, "properties": {"species": "porcino_comune", "label": "Porcino comune", "scientificName": "Boletus edulis", "year": 2019, "eventDate": "2019-10-07T00:00", "source": "gbif"}}, {"type": "Feature", "geometry": {"type": "Point", "coordinates": [9.664068, 44.397991]}, "properties": {"species": "porcino_comune", "label": "Porcino comune", "scientificName": "Boletus edulis", "year": 2019, "eventDate": "2019-10-08T00:00", "source": "gbif"}}, {"type": "Feature", "geometry": {"type": "Point", "coordinates": [9.525419, 44.39603]}, "properties": {"species": "porcino_comune", "label": "Porcino comune", "scientificName": "Boletus edulis", "year": 2019, "eventDate": "2019-10-09T00:00", "source": "gbif"}}, {"type": "Feature", "geometry": {"type": "Point", "coordinates": [10.910277, 44.059723]}, "properties": {"species": "porcino_comune", "label": "Porcino comune", "scientificName": "Boletus edulis", "year": 2019, "eventDate": "2019-10-12T12:29:48", "source": "gbif"}}, {"type": "Feature", "geometry": {"type": "Point", "coordinates": [11.185278, 46.187778]}, "properties": {"species": "porcino_comune", "label": "Porcino comune", "scientificName": "Boletus edulis", "year": 2019, "eventDate": "2019-11-01T11:58:40", "source": "gbif"}}, {"type": "Feature", "geometry": {"type": "Point", "coordinates": [11.601743, 45.872911]}, "properties": {"species": "porcino_comune", "label": "Porcino comune", "scientificName": "Boletus edulis", "year": 2018, "eventDate": "2018-07-18T10:16", "source": "gbif"}}, {"type": "Feature", "geometry": {"type": "Point", "coordinates": [9.975168, 45.961498]}, "properties": {"species": "porcino_comune", "label": "Porcino comune", "scientificName": "Boletus edulis", "year": 2018, "eventDate": "2018-08-28T12:07:06", "source": "gbif"}}, {"type": "Feature", "geometry": {"type": "Point", "coordinates": [9.499261, 46.327152]}, "properties": {"species": "porcino_comune", "label": "Porcino comune", "scientificName": "Boletus edulis", "year": 2018, "eventDate": "2018-08-22T09:48:17", "source": "gbif"}}, {"type": "Feature", "geometry": {"type": "Point", "coordinates": [9.572629, 46.037511]}, "properties": {"species": "porcino_comune", "label": "Porcino comune", "scientificName": "Boletus edulis", "year": 2018, "eventDate": "2018-08-20T09:30", "source": "gbif"}}, {"type": "Feature", "geometry": {"type": "Point", "coordinates": [6.969571, 44.368033]}, "properties": {"species": "porcino_comune", "label": "Porcino comune", "scientificName": "Boletus edulis", "year": 2018, "eventDate": "2018-08-24T15:28", "source": "gbif"}}, {"type": "Feature", "geometry": {"type": "Point", "coordinates": [11.526465, 45.927047]}, "properties": {"species": "porcino_comune", "label": "Porcino comune", "scientificName": "Boletus edulis", "year": 2018, "eventDate": "2018-08-07T12:47:56", "source": "gbif"}}, {"type": "Feature", "geometry": {"type": "Point", "coordinates": [11.378439, 45.921344]}, "properties": {"species": "porcino_comune", "label": "Porcino comune", "scientificName": "Boletus edulis", "year": 2018, "eventDate": "2018-08-02T17:17", "source": "gbif"}}, {"type": "Feature", "geometry": {"type": "Point", "coordinates": [10.015002, 44.411085]}, "properties": {"species": "porcino_comune", "label": "Porcino comune", "scientificName": "Boletus edulis", "year": 2018, "eventDate": "2018-09-30T12:03", "source": "gbif"}}, {"type": "Feature", "geometry": {"type": "Point", "coordinates": [11.631399, 46.608646]}, "properties": {"species": "porcino_comune", "label": "Porcino comune", "scientificName": "Boletus edulis", "year": 2018, "eventDate": "2018-09-06T10:37", "source": "gbif"}}, {"type": "Feature", "geometry": {"type": "Point", "coordinates": [8.622933, 40.164944]}, "properties": {"species": "porcino_comune", "label": "Porcino comune", "scientificName": "Boletus edulis", "year": 2018, "eventDate": "2018-11-06T12:56:56", "source": "gbif"}}, {"type": "Feature", "geometry": {"type": "Point", "coordinates": [11.153427, 45.95511]}, "properties": {"species": "porcino_comune", "label": "Porcino comune", "scientificName": "Boletus edulis", "year": 2017, "eventDate": "2017-07-11T10:42:45", "source": "gbif"}}, {"type": "Feature", "geometry": {"type": "Point", "coordinates": [7.285183, 45.687539]}, "properties": {"species": "porcino_comune", "label": "Porcino comune", "scientificName": "Boletus edulis", "year": 2017, "eventDate": "2017-08-07T18:13:36", "source": "gbif"}}, {"type": "Feature", "geometry": {"type": "Point", "coordinates": [7.715605, 45.777095]}, "properties": {"species": "porcino_comune", "label": "Porcino comune", "scientificName": "Boletus edulis", "year": 2017, "eventDate": "2017-08-23T10:56:56", "source": "gbif"}}, {"type": "Feature", "geometry": {"type": "Point", "coordinates": [11.891542, 46.382467]}, "properties": {"species": "porcino_comune", "label": "Porcino comune", "scientificName": "Boletus edulis", "year": 2017, "eventDate": "2017-08-20T07:13:13Z", "source": "gbif"}}, {"type": "Feature", "geometry": {"type": "Point", "coordinates": [11.709881, 46.418393]}, "properties": {"species": "porcino_comune", "label": "Porcino comune", "scientificName": "Boletus edulis", "year": 2017, "eventDate": "2017-09-05T14:58", "source": "gbif"}}, {"type": "Feature", "geometry": {"type": "Point", "coordinates": [9.525419, 44.39603]}, "properties": {"species": "porcino_comune", "label": "Porcino comune", "scientificName": "Boletus edulis", "year": 2017, "eventDate": "2017-10-17T00:00", "source": "gbif"}}, {"type": "Feature", "geometry": {"type": "Point", "coordinates": [9.647425, 44.339043]}, "properties": {"species": "porcino_comune", "label": "Porcino comune", "scientificName": "Boletus edulis", "year": 2017, "eventDate": "2017-10-20T00:00", "source": "gbif"}}, {"type": "Feature", "geometry": {"type": "Point", "coordinates": [11.341938, 46.639808]}, "properties": {"species": "porcino_comune", "label": "Porcino comune", "scientificName": "Boletus edulis", "year": 2016, "eventDate": "2016-07-30T09:38:55", "source": "gbif"}}, {"type": "Feature", "geometry": {"type": "Point", "coordinates": [12.47, 46.37]}, "properties": {"species": "porcino_comune", "label": "Porcino comune", "scientificName": "Boletus edulis", "year": 2016, "eventDate": "2016-08-19", "source": "gbif"}}, {"type": "Feature", "geometry": {"type": "Point", "coordinates": [12.202417, 46.748904]}, "properties": {"species": "porcino_comune", "label": "Porcino comune", "scientificName": "Boletus edulis", "year": 2016, "eventDate": "2016-08-30T12:48:58", "source": "gbif"}}, {"type": "Feature", "geometry": {"type": "Point", "coordinates": [10.194368, 45.767659]}, "properties": {"species": "porcino_comune", "label": "Porcino comune", "scientificName": "Boletus edulis", "year": 2016, "eventDate": "2016-09-09T19:18:17", "source": "gbif"}}, {"type": "Feature", "geometry": {"type": "Point", "coordinates": [11.307571, 46.663735]}, "properties": {"species": "porcino_comune", "label": "Porcino comune", "scientificName": "Boletus edulis", "year": 2015, "eventDate": "2015-08-02T10:54", "source": "gbif"}}, {"type": "Feature", "geometry": {"type": "Point", "coordinates": [9.68275, 44.135017]}, "properties": {"species": "porcino_comune", "label": "Porcino comune", "scientificName": "Boletus edulis", "year": 2015, "eventDate": "2015-09-26T00:11:15", "source": "gbif"}}, {"type": "Feature", "geometry": {"type": "Point", "coordinates": [8.348384, 46.197463]}, "properties": {"species": "porcino_comune", "label": "Porcino comune", "scientificName": "Boletus edulis", "year": 2015, "eventDate": "2015-09-02T15:33:12", "source": "gbif"}}, {"type": "Feature", "geometry": {"type": "Point", "coordinates": [8.381188, 46.225766]}, "properties": {"species": "porcino_comune", "label": "Porcino comune", "scientificName": "Boletus edulis", "year": 2015, "eventDate": "2015-09-23T17:42", "source": "gbif"}}, {"type": "Feature", "geometry": {"type": "Point", "coordinates": [8.108994, 44.213273]}, "properties": {"species": "porcino_comune", "label": "Porcino comune", "scientificName": "Boletus edulis", "year": 2015, "eventDate": "2015-10-22T09:10", "source": "gbif"}}, {"type": "Feature", "geometry": {"type": "Point", "coordinates": [8.266738, 46.115899]}, "properties": {"species": "porcino_comune", "label": "Porcino comune", "scientificName": "Boletus edulis", "year": 2013, "eventDate": "2013-06-13", "source": "gbif"}}, {"type": "Feature", "geometry": {"type": "Point", "coordinates": [11.540623, 46.554375]}, "properties": {"species": "porcino_comune", "label": "Porcino comune", "scientificName": "Boletus edulis", "year": 2013, "eventDate": "2013-09-10T00:00", "source": "gbif"}}, {"type": "Feature", "geometry": {"type": "Point", "coordinates": [11.526461, 46.52586]}, "properties": {"species": "porcino_comune", "label": "Porcino comune", "scientificName": "Boletus edulis", "year": 2013, "eventDate": "2013-09-09T00:00", "source": "gbif"}}, {"type": "Feature", "geometry": {"type": "Point", "coordinates": [8.476717, 45.851086]}, "properties": {"species": "porcino_comune", "label": "Porcino comune", "scientificName": "Boletus edulis", "year": 2013, "eventDate": "2013-11-01T11:57", "source": "gbif"}}, {"type": "Feature", "geometry": {"type": "Point", "coordinates": [11.557617, 46.580105]}, "properties": {"species": "porcino_comune", "label": "Porcino comune", "scientificName": "Boletus edulis", "year": 2012, "eventDate": "2012-09-13T00:00", "source": "gbif"}}, {"type": "Feature", "geometry": {"type": "Point", "coordinates": [8.108965, 44.213582]}, "properties": {"species": "porcino_comune", "label": "Porcino comune", "scientificName": "Boletus edulis", "year": 2012, "eventDate": "2012-09-28T00:12", "source": "gbif"}}, {"type": "Feature", "geometry": {"type": "Point", "coordinates": [11.201677, 46.198093]}, "properties": {"species": "porcino_comune", "label": "Porcino comune", "scientificName": "Boletus edulis", "year": 2012, "eventDate": "2012-10-09T10:39", "source": "gbif"}}, {"type": "Feature", "geometry": {"type": "Point", "coordinates": [11.201251, 45.765387]}, "properties": {"species": "porcino_comune", "label": "Porcino comune", "scientificName": "Boletus edulis", "year": 2012, "eventDate": "2012-10-20T14:28", "source": "gbif"}}, {"type": "Feature", "geometry": {"type": "Point", "coordinates": [11.526461, 46.52586]}, "properties": {"species": "porcino_comune", "label": "Porcino comune", "scientificName": "Boletus edulis", "year": 2010, "eventDate": "2010-09-06T00:00", "source": "gbif"}}, {"type": "Feature", "geometry": {"type": "Point", "coordinates": [11.557617, 46.580105]}, "properties": {"species": "porcino_comune", "label": "Porcino comune", "scientificName": "Boletus edulis", "year": 2010, "eventDate": "2010-09-11T00:00", "source": "gbif"}}, {"type": "Feature", "geometry": {"type": "Point", "coordinates": [11.587658, 46.398212]}, "properties": {"species": "porcino_comune", "label": "Porcino comune", "scientificName": "Boletus edulis", "year": 2008, "eventDate": "2008-09-18T00:00", "source": "gbif"}}, {"type": "Feature", "geometry": {"type": "Point", "coordinates": [11.557617, 46.580105]}, "properties": {"species": "porcino_comune", "label": "Porcino comune", "scientificName": "Boletus edulis", "year": 2008, "eventDate": "2008-09-15T00:00", "source": "gbif"}}, {"type": "Feature", "geometry": {"type": "Point", "coordinates": [10.201073, 46.190647]}, "properties": {"species": "porcino_comune", "label": "Porcino comune", "scientificName": "Boletus edulis", "year": 2007, "eventDate": "2007-09-10T07:22", "source": "gbif"}}, {"type": "Feature", "geometry": {"type": "Point", "coordinates": [10.848808, 46.248342]}, "properties": {"species": "porcino_comune", "label": "Porcino comune", "scientificName": "Boletus edulis", "year": 2005, "eventDate": "2005-07-22T12:54", "source": "gbif"}}, {"type": "Feature", "geometry": {"type": "Point", "coordinates": [11.207462, 46.032271]}, "properties": {"species": "porcino_comune", "label": "Porcino comune", "scientificName": "Boletus edulis", "year": 2005, "eventDate": "2005-09-03T10:22", "source": "gbif"}}, {"type": "Feature", "geometry": {"type": "Point", "coordinates": [11.212645, 46.037647]}, "properties": {"species": "porcino_comune", "label": "Porcino comune", "scientificName": "Boletus edulis", "year": 2005, "eventDate": "2005-09-03T14:09", "source": "gbif"}}, {"type": "Feature", "geometry": {"type": "Point", "coordinates": [10.365371, 46.090705]}, "properties": {"species": "porcino_comune", "label": "Porcino comune", "scientificName": "Boletus edulis", "year": 2004, "eventDate": "2004-07-25T17:47", "source": "gbif"}}, {"type": "Feature", "geometry": {"type": "Point", "coordinates": [9.436742, 46.038094]}, "properties": {"species": "porcino_comune", "label": "Porcino comune", "scientificName": "Boletus edulis", "year": 2004, "eventDate": "2004-08-29T03:04", "source": "gbif"}}, {"type": "Feature", "geometry": {"type": "Point", "coordinates": [10.365371, 46.090705]}, "properties": {"species": "porcino_comune", "label": "Porcino comune", "scientificName": "Boletus edulis", "year": 2000, "eventDate": "2000-08-05T17:39", "source": "gbif"}}, {"type": "Feature", "geometry": {"type": "Point", "coordinates": [10.365371, 46.090705]}, "properties": {"species": "porcino_comune", "label": "Porcino comune", "scientificName": "Boletus edulis", "year": 1999, "eventDate": "1999-07-27T17:27", "source": "gbif"}}, {"type": "Feature", "geometry": {"type": "Point", "coordinates": [11.6513383333, 46.314495]}, "properties": {"species": "porcino_comune", "label": "Porcino comune", "scientificName": "Boletus edulis", "year": 2026, "eventDate": "2026-09-06", "source": "inaturalist"}}, {"type": "Feature", "geometry": {"type": "Point", "coordinates": [11.65257, 46.31383]}, "properties": {"species": "porcino_comune", "label": "Porcino comune", "scientificName": "Boletus edulis", "year": 2026, "eventDate": "2026-09-06", "source": "inaturalist"}}, {"type": "Feature", "geometry": {"type": "Point", "coordinates": [10.95460664, 46.32192593]}, "properties": {"species": "porcino_comune", "label": "Porcino comune", "scientificName": "Boletus edulis", "year": 2026, "eventDate": "2026-09-06", "source": "inaturalist"}}, {"type": "Feature", "geometry": {"type": "Point", "coordinates": [10.4285060987, 46.0713440238]}, "properties": {"species": "porcino_comune", "label": "Porcino comune", "scientificName": "Boletus edulis", "year": 2026, "eventDate": "2026-09-06", "source": "inaturalist"}}, {"type": "Feature", "geometry": {"type": "Point", "coordinates": [9.8189383333, 46.3172]}, "properties": {"species": "porcino_comune", "label": "Porcino comune", "scientificName": "Boletus edulis", "year": 2026, "eventDate": "2026-09-03", "source": "inaturalist"}}, {"type": "Feature", "geometry": {"type": "Point", "coordinates": [11.6554466667, 46.3096283333]}, "properties": {"species": "porcino_comune", "label": "Porcino comune", "scientificName": "Boletus edulis", "year": 2026, "eventDate": "2026-09-02", "source": "inaturalist"}}, {"type": "Feature", "geometry": {"type": "Point", "coordinates": [11.65557, 46.3097083333]}, "properties": {"species": "porcino_comune", "label": "Porcino comune", "scientificName": "Boletus edulis", "year": 2026, "eventDate": "2026-09-02", "source": "inaturalist"}}, {"type": "Feature", "geometry": {"type": "Point", "coordinates": [11.655755, 46.3091716667]}, "properties": {"species": "porcino_comune", "label": "Porcino comune", "scientificName": "Boletus edulis", "year": 2026, "eventDate": "2026-09-02", "source": "inaturalist"}}, {"type": "Feature", "geometry": {"type": "Point", "coordinates": [7.1411280334, 44.9586431221]}, "properties": {"species": "porcino_comune", "label": "Porcino comune", "scientificName": "Boletus edulis", "year": 2026, "eventDate": "2026-09-02", "source": "inaturalist"}}, {"type": "Feature", "geometry": {"type": "Point", "coordinates": [10.606355, 44.1219]}, "properties": {"species": "porcino_comune", "label": "Porcino comune", "scientificName": "Boletus edulis", "year": 2026, "eventDate": "2026-09-01", "source": "inaturalist"}}, {"type": "Feature", "geometry": {"type": "Point", "coordinates": [8.3641333333, 45.7930361111]}, "properties": {"species": "porcino_comune", "label": "Porcino comune", "scientificName": "Boletus edulis", "year": 2026, "eventDate": "2026-09-01", "source": "inaturalist"}}, {"type": "Feature", "geometry": {"type": "Point", "coordinates": [11.1771108442, 46.6994058332]}, "properties": {"species": "porcino_comune", "label": "Porcino comune", "scientificName": "Boletus edulis", "year": 2026, "eventDate": "2026-08-31", "source": "inaturalist"}}, {"type": "Feature", "geometry": {"type": "Point", "coordinates": [11.756792, 45.9623041]}, "properties": {"species": "porcino_comune", "label": "Porcino comune", "scientificName": "Boletus edulis", "year": 2026, "eventDate": "2026-08-30", "source": "inaturalist"}}, {"type": "Feature", "geometry": {"type": "Point", "coordinates": [11.7979025, 46.262246]}, "properties": {"species": "porcino_comune", "label": "Porcino comune", "scientificName": "Boletus edulis", "year": 2026, "eventDate": "2026-08-29", "source": "inaturalist"}}, {"type": "Feature", "geometry": {"type": "Point", "coordinates": [11.7697856997, 46.6335367]}, "properties": {"species": "porcino_comune", "label": "Porcino comune", "scientificName": "Boletus edulis", "year": 2026, "eventDate": "2026-08-28", "source": "inaturalist"}}, {"type": "Feature", "geometry": {"type": "Point", "coordinates": [11.9251033333, 46.8622466667]}, "properties": {"species": "porcino_comune", "label": "Porcino comune", "scientificName": "Boletus edulis", "year": 2026, "eventDate": "2026-08-28", "source": "inaturalist"}}, {"type": "Feature", "geometry": {"type": "Point", "coordinates": [11.6609283333, 46.3136283333]}, "properties": {"species": "porcino_comune", "label": "Porcino comune", "scientificName": "Boletus edulis", "year": 2026, "eventDate": "2026-08-27", "source": "inaturalist"}}, {"type": "Feature", "geometry": {"type": "Point", "coordinates": [11.6741966667, 46.3088416667]}, "properties": {"species": "porcino_comune", "label": "Porcino comune", "scientificName": "Boletus edulis", "year": 2026, "eventDate": "2026-08-27", "source": "inaturalist"}}, {"type": "Feature", "geometry": {"type": "Point", "coordinates": [11.673805, 46.3081383333]}, "properties": {"species": "porcino_comune", "label": "Porcino comune", "scientificName": "Boletus edulis", "year": 2026, "eventDate": "2026-08-27", "source": "inaturalist"}}, {"type": "Feature", "geometry": {"type": "Point", "coordinates": [10.6407220484, 46.1624688873]}, "properties": {"species": "porcino_comune", "label": "Porcino comune", "scientificName": "Boletus edulis", "year": 2026, "eventDate": "2026-08-27", "source": "inaturalist"}}, {"type": "Feature", "geometry": {"type": "Point", "coordinates": [7.1526974067, 44.9789943626]}, "properties": {"species": "porcino_comune", "label": "Porcino comune", "scientificName": "Boletus edulis", "year": 2026, "eventDate": "2026-08-27", "source": "inaturalist"}}, {"type": "Feature", "geometry": {"type": "Point", "coordinates": [11.66072, 46.3139216667]}, "properties": {"species": "porcino_comune", "label": "Porcino comune", "scientificName": "Boletus edulis", "year": 2026, "eventDate": "2026-08-25", "source": "inaturalist"}}, {"type": "Feature", "geometry": {"type": "Point", "coordinates": [11.7234833333, 46.3112366667]}, "properties": {"species": "porcino_comune", "label": "Porcino comune", "scientificName": "Boletus edulis", "year": 2026, "eventDate": "2026-08-25", "source": "inaturalist"}}, {"type": "Feature", "geometry": {"type": "Point", "coordinates": [11.724045, 46.31027]}, "properties": {"species": "porcino_comune", "label": "Porcino comune", "scientificName": "Boletus edulis", "year": 2026, "eventDate": "2026-08-25", "source": "inaturalist"}}, {"type": "Feature", "geometry": {"type": "Point", "coordinates": [7.0525269583, 44.9401725997]}, "properties": {"species": "porcino_comune", "label": "Porcino comune", "scientificName": "Boletus edulis", "year": 2026, "eventDate": "2026-08-25", "source": "inaturalist"}}, {"type": "Feature", "geometry": {"type": "Point", "coordinates": [7.0790677518, 44.7965653689]}, "properties": {"species": "porcino_comune", "label": "Porcino comune", "scientificName": "Boletus edulis", "year": 2026, "eventDate": "2026-08-23", "source": "inaturalist"}}, {"type": "Feature", "geometry": {"type": "Point", "coordinates": [9.4510873235, 44.6534099164]}, "properties": {"species": "porcino_comune", "label": "Porcino comune", "scientificName": "Boletus edulis", "year": 2026, "eventDate": "2026-08-23", "source": "inaturalist"}}, {"type": "Feature", "geometry": {"type": "Point", "coordinates": [7.0535475388, 44.941845231]}, "properties": {"species": "porcino_comune", "label": "Porcino comune", "scientificName": "Boletus edulis", "year": 2026, "eventDate": "2026-08-21", "source": "inaturalist"}}, {"type": "Feature", "geometry": {"type": "Point", "coordinates": [7.0561992377, 45.7209241678]}, "properties": {"species": "porcino_comune", "label": "Porcino comune", "scientificName": "Boletus edulis", "year": 2026, "eventDate": "2026-07-31", "source": "inaturalist"}}, {"type": "Feature", "geometry": {"type": "Point", "coordinates": [11.7791190371, 46.1849041504]}, "properties": {"species": "porcino_comune", "label": "Porcino comune", "scientificName": "Boletus edulis", "year": 2026, "eventDate": "2026-07-26", "source": "inaturalist"}}, {"type": "Feature", "geometry": {"type": "Point", "coordinates": [11.4178851738, 46.1122335093]}, "properties": {"species": "porcino_comune", "label": "Porcino comune", "scientificName": "Boletus edulis", "year": 2026, "eventDate": "2026-07-19", "source": "inaturalist"}}, {"type": "Feature", "geometry": {"type": "Point", "coordinates": [7.2616557777, 44.864425777]}, "properties": {"species": "porcino_comune", "label": "Porcino comune", "scientificName": "Boletus edulis", "year": 2026, "eventDate": "2026-06-09", "source": "inaturalist"}}, {"type": "Feature", "geometry": {"type": "Point", "coordinates": [10.010097072, 44.4133470577]}, "properties": {"species": "porcino_comune", "label": "Porcino comune", "scientificName": "Boletus edulis", "year": 2026, "eventDate": "2026-04-02", "source": "inaturalist"}}, {"type": "Feature", "geometry": {"type": "Point", "coordinates": [16.4543887228, 39.3422804914]}, "properties": {"species": "porcino_comune", "label": "Porcino comune", "scientificName": "Boletus edulis", "year": 2025, "eventDate": "2025-10-17", "source": "inaturalist"}}, {"type": "Feature", "geometry": {"type": "Point", "coordinates": [7.1135089919, 44.9385680335]}, "properties": {"species": "porcino_comune", "label": "Porcino comune", "scientificName": "Boletus edulis", "year": 2025, "eventDate": "2025-10-16", "source": "inaturalist"}}, {"type": "Feature", "geometry": {"type": "Point", "coordinates": [8.4445066389, 45.6345252778]}, "properties": {"species": "porcino_comune", "label": "Porcino comune", "scientificName": "Boletus edulis", "year": 2025, "eventDate": "2025-10-15", "source": "inaturalist"}}, {"type": "Feature", "geometry": {"type": "Point", "coordinates": [12.0742611667, 46.4940083333]}, "properties": {"species": "porcino_comune", "label": "Porcino comune", "scientificName": "Boletus edulis", "year": 2025, "eventDate": "2025-10-14", "source": "inaturalist"}}, {"type": "Feature", "geometry": {"type": "Point", "coordinates": [9.9301866667, 46.0008166667]}, "properties": {"species": "porcino_comune", "label": "Porcino comune", "scientificName": "Boletus edulis", "year": 2025, "eventDate": "2025-10-12", "source": "inaturalist"}}, {"type": "Feature", "geometry": {"type": "Point", "coordinates": [8.5641720146, 45.7145841391]}, "properties": {"species": "porcino_comune", "label": "Porcino comune", "scientificName": "Boletus edulis", "year": 2025, "eventDate": "2025-10-06", "source": "inaturalist"}}, {"type": "Feature", "geometry": {"type": "Point", "coordinates": [8.6930251753, 45.9140525249]}, "properties": {"species": "porcino_comune", "label": "Porcino comune", "scientificName": "Boletus edulis", "year": 2025, "eventDate": "2025-10-04", "source": "inaturalist"}}, {"type": "Feature", "geometry": {"type": "Point", "coordinates": [11.9587418997, 46.7721086997]}, "properties": {"species": "porcino_comune", "label": "Porcino comune", "scientificName": "Boletus edulis", "year": 2025, "eventDate": "2025-09-27", "source": "inaturalist"}}, {"type": "Feature", "geometry": {"type": "Point", "coordinates": [8.4195208177, 46.1463022751]}, "properties": {"species": "porcino_comune", "label": "Porcino comune", "scientificName": "Boletus edulis", "year": 2025, "eventDate": "2025-09-27", "source": "inaturalist"}}, {"type": "Feature", "geometry": {"type": "Point", "coordinates": [11.162693, 46.4997339722]}, "properties": {"species": "porcino_comune", "label": "Porcino comune", "scientificName": "Boletus edulis", "year": 2025, "eventDate": "2025-09-25", "source": "inaturalist"}}, {"type": "Feature", "geometry": {"type": "Point", "coordinates": [8.4821222222, 45.987475]}, "properties": {"species": "porcino_comune", "label": "Porcino comune", "scientificName": "Boletus edulis", "year": 2025, "eventDate": "2025-09-21", "source": "inaturalist"}}, {"type": "Feature", "geometry": {"type": "Point", "coordinates": [9.8032361111, 44.7653555556]}, "properties": {"species": "porcino_comune", "label": "Porcino comune", "scientificName": "Boletus edulis", "year": 2025, "eventDate": "2025-09-21", "source": "inaturalist"}}, {"type": "Feature", "geometry": {"type": "Point", "coordinates": [7.9559201002, 45.5611466073]}, "properties": {"species": "porcino_comune", "label": "Porcino comune", "scientificName": "Boletus edulis", "year": 2025, "eventDate": "2025-09-21", "source": "inaturalist"}}, {"type": "Feature", "geometry": {"type": "Point", "coordinates": [8.3050183207, 45.6659477301]}, "properties": {"species": "porcino_comune", "label": "Porcino comune", "scientificName": "Boletus edulis", "year": 2025, "eventDate": "2025-09-20", "source": "inaturalist"}}, {"type": "Feature", "geometry": {"type": "Point", "coordinates": [8.1383445, 45.6801116667]}, "properties": {"species": "porcino_comune", "label": "Porcino comune", "scientificName": "Boletus edulis", "year": 2025, "eventDate": "2025-09-20", "source": "inaturalist"}}, {"type": "Feature", "geometry": {"type": "Point", "coordinates": [11.3324341046, 46.6039825495]}, "properties": {"species": "porcino_comune", "label": "Porcino comune", "scientificName": "Boletus edulis", "year": 2025, "eventDate": "2025-09-20", "source": "inaturalist"}}, {"type": "Feature", "geometry": {"type": "Point", "coordinates": [12.1495072244, 46.3550984752]}, "properties": {"species": "porcino_comune", "label": "Porcino comune", "scientificName": "Boletus edulis", "year": 2025, "eventDate": "2025-09-20", "source": "inaturalist"}}, {"type": "Feature", "geometry": {"type": "Point", "coordinates": [11.2825805556, 45.9256361111]}, "properties": {"species": "porcino_comune", "label": "Porcino comune", "scientificName": "Boletus edulis", "year": 2025, "eventDate": "2025-09-19", "source": "inaturalist"}}, {"type": "Feature", "geometry": {"type": "Point", "coordinates": [11.2878999444, 46.4235801667]}, "properties": {"species": "porcino_comune", "label": "Porcino comune", "scientificName": "Boletus edulis", "year": 2025, "eventDate": "2025-09-18", "source": "inaturalist"}}, {"type": "Feature", "geometry": {"type": "Point", "coordinates": [7.1135089919, 44.9385680335]}, "properties": {"species": "porcino_comune", "label": "Porcino comune", "scientificName": "Boletus edulis", "year": 2025, "eventDate": "2025-09-18", "source": "inaturalist"}}, {"type": "Feature", "geometry": {"type": "Point", "coordinates": [12.2380033333, 46.751155]}, "properties": {"species": "porcino_comune", "label": "Porcino comune", "scientificName": "Boletus edulis", "year": 2025, "eventDate": "2025-09-17", "source": "inaturalist"}}, {"type": "Feature", "geometry": {"type": "Point", "coordinates": [9.38105, 44.7686883333]}, "properties": {"species": "porcino_comune", "label": "Porcino comune", "scientificName": "Boletus edulis", "year": 2025, "eventDate": "2025-09-14", "source": "inaturalist"}}, {"type": "Feature", "geometry": {"type": "Point", "coordinates": [8.4296739846, 46.1238344961]}, "properties": {"species": "porcino_comune", "label": "Porcino comune", "scientificName": "Boletus edulis", "year": 2025, "eventDate": "2025-09-13", "source": "inaturalist"}}, {"type": "Feature", "geometry": {"type": "Point", "coordinates": [11.7454090342, 43.8724001741]}, "properties": {"species": "porcino_comune", "label": "Porcino comune", "scientificName": "Boletus edulis", "year": 2025, "eventDate": "2025-09-13", "source": "inaturalist"}}, {"type": "Feature", "geometry": {"type": "Point", "coordinates": [7.5061018059, 44.2949688572]}, "properties": {"species": "porcino_comune", "label": "Porcino comune", "scientificName": "Boletus edulis", "year": 2025, "eventDate": "2025-09-11", "source": "inaturalist"}}, {"type": "Feature", "geometry": {"type": "Point", "coordinates": [8.2204758928, 45.8194683318]}, "properties": {"species": "porcino_comune", "label": "Porcino comune", "scientificName": "Boletus edulis", "year": 2025, "eventDate": "2025-09-09", "source": "inaturalist"}}, {"type": "Feature", "geometry": {"type": "Point", "coordinates": [8.4655722222, 44.3489555556]}, "properties": {"species": "porcino_comune", "label": "Porcino comune", "scientificName": "Boletus edulis", "year": 2025, "eventDate": "2025-09-09", "source": "inaturalist"}}, {"type": "Feature", "geometry": {"type": "Point", "coordinates": [7.2574218997, 44.8576983]}, "properties": {"species": "porcino_comune", "label": "Porcino comune", "scientificName": "Boletus edulis", "year": 2025, "eventDate": "2025-09-09", "source": "inaturalist"}}, {"type": "Feature", "geometry": {"type": "Point", "coordinates": [7.781490456, 44.2424312473]}, "properties": {"species": "porcino_comune", "label": "Porcino comune", "scientificName": "Boletus edulis", "year": 2025, "eventDate": "2025-08-18", "source": "inaturalist"}}, {"type": "Feature", "geometry": {"type": "Point", "coordinates": [9.6931166667, 45.8823527778]}, "properties": {"species": "porcino_comune", "label": "Porcino comune", "scientificName": "Boletus edulis", "year": 2025, "eventDate": "2025-08-12", "source": "inaturalist"}}, {"type": "Feature", "geometry": {"type": "Point", "coordinates": [9.0645696223, 45.9147645253]}, "properties": {"species": "porcino_comune", "label": "Porcino comune", "scientificName": "Boletus edulis", "year": 2025, "eventDate": "2025-08-10", "source": "inaturalist"}}, {"type": "Feature", "geometry": {"type": "Point", "coordinates": [9.8288666667, 45.9567194444]}, "properties": {"species": "porcino_comune", "label": "Porcino comune", "scientificName": "Boletus edulis", "year": 2025, "eventDate": "2025-08-10", "source": "inaturalist"}}, {"type": "Feature", "geometry": {"type": "Point", "coordinates": [11.8393033333, 46.8008883333]}, "properties": {"species": "porcino_comune", "label": "Porcino comune", "scientificName": "Boletus edulis", "year": 2025, "eventDate": "2025-08-09", "source": "inaturalist"}}, {"type": "Feature", "geometry": {"type": "Point", "coordinates": [10.1240968704, 46.5046958923]}, "properties": {"species": "porcino_comune", "label": "Porcino comune", "scientificName": "Boletus edulis", "year": 2025, "eventDate": "2025-08-08", "source": "inaturalist"}}, {"type": "Feature", "geometry": {"type": "Point", "coordinates": [9.40242, 46.1205333333]}, "properties": {"species": "porcino_comune", "label": "Porcino comune", "scientificName": "Boletus edulis", "year": 2025, "eventDate": "2025-08-08", "source": "inaturalist"}}, {"type": "Feature", "geometry": {"type": "Point", "coordinates": [11.52832485, 46.1656914]}, "properties": {"species": "porcino_comune", "label": "Porcino comune", "scientificName": "Boletus edulis", "year": 2025, "eventDate": "2025-08-05", "source": "inaturalist"}}, {"type": "Feature", "geometry": {"type": "Point", "coordinates": [10.7502789795, 46.2021059384]}, "properties": {"species": "porcino_comune", "label": "Porcino comune", "scientificName": "Boletus edulis", "year": 2025, "eventDate": "2025-08-04", "source": "inaturalist"}}, {"type": "Feature", "geometry": {"type": "Point", "coordinates": [11.1101854965, 45.9416856301]}, "properties": {"species": "porcino_comune", "label": "Porcino comune", "scientificName": "Boletus edulis", "year": 2025, "eventDate": "2025-08-04", "source": "inaturalist"}}, {"type": "Feature", "geometry": {"type": "Point", "coordinates": [12.1031751389, 46.8730239722]}, "properties": {"species": "porcino_comune", "label": "Porcino comune", "scientificName": "Boletus edulis", "year": 2025, "eventDate": "2025-08-03", "source": "inaturalist"}}, {"type": "Feature", "geometry": {"type": "Point", "coordinates": [12.4217966667, 46.0874945]}, "properties": {"species": "porcino_comune", "label": "Porcino comune", "scientificName": "Boletus edulis", "year": 2025, "eventDate": "2025-08-03", "source": "inaturalist"}}, {"type": "Feature", "geometry": {"type": "Point", "coordinates": [9.9651383333, 45.9729916667]}, "properties": {"species": "porcino_comune", "label": "Porcino comune", "scientificName": "Boletus edulis", "year": 2025, "eventDate": "2025-08-02", "source": "inaturalist"}}, {"type": "Feature", "geometry": {"type": "Point", "coordinates": [9.9637939047, 45.9733694714]}, "properties": {"species": "porcino_comune", "label": "Porcino comune", "scientificName": "Boletus edulis", "year": 2025, "eventDate": "2025-08-02", "source": "inaturalist"}}, {"type": "Feature", "geometry": {"type": "Point", "coordinates": [7.0735063, 45.7111354]}, "properties": {"species": "porcino_comune", "label": "Porcino comune", "scientificName": "Boletus edulis", "year": 2025, "eventDate": "2025-08-01", "source": "inaturalist"}}, {"type": "Feature", "geometry": {"type": "Point", "coordinates": [12.0045479, 47.0060089]}, "properties": {"species": "porcino_comune", "label": "Porcino comune", "scientificName": "Boletus edulis", "year": 2025, "eventDate": "2025-07-27", "source": "inaturalist"}}, {"type": "Feature", "geometry": {"type": "Point", "coordinates": [11.0201666667, 46.45835]}, "properties": {"species": "porcino_comune", "label": "Porcino comune", "scientificName": "Boletus edulis", "year": 2025, "eventDate": "2025-07-26", "source": "inaturalist"}}, {"type": "Feature", "geometry": {"type": "Point", "coordinates": [9.8440971171, 45.728006518]}, "properties": {"species": "porcino_comune", "label": "Porcino comune", "scientificName": "Boletus edulis", "year": 2025, "eventDate": "2025-06-14", "source": "inaturalist"}}, {"type": "Feature", "geometry": {"type": "Point", "coordinates": [16.4799946903, 38.6249176054]}, "properties": {"species": "porcino_comune", "label": "Porcino comune", "scientificName": "Boletus edulis", "year": 2024, "eventDate": "2024-11-17", "source": "inaturalist"}}, {"type": "Feature", "geometry": {"type": "Point", "coordinates": [8.8349218333, 45.9496154722]}, "properties": {"species": "porcino_comune", "label": "Porcino comune", "scientificName": "Boletus edulis", "year": 2024, "eventDate": "2024-11-05", "source": "inaturalist"}}, {"type": "Feature", "geometry": {"type": "Point", "coordinates": [8.3377704397, 46.2319380967]}, "properties": {"species": "porcino_comune", "label": "Porcino comune", "scientificName": "Boletus edulis", "year": 2024, "eventDate": "2024-11-02", "source": "inaturalist"}}, {"type": "Feature", "geometry": {"type": "Point", "coordinates": [8.6246023, 45.8140858]}, "properties": {"species": "porcino_comune", "label": "Porcino comune", "scientificName": "Boletus edulis", "year": 2024, "eventDate": "2024-10-24", "source": "inaturalist"}}, {"type": "Feature", "geometry": {"type": "Point", "coordinates": [8.6245952, 45.8140741]}, "properties": {"species": "porcino_comune", "label": "Porcino comune", "scientificName": "Boletus edulis", "year": 2024, "eventDate": "2024-10-18", "source": "inaturalist"}}, {"type": "Feature", "geometry": {"type": "Point", "coordinates": [11.4254439622, 46.4137983281]}, "properties": {"species": "porcino_comune", "label": "Porcino comune", "scientificName": "Boletus edulis", "year": 2024, "eventDate": "2024-10-12", "source": "inaturalist"}}, {"type": "Feature", "geometry": {"type": "Point", "coordinates": [11.7124089247, 43.6488804472]}, "properties": {"species": "porcino_comune", "label": "Porcino comune", "scientificName": "Boletus edulis", "year": 2024, "eventDate": "2024-10-12", "source": "inaturalist"}}, {"type": "Feature", "geometry": {"type": "Point", "coordinates": [7.262417, 44.8303353]}, "properties": {"species": "porcino_comune", "label": "Porcino comune", "scientificName": "Boletus edulis", "year": 2024, "eventDate": "2024-10-10", "source": "inaturalist"}}, {"type": "Feature", "geometry": {"type": "Point", "coordinates": [11.2347479537, 45.963222895]}, "properties": {"species": "porcino_comune", "label": "Porcino comune", "scientificName": "Boletus edulis", "year": 2024, "eventDate": "2024-10-06", "source": "inaturalist"}}, {"type": "Feature", "geometry": {"type": "Point", "coordinates": [9.2244752124, 45.9337407857]}, "properties": {"species": "porcino_comune", "label": "Porcino comune", "scientificName": "Boletus edulis", "year": 2024, "eventDate": "2024-10-05", "source": "inaturalist"}}, {"type": "Feature", "geometry": {"type": "Point", "coordinates": [7.7355947345, 45.4691052115]}, "properties": {"species": "porcino_comune", "label": "Porcino comune", "scientificName": "Boletus edulis", "year": 2024, "eventDate": "2024-10-05", "source": "inaturalist"}}, {"type": "Feature", "geometry": {"type": "Point", "coordinates": [10.7476938997, 43.9317644997]}, "properties": {"species": "porcino_comune", "label": "Porcino comune", "scientificName": "Boletus edulis", "year": 2024, "eventDate": "2024-10-04", "source": "inaturalist"}}, {"type": "Feature", "geometry": {"type": "Point", "coordinates": [16.5120076016, 39.2500853261]}, "properties": {"species": "porcino_comune", "label": "Porcino comune", "scientificName": "Boletus edulis", "year": 2024, "eventDate": "2024-10-04", "source": "inaturalist"}}, {"type": "Feature", "geometry": {"type": "Point", "coordinates": [7.4875122903, 44.2954862446]}, "properties": {"species": "porcino_comune", "label": "Porcino comune", "scientificName": "Boletus edulis", "year": 2024, "eventDate": "2024-10-01", "source": "inaturalist"}}, {"type": "Feature", "geometry": {"type": "Point", "coordinates": [13.5262513161, 46.4085670511]}, "properties": {"species": "porcino_comune", "label": "Porcino comune", "scientificName": "Boletus edulis", "year": 2024, "eventDate": "2024-09-29", "source": "inaturalist"}}, {"type": "Feature", "geometry": {"type": "Point", "coordinates": [11.6665, 46.80468]}, "properties": {"species": "porcino_comune", "label": "Porcino comune", "scientificName": "Boletus edulis", "year": 2024, "eventDate": "2024-09-29", "source": "inaturalist"}}, {"type": "Feature", "geometry": {"type": "Point", "coordinates": [11.3337579722, 46.1834429722]}, "properties": {"species": "porcino_comune", "label": "Porcino comune", "scientificName": "Boletus edulis", "year": 2024, "eventDate": "2024-09-28", "source": "inaturalist"}}, {"type": "Feature", "geometry": {"type": "Point", "coordinates": [11.3540174067, 46.3675256244]}, "properties": {"species": "porcino_comune", "label": "Porcino comune", "scientificName": "Boletus edulis", "year": 2024, "eventDate": "2024-09-28", "source": "inaturalist"}}, {"type": "Feature", "geometry": {"type": "Point", "coordinates": [9.5495218, 46.1154993]}, "properties": {"species": "porcino_comune", "label": "Porcino comune", "scientificName": "Boletus edulis", "year": 2024, "eventDate": "2024-09-25", "source": "inaturalist"}}, {"type": "Feature", "geometry": {"type": "Point", "coordinates": [11.9380633333, 46.77748]}, "properties": {"species": "porcino_comune", "label": "Porcino comune", "scientificName": "Boletus edulis", "year": 2024, "eventDate": "2024-09-25", "source": "inaturalist"}}, {"type": "Feature", "geometry": {"type": "Point", "coordinates": [9.9136430025, 45.9753491614]}, "properties": {"species": "porcino_comune", "label": "Porcino comune", "scientificName": "Boletus edulis", "year": 2024, "eventDate": "2024-09-21", "source": "inaturalist"}}, {"type": "Feature", "geometry": {"type": "Point", "coordinates": [9.9694783333, 45.9759616667]}, "properties": {"species": "porcino_comune", "label": "Porcino comune", "scientificName": "Boletus edulis", "year": 2024, "eventDate": "2024-09-21", "source": "inaturalist"}}, {"type": "Feature", "geometry": {"type": "Point", "coordinates": [11.3445264101, 46.1807524768]}, "properties": {"species": "porcino_comune", "label": "Porcino comune", "scientificName": "Boletus edulis", "year": 2024, "eventDate": "2024-09-15", "source": "inaturalist"}}, {"type": "Feature", "geometry": {"type": "Point", "coordinates": [9.9650616667, 45.9730866667]}, "properties": {"species": "porcino_comune", "label": "Porcino comune", "scientificName": "Boletus edulis", "year": 2024, "eventDate": "2024-09-14", "source": "inaturalist"}}, {"type": "Feature", "geometry": {"type": "Point", "coordinates": [10.557125397, 45.8608845181]}, "properties": {"species": "porcino_comune", "label": "Porcino comune", "scientificName": "Boletus edulis", "year": 2024, "eventDate": "2024-09-13", "source": "inaturalist"}}, {"type": "Feature", "geometry": {"type": "Point", "coordinates": [10.5825933069, 44.1413987444]}, "properties": {"species": "porcino_comune", "label": "Porcino comune", "scientificName": "Boletus edulis", "year": 2024, "eventDate": "2024-09-10", "source": "inaturalist"}}, {"type": "Feature", "geometry": {"type": "Point", "coordinates": [10.5855058506, 44.1438963805]}, "properties": {"species": "porcino_comune", "label": "Porcino comune", "scientificName": "Boletus edulis", "year": 2024, "eventDate": "2024-09-10", "source": "inaturalist"}}, {"type": "Feature", "geometry": {"type": "Point", "coordinates": [15.8322632997, 38.1336313997]}, "properties": {"species": "porcino_comune", "label": "Porcino comune", "scientificName": "Boletus edulis", "year": 2024, "eventDate": "2024-09-06", "source": "inaturalist"}}, {"type": "Feature", "geometry": {"type": "Point", "coordinates": [10.66934598, 44.18729335]}, "properties": {"species": "porcino_comune", "label": "Porcino comune", "scientificName": "Boletus edulis", "year": 2024, "eventDate": "2024-09-05", "source": "inaturalist"}}, {"type": "Feature", "geometry": {"type": "Point", "coordinates": [11.25968, 46.1438791]}, "properties": {"species": "porcino_comune", "label": "Porcino comune", "scientificName": "Boletus edulis", "year": 2024, "eventDate": "2024-08-30", "source": "inaturalist"}}, {"type": "Feature", "geometry": {"type": "Point", "coordinates": [7.1388, 44.960820003]}, "properties": {"species": "porcino_comune", "label": "Porcino comune", "scientificName": "Boletus edulis", "year": 2024, "eventDate": "2024-08-28", "source": "inaturalist"}}, {"type": "Feature", "geometry": {"type": "Point", "coordinates": [11.1101854965, 45.9416856301]}, "properties": {"species": "porcino_comune", "label": "Porcino comune", "scientificName": "Boletus edulis", "year": 2024, "eventDate": "2024-08-10", "source": "inaturalist"}}, {"type": "Feature", "geometry": {"type": "Point", "coordinates": [11.231180951, 45.880063122]}, "properties": {"species": "porcino_comune", "label": "Porcino comune", "scientificName": "Boletus edulis", "year": 2024, "eventDate": "2024-08-06", "source": "inaturalist"}}, {"type": "Feature", "geometry": {"type": "Point", "coordinates": [7.9824074171, 45.9546433249]}, "properties": {"species": "porcino_comune", "label": "Porcino comune", "scientificName": "Boletus edulis", "year": 2024, "eventDate": "2024-07-19", "source": "inaturalist"}}, {"type": "Feature", "geometry": {"type": "Point", "coordinates": [11.9810719722, 46.915066]}, "properties": {"species": "porcino_comune", "label": "Porcino comune", "scientificName": "Boletus edulis", "year": 2024, "eventDate": "2024-07-16", "source": "inaturalist"}}, {"type": "Feature", "geometry": {"type": "Point", "coordinates": [11.0200388333, 46.45853]}, "properties": {"species": "porcino_comune", "label": "Porcino comune", "scientificName": "Boletus edulis", "year": 2024, "eventDate": "2024-07-10", "source": "inaturalist"}}, {"type": "Feature", "geometry": {"type": "Point", "coordinates": [11.1299128085, 44.1008836037]}, "properties": {"species": "porcino_comune", "label": "Porcino comune", "scientificName": "Boletus edulis", "year": 2024, "eventDate": "2024-06-03", "source": "inaturalist"}}, {"type": "Feature", "geometry": {"type": "Point", "coordinates": [8.6221368, 45.8154723]}, "properties": {"species": "porcino_comune", "label": "Porcino comune", "scientificName": "Boletus edulis", "year": 2023, "eventDate": "2023-11-28", "source": "inaturalist"}}, {"type": "Feature", "geometry": {"type": "Point", "coordinates": [8.6628699, 44.4705973]}, "properties": {"species": "porcino_comune", "label": "Porcino comune", "scientificName": "Boletus edulis", "year": 2023, "eventDate": "2023-11-17", "source": "inaturalist"}}, {"type": "Feature", "geometry": {"type": "Point", "coordinates": [16.5633454174, 39.3787297044]}, "properties": {"species": "porcino_comune", "label": "Porcino comune", "scientificName": "Boletus edulis", "year": 2023, "eventDate": "2023-11-07", "source": "inaturalist"}}, {"type": "Feature", "geometry": {"type": "Point", "coordinates": [16.5783617646, 39.3239820973]}, "properties": {"species": "porcino_comune", "label": "Porcino comune", "scientificName": "Boletus edulis", "year": 2023, "eventDate": "2023-10-27", "source": "inaturalist"}}, {"type": "Feature", "geometry": {"type": "Point", "coordinates": [7.2948966026, 45.0219497681]}, "properties": {"species": "porcino_comune", "label": "Porcino comune", "scientificName": "Boletus edulis", "year": 2023, "eventDate": "2023-10-15", "source": "inaturalist"}}, {"type": "Feature", "geometry": {"type": "Point", "coordinates": [10.8840694444, 46.5043194444]}, "properties": {"species": "porcino_comune", "label": "Porcino comune", "scientificName": "Boletus edulis", "year": 2023, "eventDate": "2023-10-14", "source": "inaturalist"}}, {"type": "Feature", "geometry": {"type": "Point", "coordinates": [13.5319783333, 46.40757]}, "properties": {"species": "porcino_comune", "label": "Porcino comune", "scientificName": "Boletus edulis", "year": 2023, "eventDate": "2023-10-13", "source": "inaturalist"}}, {"type": "Feature", "geometry": {"type": "Point", "coordinates": [8.8774823889, 45.9306487778]}, "properties": {"species": "porcino_comune", "label": "Porcino comune", "scientificName": "Boletus edulis", "year": 2023, "eventDate": "2023-10-10", "source": "inaturalist"}}, {"type": "Feature", "geometry": {"type": "Point", "coordinates": [8.0611374, 45.66573172]}, "properties": {"species": "porcino_comune", "label": "Porcino comune", "scientificName": "Boletus edulis", "year": 2023, "eventDate": "2023-10-05", "source": "inaturalist"}}, {"type": "Feature", "geometry": {"type": "Point", "coordinates": [8.0664055997, 45.6750388]}, "properties": {"species": "porcino_comune", "label": "Porcino comune", "scientificName": "Boletus edulis", "year": 2023, "eventDate": "2023-10-03", "source": "inaturalist"}}, {"type": "Feature", "geometry": {"type": "Point", "coordinates": [7.2399940278, 45.0338516111]}, "properties": {"species": "porcino_comune", "label": "Porcino comune", "scientificName": "Boletus edulis", "year": 2023, "eventDate": "2023-10-03", "source": "inaturalist"}}, {"type": "Feature", "geometry": {"type": "Point", "coordinates": [7.5024723395, 44.2932990443]}, "properties": {"species": "porcino_comune", "label": "Porcino comune", "scientificName": "Boletus edulis", "year": 2023, "eventDate": "2023-10-01", "source": "inaturalist"}}, {"type": "Feature", "geometry": {"type": "Point", "coordinates": [8.2455433533, 45.7974848708]}, "properties": {"species": "porcino_comune", "label": "Porcino comune", "scientificName": "Boletus edulis", "year": 2023, "eventDate": "2023-10-01", "source": "inaturalist"}}, {"type": "Feature", "geometry": {"type": "Point", "coordinates": [11.3733694444, 46.4656388889]}, "properties": {"species": "porcino_comune", "label": "Porcino comune", "scientificName": "Boletus edulis", "year": 2023, "eventDate": "2023-09-30", "source": "inaturalist"}}, {"type": "Feature", "geometry": {"type": "Point", "coordinates": [9.234719, 46.201314]}, "properties": {"species": "porcino_comune", "label": "Porcino comune", "scientificName": "Boletus edulis", "year": 2023, "eventDate": "2023-09-30", "source": "inaturalist"}}, {"type": "Feature", "geometry": {"type": "Point", "coordinates": [8.195025, 46.1330416667]}, "properties": {"species": "porcino_comune", "label": "Porcino comune", "scientificName": "Boletus edulis", "year": 2023, "eventDate": "2023-09-27", "source": "inaturalist"}}, {"type": "Feature", "geometry": {"type": "Point", "coordinates": [10.5503159389, 45.8750869015]}, "properties": {"species": "porcino_comune", "label": "Porcino comune", "scientificName": "Boletus edulis", "year": 2023, "eventDate": "2023-09-21", "source": "inaturalist"}}, {"type": "Feature", "geometry": {"type": "Point", "coordinates": [7.2152520997, 44.8750913]}, "properties": {"species": "porcino_comune", "label": "Porcino comune", "scientificName": "Boletus edulis", "year": 2023, "eventDate": "2023-09-17", "source": "inaturalist"}}, {"type": "Feature", "geometry": {"type": "Point", "coordinates": [7.2993798256, 45.0200042725]}, "properties": {"species": "porcino_comune", "label": "Porcino comune", "scientificName": "Boletus edulis", "year": 2023, "eventDate": "2023-09-17", "source": "inaturalist"}}, {"type": "Feature", "geometry": {"type": "Point", "coordinates": [11.8468890887, 46.793581013]}, "properties": {"species": "porcino_comune", "label": "Porcino comune", "scientificName": "Boletus edulis", "year": 2023, "eventDate": "2023-09-15", "source": "inaturalist"}}, {"type": "Feature", "geometry": {"type": "Point", "coordinates": [8.1417360306, 45.6860694885]}, "properties": {"species": "porcino_comune", "label": "Porcino comune", "scientificName": "Boletus edulis", "year": 2023, "eventDate": "2023-09-14", "source": "inaturalist"}}, {"type": "Feature", "geometry": {"type": "Point", "coordinates": [7.2704684997, 44.8547179997]}, "properties": {"species": "porcino_comune", "label": "Porcino comune", "scientificName": "Boletus edulis", "year": 2023, "eventDate": "2023-09-13", "source": "inaturalist"}}, {"type": "Feature", "geometry": {"type": "Point", "coordinates": [7.1444805997, 44.9587283997]}, "properties": {"species": "porcino_comune", "label": "Porcino comune", "scientificName": "Boletus edulis", "year": 2023, "eventDate": "2023-09-04", "source": "inaturalist"}}, {"type": "Feature", "geometry": {"type": "Point", "coordinates": [11.4901737124, 46.3572927254]}, "properties": {"species": "porcino_comune", "label": "Porcino comune", "scientificName": "Boletus edulis", "year": 2023, "eventDate": "2023-08-25", "source": "inaturalist"}}, {"type": "Feature", "geometry": {"type": "Point", "coordinates": [16.457896757, 39.3274143832]}, "properties": {"species": "porcino_comune", "label": "Porcino comune", "scientificName": "Boletus edulis", "year": 2023, "eventDate": "2023-08-17", "source": "inaturalist"}}, {"type": "Feature", "geometry": {"type": "Point", "coordinates": [9.2306622, 45.9227942]}, "properties": {"species": "porcino_comune", "label": "Porcino comune", "scientificName": "Boletus edulis", "year": 2023, "eventDate": "2023-08-13", "source": "inaturalist"}}, {"type": "Feature", "geometry": {"type": "Point", "coordinates": [11.31156819, 46.27857502]}, "properties": {"species": "porcino_comune", "label": "Porcino comune", "scientificName": "Boletus edulis", "year": 2023, "eventDate": "2023-08-13", "source": "inaturalist"}}, {"type": "Feature", "geometry": {"type": "Point", "coordinates": [10.4747390556, 46.4208526389]}, "properties": {"species": "porcino_comune", "label": "Porcino comune", "scientificName": "Boletus edulis", "year": 2023, "eventDate": "2023-08-13", "source": "inaturalist"}}, {"type": "Feature", "geometry": {"type": "Point", "coordinates": [12.1303882997, 46.7542104997]}, "properties": {"species": "porcino_comune", "label": "Porcino comune", "scientificName": "Boletus edulis", "year": 2023, "eventDate": "2023-08-12", "source": "inaturalist"}}, {"type": "Feature", "geometry": {"type": "Point", "coordinates": [9.629675, 46.0953638333]}, "properties": {"species": "porcino_comune", "label": "Porcino comune", "scientificName": "Boletus edulis", "year": 2023, "eventDate": "2023-08-08", "source": "inaturalist"}}, {"type": "Feature", "geometry": {"type": "Point", "coordinates": [9.5835789261, 46.00070946]}, "properties": {"species": "porcino_comune", "label": "Porcino comune", "scientificName": "Boletus edulis", "year": 2023, "eventDate": "2023-08-07", "source": "inaturalist"}}, {"type": "Feature", "geometry": {"type": "Point", "coordinates": [11.4132395759, 46.2884630543]}, "properties": {"species": "porcino_comune", "label": "Porcino comune", "scientificName": "Boletus edulis", "year": 2023, "eventDate": "2023-08-05", "source": "inaturalist"}}, {"type": "Feature", "geometry": {"type": "Point", "coordinates": [11.3311891258, 46.6084749286]}, "properties": {"species": "porcino_comune", "label": "Porcino comune", "scientificName": "Boletus edulis", "year": 2023, "eventDate": "2023-08-02", "source": "inaturalist"}}, {"type": "Feature", "geometry": {"type": "Point", "coordinates": [11.1813243851, 46.4424202218]}, "properties": {"species": "porcino_comune", "label": "Porcino comune", "scientificName": "Boletus edulis", "year": 2023, "eventDate": "2023-08-01", "source": "inaturalist"}}, {"type": "Feature", "geometry": {"type": "Point", "coordinates": [12.4468466667, 46.6507116667]}, "properties": {"species": "porcino_comune", "label": "Porcino comune", "scientificName": "Boletus edulis", "year": 2023, "eventDate": "2023-07-26", "source": "inaturalist"}}, {"type": "Feature", "geometry": {"type": "Point", "coordinates": [11.3555754349, 46.3655239428]}, "properties": {"species": "porcino_comune", "label": "Porcino comune", "scientificName": "Boletus edulis", "year": 2023, "eventDate": "2023-07-25", "source": "inaturalist"}}, {"type": "Feature", "geometry": {"type": "Point", "coordinates": [11.3470949, 45.9318815]}, "properties": {"species": "porcino_comune", "label": "Porcino comune", "scientificName": "Boletus edulis", "year": 2023, "eventDate": "2023-07-22", "source": "inaturalist"}}, {"type": "Feature", "geometry": {"type": "Point", "coordinates": [10.3971014556, 45.8218686972]}, "properties": {"species": "porcino_comune", "label": "Porcino comune", "scientificName": "Boletus edulis", "year": 2022, "eventDate": "2022-10-31", "source": "inaturalist"}}, {"type": "Feature", "geometry": {"type": "Point", "coordinates": [8.9100780711, 45.8124788327]}, "properties": {"species": "porcino_comune", "label": "Porcino comune", "scientificName": "Boletus edulis", "year": 2022, "eventDate": "2022-10-29", "source": "inaturalist"}}, {"type": "Feature", "geometry": {"type": "Point", "coordinates": [8.5108569722, 44.469487]}, "properties": {"species": "porcino_comune", "label": "Porcino comune", "scientificName": "Boletus edulis", "year": 2022, "eventDate": "2022-10-29", "source": "inaturalist"}}, {"type": "Feature", "geometry": {"type": "Point", "coordinates": [10.4866800278, 44.1326942222]}, "properties": {"species": "porcino_comune", "label": "Porcino comune", "scientificName": "Boletus edulis", "year": 2022, "eventDate": "2022-10-23", "source": "inaturalist"}}, {"type": "Feature", "geometry": {"type": "Point", "coordinates": [10.6550236791, 43.1310849006]}, "properties": {"species": "porcino_comune", "label": "Porcino comune", "scientificName": "Boletus edulis", "year": 2022, "eventDate": "2022-10-17", "source": "inaturalist"}}, {"type": "Feature", "geometry": {"type": "Point", "coordinates": [11.1935763806, 46.0055739175]}, "properties": {"species": "porcino_comune", "label": "Porcino comune", "scientificName": "Boletus edulis", "year": 2022, "eventDate": "2022-10-09", "source": "inaturalist"}}, {"type": "Feature", "geometry": {"type": "Point", "coordinates": [11.3555754349, 46.3655352793]}, "properties": {"species": "porcino_comune", "label": "Porcino comune", "scientificName": "Boletus edulis", "year": 2022, "eventDate": "2022-10-02", "source": "inaturalist"}}, {"type": "Feature", "geometry": {"type": "Point", "coordinates": [9.6731980518, 46.116395957]}, "properties": {"species": "porcino_comune", "label": "Porcino comune", "scientificName": "Boletus edulis", "year": 2022, "eventDate": "2022-10-02", "source": "inaturalist"}}, {"type": "Feature", "geometry": {"type": "Point", "coordinates": [8.2284003496, 45.7930891991]}, "properties": {"species": "porcino_comune", "label": "Porcino comune", "scientificName": "Boletus edulis", "year": 2022, "eventDate": "2022-10-01", "source": "inaturalist"}}, {"type": "Feature", "geometry": {"type": "Point", "coordinates": [8.2443611696, 45.8035170174]}, "properties": {"species": "porcino_comune", "label": "Porcino comune", "scientificName": "Boletus edulis", "year": 2022, "eventDate": "2022-10-01", "source": "inaturalist"}}, {"type": "Feature", "geometry": {"type": "Point", "coordinates": [11.8669429421, 46.7533132577]}, "properties": {"species": "porcino_comune", "label": "Porcino comune", "scientificName": "Boletus edulis", "year": 2022, "eventDate": "2022-09-30", "source": "inaturalist"}}, {"type": "Feature", "geometry": {"type": "Point", "coordinates": [9.9001444444, 45.9849722222]}, "properties": {"species": "porcino_comune", "label": "Porcino comune", "scientificName": "Boletus edulis", "year": 2022, "eventDate": "2022-09-18", "source": "inaturalist"}}, {"type": "Feature", "geometry": {"type": "Point", "coordinates": [10.0848305556, 45.9340166667]}, "properties": {"species": "porcino_comune", "label": "Porcino comune", "scientificName": "Boletus edulis", "year": 2022, "eventDate": "2022-09-13", "source": "inaturalist"}}, {"type": "Feature", "geometry": {"type": "Point", "coordinates": [9.1792481997, 45.8461426]}, "properties": {"species": "porcino_comune", "label": "Porcino comune", "scientificName": "Boletus edulis", "year": 2022, "eventDate": "2022-09-11", "source": "inaturalist"}}, {"type": "Feature", "geometry": {"type": "Point", "coordinates": [11.1882540825, 45.6886014818]}, "properties": {"species": "porcino_comune", "label": "Porcino comune", "scientificName": "Boletus edulis", "year": 2022, "eventDate": "2022-09-11", "source": "inaturalist"}}, {"type": "Feature", "geometry": {"type": "Point", "coordinates": [11.4007094351, 45.9588193538]}, "properties": {"species": "porcino_comune", "label": "Porcino comune", "scientificName": "Boletus edulis", "year": 2022, "eventDate": "2022-09-10", "source": "inaturalist"}}, {"type": "Feature", "geometry": {"type": "Point", "coordinates": [7.2355851944, 45.0239448333]}, "properties": {"species": "porcino_comune", "label": "Porcino comune", "scientificName": "Boletus edulis", "year": 2022, "eventDate": "2022-09-05", "source": "inaturalist"}}, {"type": "Feature", "geometry": {"type": "Point", "coordinates": [7.2150192037, 44.9029465622]}, "properties": {"species": "porcino_comune", "label": "Porcino comune", "scientificName": "Boletus edulis", "year": 2022, "eventDate": "2022-09-04", "source": "inaturalist"}}, {"type": "Feature", "geometry": {"type": "Point", "coordinates": [8.2410768047, 45.7983546603]}, "properties": {"species": "porcino_comune", "label": "Porcino comune", "scientificName": "Boletus edulis", "year": 2022, "eventDate": "2022-09-04", "source": "inaturalist"}}, {"type": "Feature", "geometry": {"type": "Point", "coordinates": [8.2437784597, 45.7980678486]}, "properties": {"species": "porcino_comune", "label": "Porcino comune", "scientificName": "Boletus edulis", "year": 2022, "eventDate": "2022-09-04", "source": "inaturalist"}}, {"type": "Feature", "geometry": {"type": "Point", "coordinates": [7.2517624497, 44.8548384915]}, "properties": {"species": "porcino_comune", "label": "Porcino comune", "scientificName": "Boletus edulis", "year": 2022, "eventDate": "2022-09-03", "source": "inaturalist"}}, {"type": "Feature", "geometry": {"type": "Point", "coordinates": [16.5692600235, 39.3715382149]}, "properties": {"species": "porcino_comune", "label": "Porcino comune", "scientificName": "Boletus edulis", "year": 2022, "eventDate": "2022-09-01", "source": "inaturalist"}}, {"type": "Feature", "geometry": {"type": "Point", "coordinates": [10.1625381494, 46.1494522856]}, "properties": {"species": "porcino_comune", "label": "Porcino comune", "scientificName": "Boletus edulis", "year": 2022, "eventDate": "2022-08-30", "source": "inaturalist"}}, {"type": "Feature", "geometry": {"type": "Point", "coordinates": [10.0345958769, 46.1431010518]}, "properties": {"species": "porcino_comune", "label": "Porcino comune", "scientificName": "Boletus edulis", "year": 2022, "eventDate": "2022-08-27", "source": "inaturalist"}}, {"type": "Feature", "geometry": {"type": "Point", "coordinates": [12.4452435916, 46.497419623]}, "properties": {"species": "porcino_comune", "label": "Porcino comune", "scientificName": "Boletus edulis", "year": 2022, "eventDate": "2022-08-26", "source": "inaturalist"}}, {"type": "Feature", "geometry": {"type": "Point", "coordinates": [11.3375959722, 46.1848099722]}, "properties": {"species": "porcino_comune", "label": "Porcino comune", "scientificName": "Boletus edulis", "year": 2022, "eventDate": "2022-08-25", "source": "inaturalist"}}, {"type": "Feature", "geometry": {"type": "Point", "coordinates": [12.08431371, 46.78260858]}, "properties": {"species": "porcino_comune", "label": "Porcino comune", "scientificName": "Boletus edulis", "year": 2022, "eventDate": "2022-08-23", "source": "inaturalist"}}, {"type": "Feature", "geometry": {"type": "Point", "coordinates": [11.8441410244, 46.7740116078]}, "properties": {"species": "porcino_comune", "label": "Porcino comune", "scientificName": "Boletus edulis", "year": 2022, "eventDate": "2022-08-20", "source": "inaturalist"}}, {"type": "Feature", "geometry": {"type": "Point", "coordinates": [13.045009547, 42.1261172871]}, "properties": {"species": "porcino_comune", "label": "Porcino comune", "scientificName": "Boletus edulis", "year": 2022, "eventDate": "2022-08-20", "source": "inaturalist"}}, {"type": "Feature", "geometry": {"type": "Point", "coordinates": [11.3773298264, 46.4503362284]}, "properties": {"species": "porcino_comune", "label": "Porcino comune", "scientificName": "Boletus edulis", "year": 2022, "eventDate": "2022-08-17", "source": "inaturalist"}}, {"type": "Feature", "geometry": {"type": "Point", "coordinates": [11.77392, 46.2688333328]}, "properties": {"species": "porcino_comune", "label": "Porcino comune", "scientificName": "Boletus edulis", "year": 2022, "eventDate": "2022-08-13", "source": "inaturalist"}}, {"type": "Feature", "geometry": {"type": "Point", "coordinates": [16.265345874, 38.427528946]}, "properties": {"species": "porcino_comune", "label": "Porcino comune", "scientificName": "Boletus edulis", "year": 2021, "eventDate": "2021-11-02", "source": "inaturalist"}}, {"type": "Feature", "geometry": {"type": "Point", "coordinates": [11.1935763806, 46.0055739175]}, "properties": {"species": "porcino_comune", "label": "Porcino comune", "scientificName": "Boletus edulis", "year": 2021, "eventDate": "2021-10-20", "source": "inaturalist"}}, {"type": "Feature", "geometry": {"type": "Point", "coordinates": [7.5028977, 44.3117076]}, "properties": {"species": "porcino_comune", "label": "Porcino comune", "scientificName": "Boletus edulis", "year": 2021, "eventDate": "2021-10-14", "source": "inaturalist"}}, {"type": "Feature", "geometry": {"type": "Point", "coordinates": [8.2567724213, 45.7928701545]}, "properties": {"species": "porcino_comune", "label": "Porcino comune", "scientificName": "Boletus edulis", "year": 2021, "eventDate": "2021-10-09", "source": "inaturalist"}}, {"type": "Feature", "geometry": {"type": "Point", "coordinates": [8.642567, 44.6390797]}, "properties": {"species": "porcino_comune", "label": "Porcino comune", "scientificName": "Boletus edulis", "year": 2021, "eventDate": "2021-10-08", "source": "inaturalist"}}, {"type": "Feature", "geometry": {"type": "Point", "coordinates": [8.8786046952, 44.5906185578]}, "properties": {"species": "porcino_comune", "label": "Porcino comune", "scientificName": "Boletus edulis", "year": 2021, "eventDate": "2021-10-01", "source": "inaturalist"}}, {"type": "Feature", "geometry": {"type": "Point", "coordinates": [16.7854496039, 39.0194568596]}, "properties": {"species": "porcino_comune", "label": "Porcino comune", "scientificName": "Boletus edulis", "year": 2021, "eventDate": "2021-09-19", "source": "inaturalist"}}, {"type": "Feature", "geometry": {"type": "Point", "coordinates": [7.2924825752, 44.348943356]}, "properties": {"species": "porcino_comune", "label": "Porcino comune", "scientificName": "Boletus edulis", "year": 2021, "eventDate": "2021-09-18", "source": "inaturalist"}}, {"type": "Feature", "geometry": {"type": "Point", "coordinates": [10.2241573333, 46.0550842283]}, "properties": {"species": "porcino_comune", "label": "Porcino comune", "scientificName": "Boletus edulis", "year": 2021, "eventDate": "2021-09-03", "source": "inaturalist"}}, {"type": "Feature", "geometry": {"type": "Point", "coordinates": [11.1330297564, 46.7082787389]}, "properties": {"species": "porcino_comune", "label": "Porcino comune", "scientificName": "Boletus edulis", "year": 2021, "eventDate": "2021-08-28", "source": "inaturalist"}}, {"type": "Feature", "geometry": {"type": "Point", "coordinates": [10.2010728791, 46.1906461052]}, "properties": {"species": "porcino_comune", "label": "Porcino comune", "scientificName": "Boletus edulis", "year": 2021, "eventDate": "2021-08-20", "source": "inaturalist"}}, {"type": "Feature", "geometry": {"type": "Point", "coordinates": [9.6770748496, 46.1835473758]}, "properties": {"species": "porcino_comune", "label": "Porcino comune", "scientificName": "Boletus edulis", "year": 2021, "eventDate": "2021-08-19", "source": "inaturalist"}}, {"type": "Feature", "geometry": {"type": "Point", "coordinates": [11.0024072975, 46.1641363775]}, "properties": {"species": "porcino_comune", "label": "Porcino comune", "scientificName": "Boletus edulis", "year": 2021, "eventDate": "2021-08-15", "source": "inaturalist"}}, {"type": "Feature", "geometry": {"type": "Point", "coordinates": [11.8583131, 46.1340994997]}, "properties": {"species": "porcino_comune", "label": "Porcino comune", "scientificName": "Boletus edulis", "year": 2021, "eventDate": "2021-08-14", "source": "inaturalist"}}, {"type": "Feature", "geometry": {"type": "Point", "coordinates": [9.933138974, 46.1589592329]}, "properties": {"species": "porcino_comune", "label": "Porcino comune", "scientificName": "Boletus edulis", "year": 2021, "eventDate": "2021-08-11", "source": "inaturalist"}}, {"type": "Feature", "geometry": {"type": "Point", "coordinates": [10.4978218079, 46.8153610229]}, "properties": {"species": "porcino_comune", "label": "Porcino comune", "scientificName": "Boletus edulis", "year": 2021, "eventDate": "2021-08-09", "source": "inaturalist"}}, {"type": "Feature", "geometry": {"type": "Point", "coordinates": [9.5473289722, 46.0851189722]}, "properties": {"species": "porcino_comune", "label": "Porcino comune", "scientificName": "Boletus edulis", "year": 2021, "eventDate": "2021-08-08", "source": "inaturalist"}}, {"type": "Feature", "geometry": {"type": "Point", "coordinates": [11.6988133333, 46.71267]}, "properties": {"species": "porcino_comune", "label": "Porcino comune", "scientificName": "Boletus edulis", "year": 2021, "eventDate": "2021-07-09", "source": "inaturalist"}}, {"type": "Feature", "geometry": {"type": "Point", "coordinates": [10.7502910495, 43.0013316212]}, "properties": {"species": "porcino_comune", "label": "Porcino comune", "scientificName": "Boletus edulis", "year": 2020, "eventDate": "2020-11-22", "source": "inaturalist"}}, {"type": "Feature", "geometry": {"type": "Point", "coordinates": [16.6099337116, 39.449659667]}, "properties": {"species": "porcino_comune", "label": "Porcino comune", "scientificName": "Boletus edulis", "year": 2020, "eventDate": "2020-11-09", "source": "inaturalist"}}, {"type": "Feature", "geometry": {"type": "Point", "coordinates": [15.9058511907, 38.1225247085]}, "properties": {"species": "porcino_comune", "label": "Porcino comune", "scientificName": "Boletus edulis", "year": 2020, "eventDate": "2020-11-01", "source": "inaturalist"}}, {"type": "Feature", "geometry": {"type": "Point", "coordinates": [8.3620505654, 45.6392976228]}, "properties": {"species": "porcino_comune", "label": "Porcino comune", "scientificName": "Boletus edulis", "year": 2020, "eventDate": "2020-10-19", "source": "inaturalist"}}, {"type": "Feature", "geometry": {"type": "Point", "coordinates": [12.0949915639, 42.4214528532]}, "properties": {"species": "porcino_comune", "label": "Porcino comune", "scientificName": "Boletus edulis", "year": 2020, "eventDate": "2020-10-18", "source": "inaturalist"}}, {"type": "Feature", "geometry": {"type": "Point", "coordinates": [10.4120420292, 43.9659811901]}, "properties": {"species": "porcino_comune", "label": "Porcino comune", "scientificName": "Boletus edulis", "year": 2020, "eventDate": "2020-10-16", "source": "inaturalist"}}, {"type": "Feature", "geometry": {"type": "Point", "coordinates": [12.9020616989, 41.4440114477]}, "properties": {"species": "porcino_comune", "label": "Porcino comune", "scientificName": "Boletus edulis", "year": 2020, "eventDate": "2020-10-15", "source": "inaturalist"}}, {"type": "Feature", "geometry": {"type": "Point", "coordinates": [12.9700492948, 41.5883192312]}, "properties": {"species": "porcino_comune", "label": "Porcino comune", "scientificName": "Boletus edulis", "year": 2020, "eventDate": "2020-10-15", "source": "inaturalist"}}, {"type": "Feature", "geometry": {"type": "Point", "coordinates": [11.3075253367, 46.0417395929]}, "properties": {"species": "porcino_comune", "label": "Porcino comune", "scientificName": "Boletus edulis", "year": 2020, "eventDate": "2020-09-21", "source": "inaturalist"}}, {"type": "Feature", "geometry": {"type": "Point", "coordinates": [7.1194695309, 44.8088671845]}, "properties": {"species": "porcino_comune", "label": "Porcino comune", "scientificName": "Boletus edulis", "year": 2020, "eventDate": "2020-09-18", "source": "inaturalist"}}, {"type": "Feature", "geometry": {"type": "Point", "coordinates": [8.5124, 45.866975]}, "properties": {"species": "porcino_comune", "label": "Porcino comune", "scientificName": "Boletus edulis", "year": 2020, "eventDate": "2020-09-13", "source": "inaturalist"}}, {"type": "Feature", "geometry": {"type": "Point", "coordinates": [10.4104623794, 44.0926666258]}, "properties": {"species": "porcino_comune", "label": "Porcino comune", "scientificName": "Boletus edulis", "year": 2020, "eventDate": "2020-09-13", "source": "inaturalist"}}, {"type": "Feature", "geometry": {"type": "Point", "coordinates": [10.41826667, 46.23697]}, "properties": {"species": "porcino_comune", "label": "Porcino comune", "scientificName": "Boletus edulis", "year": 2020, "eventDate": "2020-09-12", "source": "inaturalist"}}, {"type": "Feature", "geometry": {"type": "Point", "coordinates": [7.70040833, 45.76769167]}, "properties": {"species": "porcino_comune", "label": "Porcino comune", "scientificName": "Boletus edulis", "year": 2020, "eventDate": "2020-08-21", "source": "inaturalist"}}, {"type": "Feature", "geometry": {"type": "Point", "coordinates": [11.0927699722, 46.632474]}, "properties": {"species": "porcino_comune", "label": "Porcino comune", "scientificName": "Boletus edulis", "year": 2020, "eventDate": "2020-07-31", "source": "inaturalist"}}, {"type": "Feature", "geometry": {"type": "Point", "coordinates": [11.1098312, 46.6326133]}, "properties": {"species": "porcino_comune", "label": "Porcino comune", "scientificName": "Boletus edulis", "year": 2020, "eventDate": "2020-07-31", "source": "inaturalist"}}, {"type": "Feature", "geometry": {"type": "Point", "coordinates": [11.0024073, 46.1641373]}, "properties": {"species": "porcino_comune", "label": "Porcino comune", "scientificName": "Boletus edulis", "year": 2020, "eventDate": "2020-07-25", "source": "inaturalist"}}, {"type": "Feature", "geometry": {"type": "Point", "coordinates": [12.3675108701, 46.6884830663]}, "properties": {"species": "porcino_comune", "label": "Porcino comune", "scientificName": "Boletus edulis", "year": 2020, "eventDate": "2020-07-25", "source": "inaturalist"}}, {"type": "Feature", "geometry": {"type": "Point", "coordinates": [10.7999159396, 46.242326156]}, "properties": {"species": "porcino_comune", "label": "Porcino comune", "scientificName": "Boletus edulis", "year": 2020, "eventDate": "2020-07-24", "source": "inaturalist"}}, {"type": "Feature", "geometry": {"type": "Point", "coordinates": [7.7704678103, 45.0679869861]}, "properties": {"species": "porcino_comune", "label": "Porcino comune", "scientificName": "Boletus edulis", "year": 2020, "eventDate": "2020-07-13", "source": "inaturalist"}}, {"type": "Feature", "geometry": {"type": "Point", "coordinates": [11.5620133233, 46.4573632723]}, "properties": {"species": "porcino_comune", "label": "Porcino comune", "scientificName": "Boletus edulis", "year": 2020, "eventDate": "2020-07-12", "source": "inaturalist"}}, {"type": "Feature", "geometry": {"type": "Point", "coordinates": [11.728063859, 46.0241359086]}, "properties": {"species": "porcino_comune", "label": "Porcino comune", "scientificName": "Boletus edulis", "year": 2020, "eventDate": "2020-07-11", "source": "inaturalist"}}, {"type": "Feature", "geometry": {"type": "Point", "coordinates": [15.1077826381, 40.8039590971]}, "properties": {"species": "porcino_comune", "label": "Porcino comune", "scientificName": "Boletus edulis", "year": 2020, "eventDate": "2020-07-09", "source": "inaturalist"}}, {"type": "Feature", "geometry": {"type": "Point", "coordinates": [11.848610878, 46.1633338928]}, "properties": {"species": "porcino_comune", "label": "Porcino comune", "scientificName": "Boletus edulis", "year": 2020, "eventDate": "2020-07-04", "source": "inaturalist"}}, {"type": "Feature", "geometry": {"type": "Point", "coordinates": [7.1272670478, 44.7995996735]}, "properties": {"species": "porcino_comune", "label": "Porcino comune", "scientificName": "Boletus edulis", "year": 2020, "eventDate": "2020-05-26", "source": "inaturalist"}}, {"type": "Feature", "geometry": {"type": "Point", "coordinates": [8.5642039018, 45.442817959]}, "properties": {"species": "porcino_comune", "label": "Porcino comune", "scientificName": "Boletus edulis", "year": 2019, "eventDate": "2019-09-23", "source": "inaturalist"}}, {"type": "Feature", "geometry": {"type": "Point", "coordinates": [7.2400136074, 44.766714393]}, "properties": {"species": "porcino_comune", "label": "Porcino comune", "scientificName": "Boletus edulis", "year": 2019, "eventDate": "2019-09-19", "source": "inaturalist"}}, {"type": "Feature", "geometry": {"type": "Point", "coordinates": [9.9019441605, 46.2927780151]}, "properties": {"species": "porcino_comune", "label": "Porcino comune", "scientificName": "Boletus edulis", "year": 2019, "eventDate": "2019-09-15", "source": "inaturalist"}}, {"type": "Feature", "geometry": {"type": "Point", "coordinates": [11.5259933283, 45.838929313]}, "properties": {"species": "porcino_comune", "label": "Porcino comune", "scientificName": "Boletus edulis", "year": 2019, "eventDate": "2019-09-14", "source": "inaturalist"}}, {"type": "Feature", "geometry": {"type": "Point", "coordinates": [7.4876054694, 44.289285041]}, "properties": {"species": "porcino_comune", "label": "Porcino comune", "scientificName": "Boletus edulis", "year": 2019, "eventDate": "2019-09-14", "source": "inaturalist"}}, {"type": "Feature", "geometry": {"type": "Point", "coordinates": [10.8340292796, 46.252005607]}, "properties": {"species": "porcino_comune", "label": "Porcino comune", "scientificName": "Boletus edulis", "year": 2019, "eventDate": "2019-09-06", "source": "inaturalist"}}, {"type": "Feature", "geometry": {"type": "Point", "coordinates": [11.5052366667, 45.8960333333]}, "properties": {"species": "porcino_comune", "label": "Porcino comune", "scientificName": "Boletus edulis", "year": 2019, "eventDate": "2019-09-04", "source": "inaturalist"}}, {"type": "Feature", "geometry": {"type": "Point", "coordinates": [7.87353, 45.5529516667]}, "properties": {"species": "porcino_comune", "label": "Porcino comune", "scientificName": "Boletus edulis", "year": 2019, "eventDate": "2019-09-01", "source": "inaturalist"}}, {"type": "Feature", "geometry": {"type": "Point", "coordinates": [10.4797689803, 46.4144640556]}, "properties": {"species": "porcino_comune", "label": "Porcino comune", "scientificName": "Boletus edulis", "year": 2019, "eventDate": "2019-08-27", "source": "inaturalist"}}, {"type": "Feature", "geometry": {"type": "Point", "coordinates": [7.876805, 45.5575433333]}, "properties": {"species": "porcino_comune", "label": "Porcino comune", "scientificName": "Boletus edulis", "year": 2019, "eventDate": "2019-08-25", "source": "inaturalist"}}, {"type": "Feature", "geometry": {"type": "Point", "coordinates": [9.6902102977, 46.1002165495]}, "properties": {"species": "porcino_comune", "label": "Porcino comune", "scientificName": "Boletus edulis", "year": 2019, "eventDate": "2019-08-21", "source": "inaturalist"}}, {"type": "Feature", "geometry": {"type": "Point", "coordinates": [9.5702666044, 46.0701107549]}, "properties": {"species": "porcino_comune", "label": "Porcino comune", "scientificName": "Boletus edulis", "year": 2019, "eventDate": "2019-08-17", "source": "inaturalist"}}, {"type": "Feature", "geometry": {"type": "Point", "coordinates": [11.3422007395, 44.428826211]}, "properties": {"species": "porcino_comune", "label": "Porcino comune", "scientificName": "Boletus edulis", "year": 2019, "eventDate": "2019-07-17", "source": "inaturalist"}}, {"type": "Feature", "geometry": {"type": "Point", "coordinates": [10.6175661064, 43.914659085]}, "properties": {"species": "porcino_comune", "label": "Porcino comune", "scientificName": "Boletus edulis", "year": 2018, "eventDate": "2018-11-18", "source": "inaturalist"}}, {"type": "Feature", "geometry": {"type": "Point", "coordinates": [7.2376045983, 44.9013451488]}, "properties": {"species": "porcino_comune", "label": "Porcino comune", "scientificName": "Boletus edulis", "year": 2018, "eventDate": "2018-10-26", "source": "inaturalist"}}, {"type": "Feature", "geometry": {"type": "Point", "coordinates": [8.3432297409, 45.6336174937]}, "properties": {"species": "porcino_comune", "label": "Porcino comune", "scientificName": "Boletus edulis", "year": 2018, "eventDate": "2018-10-06", "source": "inaturalist"}}, {"type": "Feature", "geometry": {"type": "Point", "coordinates": [7.9930783333, 45.6247633333]}, "properties": {"species": "porcino_comune", "label": "Porcino comune", "scientificName": "Boletus edulis", "year": 2018, "eventDate": "2018-10-04", "source": "inaturalist"}}, {"type": "Feature", "geometry": {"type": "Point", "coordinates": [7.2255522385, 44.6411319174]}, "properties": {"species": "porcino_comune", "label": "Porcino comune", "scientificName": "Boletus edulis", "year": 2018, "eventDate": "2018-09-23", "source": "inaturalist"}}, {"type": "Feature", "geometry": {"type": "Point", "coordinates": [10.3581689528, 44.2120766442]}, "properties": {"species": "porcino_comune", "label": "Porcino comune", "scientificName": "Boletus edulis", "year": 2018, "eventDate": "2018-09-22", "source": "inaturalist"}}, {"type": "Feature", "geometry": {"type": "Point", "coordinates": [11.7849136144, 46.1909401733]}, "properties": {"species": "porcino_comune", "label": "Porcino comune", "scientificName": "Boletus edulis", "year": 2018, "eventDate": "2018-09-16", "source": "inaturalist"}}, {"type": "Feature", "geometry": {"type": "Point", "coordinates": [9.2083633333, 46.1560888333]}, "properties": {"species": "porcino_comune", "label": "Porcino comune", "scientificName": "Boletus edulis", "year": 2018, "eventDate": "2018-09-01", "source": "inaturalist"}}, {"type": "Feature", "geometry": {"type": "Point", "coordinates": [7.2496123239, 45.4417521255]}, "properties": {"species": "porcino_comune", "label": "Porcino comune", "scientificName": "Boletus edulis", "year": 2018, "eventDate": "2018-08-22", "source": "inaturalist"}}, {"type": "Feature", "geometry": {"type": "Point", "coordinates": [11.7885076009, 46.2613417205]}, "properties": {"species": "porcino_comune", "label": "Porcino comune", "scientificName": "Boletus edulis", "year": 2018, "eventDate": "2018-08-22", "source": "inaturalist"}}, {"type": "Feature", "geometry": {"type": "Point", "coordinates": [8.2624673005, 45.8238836552]}, "properties": {"species": "porcino_comune", "label": "Porcino comune", "scientificName": "Boletus edulis", "year": 2018, "eventDate": "2018-08-18", "source": "inaturalist"}}, {"type": "Feature", "geometry": {"type": "Point", "coordinates": [8.7114616454, 44.4825471868]}, "properties": {"species": "porcino_comune", "label": "Porcino comune", "scientificName": "Boletus edulis", "year": 2018, "eventDate": "2018-07-21", "source": "inaturalist"}}, {"type": "Feature", "geometry": {"type": "Point", "coordinates": [9.3857575326, 45.8386067807]}, "properties": {"species": "porcino_comune", "label": "Porcino comune", "scientificName": "Boletus edulis", "year": 2017, "eventDate": "2017-10-01", "source": "inaturalist"}}, {"type": "Feature", "geometry": {"type": "Point", "coordinates": [11.7917633057, 43.8039337412]}, "properties": {"species": "porcino_comune", "label": "Porcino comune", "scientificName": "Boletus edulis", "year": 2016, "eventDate": "2016-10-01", "source": "inaturalist"}}, {"type": "Feature", "geometry": {"type": "Point", "coordinates": [11.3077510441, 46.8591465566]}, "properties": {"species": "porcino_comune", "label": "Porcino comune", "scientificName": "Boletus edulis", "year": 2016, "eventDate": "2016-08-31", "source": "inaturalist"}}, {"type": "Feature", "geometry": {"type": "Point", "coordinates": [12.5973178, 46.572657]}, "properties": {"species": "porcino_comune", "label": "Porcino comune", "scientificName": "Boletus edulis", "year": 2015, "eventDate": "2015-08-10", "source": "inaturalist"}}, {"type": "Feature", "geometry": {"type": "Point", "coordinates": [12.6853435, 46.5671106]}, "properties": {"species": "porcino_comune", "label": "Porcino comune", "scientificName": "Boletus edulis", "year": 2015, "eventDate": "2015-08-09", "source": "inaturalist"}}, {"type": "Feature", "geometry": {"type": "Point", "coordinates": [12.5496237, 46.5580169]}, "properties": {"species": "porcino_comune", "label": "Porcino comune", "scientificName": "Boletus edulis", "year": 2015, "eventDate": "2015-08-09", "source": "inaturalist"}}, {"type": "Feature", "geometry": {"type": "Point", "coordinates": [11.6243444589, 46.296698559]}, "properties": {"species": "porcino_comune", "label": "Porcino comune", "scientificName": "Boletus edulis", "year": 2011, "eventDate": "2011-09-13", "source": "inaturalist"}}, {"type": "Feature", "geometry": {"type": "Point", "coordinates": [11.6243444589, 46.296698559]}, "properties": {"species": "porcino_comune", "label": "Porcino comune", "scientificName": "Boletus edulis", "year": 2011, "eventDate": "2011-08-30", "source": "inaturalist"}}, {"type": "Feature", "geometry": {"type": "Point", "coordinates": [9.2620279045, 44.8995593494]}, "properties": {"species": "porcino_comune", "label": "Porcino comune", "scientificName": "Boletus edulis", "year": 2009, "eventDate": "2009-10-23", "source": "inaturalist"}}, {"type": "Feature", "geometry": {"type": "Point", "coordinates": [11.363063, 46.115599]}, "properties": {"species": "porcino_pini", "label": "Porcino dei pini", "scientificName": "Boletus pinophilus", "year": 2025, "eventDate": "2025-06-15T09:39", "source": "gbif"}}, {"type": "Feature", "geometry": {"type": "Point", "coordinates": [9.367946, 46.409862]}, "properties": {"species": "porcino_pini", "label": "Porcino dei pini", "scientificName": "Boletus pinophilus", "year": 2025, "eventDate": "2025-07-25T18:06:03", "source": "gbif"}}, {"type": "Feature", "geometry": {"type": "Point", "coordinates": [13.41158, 42.671913]}, "properties": {"species": "porcino_pini", "label": "Porcino dei pini", "scientificName": "Boletus pinophilus", "year": 2025, "eventDate": "2025-07-28T10:20:27", "source": "gbif"}}, {"type": "Feature", "geometry": {"type": "Point", "coordinates": [10.76335, 44.115178]}, "properties": {"species": "porcino_pini", "label": "Porcino dei pini", "scientificName": "Boletus pinophilus", "year": 2025, "eventDate": "2025-07-20T09:35:25", "source": "gbif"}}, {"type": "Feature", "geometry": {"type": "Point", "coordinates": [11.839176, 46.068891]}, "properties": {"species": "porcino_pini", "label": "Porcino dei pini", "scientificName": "Boletus pinophilus", "year": 2025, "eventDate": "2025-08-05T10:50", "source": "gbif"}}, {"type": "Feature", "geometry": {"type": "Point", "coordinates": [11.24748, 46.625787]}, "properties": {"species": "porcino_pini", "label": "Porcino dei pini", "scientificName": "Boletus pinophilus", "year": 2025, "eventDate": "2025-08-10T13:44:18", "source": "gbif"}}, {"type": "Feature", "geometry": {"type": "Point", "coordinates": [11.240497, 45.775356]}, "properties": {"species": "porcino_pini", "label": "Porcino dei pini", "scientificName": "Boletus pinophilus", "year": 2025, "eventDate": "2025-09-14T10:58:03", "source": "gbif"}}, {"type": "Feature", "geometry": {"type": "Point", "coordinates": [8.347441, 46.199503]}, "properties": {"species": "porcino_pini", "label": "Porcino dei pini", "scientificName": "Boletus pinophilus", "year": 2025, "eventDate": "2025-09-21T14:47:24", "source": "gbif"}}, {"type": "Feature", "geometry": {"type": "Point", "coordinates": [8.349847, 46.198557]}, "properties": {"species": "porcino_pini", "label": "Porcino dei pini", "scientificName": "Boletus pinophilus", "year": 2024, "eventDate": "2024-07-02T08:00", "source": "gbif"}}, {"type": "Feature", "geometry": {"type": "Point", "coordinates": [11.701129, 43.854997]}, "properties": {"species": "porcino_pini", "label": "Porcino dei pini", "scientificName": "Boletus pinophilus", "year": 2024, "eventDate": "2024-10-05T08:07", "source": "gbif"}}, {"type": "Feature", "geometry": {"type": "Point", "coordinates": [11.460691, 46.3127]}, "properties": {"species": "porcino_pini", "label": "Porcino dei pini", "scientificName": "Boletus pinophilus", "year": 2023, "eventDate": "2023-09-15T14:39", "source": "gbif"}}, {"type": "Feature", "geometry": {"type": "Point", "coordinates": [11.464623, 46.315417]}, "properties": {"species": "porcino_pini", "label": "Porcino dei pini", "scientificName": "Boletus pinophilus", "year": 2023, "eventDate": "2023-09-27T13:03", "source": "gbif"}}, {"type": "Feature", "geometry": {"type": "Point", "coordinates": [13.027209, 46.517835]}, "properties": {"species": "porcino_pini", "label": "Porcino dei pini", "scientificName": "Boletus pinophilus", "year": 2023, "eventDate": "2023-10-06T10:25", "source": "gbif"}}, {"type": "Feature", "geometry": {"type": "Point", "coordinates": [7.315807, 45.074188]}, "properties": {"species": "porcino_pini", "label": "Porcino dei pini", "scientificName": "Boletus pinophilus", "year": 2023, "eventDate": "2023-10-07T17:38:25", "source": "gbif"}}, {"type": "Feature", "geometry": {"type": "Point", "coordinates": [7.324233, 45.074997]}, "properties": {"species": "porcino_pini", "label": "Porcino dei pini", "scientificName": "Boletus pinophilus", "year": 2023, "eventDate": "2023-10-05T14:36:52", "source": "gbif"}}, {"type": "Feature", "geometry": {"type": "Point", "coordinates": [15.856552, 38.201904]}, "properties": {"species": "porcino_pini", "label": "Porcino dei pini", "scientificName": "Boletus pinophilus", "year": 2022, "eventDate": "2022-09-03T20:27:36", "source": "gbif"}}, {"type": "Feature", "geometry": {"type": "Point", "coordinates": [15.860326, 38.129192]}, "properties": {"species": "porcino_pini", "label": "Porcino dei pini", "scientificName": "Boletus pinophilus", "year": 2022, "eventDate": "2022-10-22T12:05", "source": "gbif"}}, {"type": "Feature", "geometry": {"type": "Point", "coordinates": [10.631312, 43.980658]}, "properties": {"species": "porcino_pini", "label": "Porcino dei pini", "scientificName": "Boletus pinophilus", "year": 2022, "eventDate": "2022-10-21T11:15:03", "source": "gbif"}}, {"type": "Feature", "geometry": {"type": "Point", "coordinates": [15.90343, 38.12355]}, "properties": {"species": "porcino_pini", "label": "Porcino dei pini", "scientificName": "Boletus pinophilus", "year": 2022, "eventDate": "2022-11-04T10:33:55", "source": "gbif"}}, {"type": "Feature", "geometry": {"type": "Point", "coordinates": [7.314128, 45.068192]}, "properties": {"species": "porcino_pini", "label": "Porcino dei pini", "scientificName": "Boletus pinophilus", "year": 2022, "eventDate": "2022-11-05T13:02:53", "source": "gbif"}}, {"type": "Feature", "geometry": {"type": "Point", "coordinates": [7.702859, 45.754077]}, "properties": {"species": "porcino_pini", "label": "Porcino dei pini", "scientificName": "Boletus pinophilus", "year": 2021, "eventDate": "2021-07-21T15:39", "source": "gbif"}}, {"type": "Feature", "geometry": {"type": "Point", "coordinates": [11.41018, 46.542766]}, "properties": {"species": "porcino_pini", "label": "Porcino dei pini", "scientificName": "Boletus pinophilus", "year": 2021, "eventDate": "2021-08-14T17:02", "source": "gbif"}}, {"type": "Feature", "geometry": {"type": "Point", "coordinates": [7.6625, 44.213238]}, "properties": {"species": "porcino_pini", "label": "Porcino dei pini", "scientificName": "Boletus pinophilus", "year": 2021, "eventDate": "2021-11-12T23:47", "source": "gbif"}}, {"type": "Feature", "geometry": {"type": "Point", "coordinates": [11.067234, 46.692723]}, "properties": {"species": "porcino_pini", "label": "Porcino dei pini", "scientificName": "Boletus pinophilus", "year": 2020, "eventDate": "2020-08-18T13:49:18", "source": "gbif"}}, {"type": "Feature", "geometry": {"type": "Point", "coordinates": [11.42364, 46.25431]}, "properties": {"species": "porcino_pini", "label": "Porcino dei pini", "scientificName": "Boletus pinophilus", "year": 2020, "eventDate": "2020-09-12T14:28:01", "source": "gbif"}}, {"type": "Feature", "geometry": {"type": "Point", "coordinates": [10.138374, 46.101997]}, "properties": {"species": "porcino_pini", "label": "Porcino dei pini", "scientificName": "Boletus pinophilus", "year": 2020, "eventDate": "2020-09-23T13:24:50", "source": "gbif"}}, {"type": "Feature", "geometry": {"type": "Point", "coordinates": [10.731461, 46.339752]}, "properties": {"species": "porcino_pini", "label": "Porcino dei pini", "scientificName": "Boletus pinophilus", "year": 2019, "eventDate": "2019-08-24T18:21", "source": "gbif"}}, {"type": "Feature", "geometry": {"type": "Point", "coordinates": [9.49388, 46.123405]}, "properties": {"species": "porcino_pini", "label": "Porcino dei pini", "scientificName": "Boletus pinophilus", "year": 2019, "eventDate": "2019-08-30T10:16:15Z", "source": "gbif"}}, {"type": "Feature", "geometry": {"type": "Point", "coordinates": [9.550755, 46.059583]}, "properties": {"species": "porcino_pini", "label": "Porcino dei pini", "scientificName": "Boletus pinophilus", "year": 2019, "eventDate": "2019-09-01T17:46", "source": "gbif"}}, {"type": "Feature", "geometry": {"type": "Point", "coordinates": [9.664068, 44.397991]}, "properties": {"species": "porcino_pini", "label": "Porcino dei pini", "scientificName": "Boletus pinophilus", "year": 2019, "eventDate": "2019-10-08T00:00", "source": "gbif"}}, {"type": "Feature", "geometry": {"type": "Point", "coordinates": [11.337272, 46.637127]}, "properties": {"species": "porcino_pini", "label": "Porcino dei pini", "scientificName": "Boletus pinophilus", "year": 2018, "eventDate": "2018-09-16T09:26:40", "source": "gbif"}}, {"type": "Feature", "geometry": {"type": "Point", "coordinates": [7.800283, 44.303463]}, "properties": {"species": "porcino_pini", "label": "Porcino dei pini", "scientificName": "Boletus pinophilus", "year": 2018, "eventDate": "2018-11-01T11:58", "source": "gbif"}}, {"type": "Feature", "geometry": {"type": "Point", "coordinates": [11.252916, 46.147948]}, "properties": {"species": "porcino_pini", "label": "Porcino dei pini", "scientificName": "Boletus pinophilus", "year": 2017, "eventDate": "2017-10-01T16:37", "source": "gbif"}}, {"type": "Feature", "geometry": {"type": "Point", "coordinates": [9.387654, 46.195397]}, "properties": {"species": "porcino_pini", "label": "Porcino dei pini", "scientificName": "Boletus pinophilus", "year": 2017, "eventDate": "2017-10-04T14:45", "source": "gbif"}}, {"type": "Feature", "geometry": {"type": "Point", "coordinates": [11.487062, 46.108406]}, "properties": {"species": "porcino_pini", "label": "Porcino dei pini", "scientificName": "Boletus pinophilus", "year": 2015, "eventDate": "2015-06-17T08:39", "source": "gbif"}}, {"type": "Feature", "geometry": {"type": "Point", "coordinates": [11.245001, 46.14459]}, "properties": {"species": "porcino_pini", "label": "Porcino dei pini", "scientificName": "Boletus pinophilus", "year": 2014, "eventDate": "2014-07-05T08:34:49", "source": "gbif"}}, {"type": "Feature", "geometry": {"type": "Point", "coordinates": [11.643647, 46.793238]}, "properties": {"species": "porcino_pini", "label": "Porcino dei pini", "scientificName": "Boletus pinophilus", "year": 2014, "eventDate": "2014-09-10T09:48", "source": "gbif"}}, {"type": "Feature", "geometry": {"type": "Point", "coordinates": [11.22677, 46.11428]}, "properties": {"species": "porcino_pini", "label": "Porcino dei pini", "scientificName": "Boletus pinophilus", "year": 2013, "eventDate": "2013-07-13T12:03", "source": "gbif"}}, {"type": "Feature", "geometry": {"type": "Point", "coordinates": [11.332923, 46.040473]}, "properties": {"species": "porcino_pini", "label": "Porcino dei pini", "scientificName": "Boletus pinophilus", "year": 2010, "eventDate": "2010-10-16T21:05", "source": "gbif"}}, {"type": "Feature", "geometry": {"type": "Point", "coordinates": [11.2133, 46.0357]}, "properties": {"species": "porcino_pini", "label": "Porcino dei pini", "scientificName": "Boletus pinophilus", "year": 1998, "eventDate": "1998-05-31", "source": "gbif"}}, {"type": "Feature", "geometry": {"type": "Point", "coordinates": [16.5000000224, 39.3666666666]}, "properties": {"species": "porcino_pini", "label": "Porcino dei pini", "scientificName": "Boletus pinophilus", "year": 2025, "eventDate": "2025-11-13", "source": "inaturalist"}}, {"type": "Feature", "geometry": {"type": "Point", "coordinates": [16.583333239, 39.2166667505]}, "properties": {"species": "porcino_pini", "label": "Porcino dei pini", "scientificName": "Boletus pinophilus", "year": 2025, "eventDate": "2025-11-05", "source": "inaturalist"}}, {"type": "Feature", "geometry": {"type": "Point", "coordinates": [9.968105, 45.9769833333]}, "properties": {"species": "porcino_pini", "label": "Porcino dei pini", "scientificName": "Boletus pinophilus", "year": 2025, "eventDate": "2025-09-21", "source": "inaturalist"}}, {"type": "Feature", "geometry": {"type": "Point", "coordinates": [11.3258819116, 46.5766284917]}, "properties": {"species": "porcino_pini", "label": "Porcino dei pini", "scientificName": "Boletus pinophilus", "year": 2025, "eventDate": "2025-09-20", "source": "inaturalist"}}, {"type": "Feature", "geometry": {"type": "Point", "coordinates": [8.4319263697, 46.1465287533]}, "properties": {"species": "porcino_pini", "label": "Porcino dei pini", "scientificName": "Boletus pinophilus", "year": 2025, "eventDate": "2025-09-13", "source": "inaturalist"}}, {"type": "Feature", "geometry": {"type": "Point", "coordinates": [10.9097916667, 44.00653055]}, "properties": {"species": "porcino_pini", "label": "Porcino dei pini", "scientificName": "Boletus pinophilus", "year": 2025, "eventDate": "2025-09-07", "source": "inaturalist"}}, {"type": "Feature", "geometry": {"type": "Point", "coordinates": [11.6602283333, 46.3087283333]}, "properties": {"species": "porcino_pini", "label": "Porcino dei pini", "scientificName": "Boletus pinophilus", "year": 2025, "eventDate": "2025-08-13", "source": "inaturalist"}}, {"type": "Feature", "geometry": {"type": "Point", "coordinates": [11.33563, 46.1833179722]}, "properties": {"species": "porcino_pini", "label": "Porcino dei pini", "scientificName": "Boletus pinophilus", "year": 2025, "eventDate": "2025-08-10", "source": "inaturalist"}}, {"type": "Feature", "geometry": {"type": "Point", "coordinates": [9.9671333333, 45.9750583333]}, "properties": {"species": "porcino_pini", "label": "Porcino dei pini", "scientificName": "Boletus pinophilus", "year": 2025, "eventDate": "2025-08-09", "source": "inaturalist"}}, {"type": "Feature", "geometry": {"type": "Point", "coordinates": [11.1483833933, 46.6217103101]}, "properties": {"species": "porcino_pini", "label": "Porcino dei pini", "scientificName": "Boletus pinophilus", "year": 2025, "eventDate": "2025-07-26", "source": "inaturalist"}}, {"type": "Feature", "geometry": {"type": "Point", "coordinates": [16.5448589623, 39.3856828292]}, "properties": {"species": "porcino_pini", "label": "Porcino dei pini", "scientificName": "Boletus pinophilus", "year": 2025, "eventDate": "2025-06-11", "source": "inaturalist"}}, {"type": "Feature", "geometry": {"type": "Point", "coordinates": [16.5000000224, 39.366665889]}, "properties": {"species": "porcino_pini", "label": "Porcino dei pini", "scientificName": "Boletus pinophilus", "year": 2024, "eventDate": "2024-11-22", "source": "inaturalist"}}, {"type": "Feature", "geometry": {"type": "Point", "coordinates": [10.606600754, 44.1869691987]}, "properties": {"species": "porcino_pini", "label": "Porcino dei pini", "scientificName": "Boletus pinophilus", "year": 2024, "eventDate": "2024-10-07", "source": "inaturalist"}}, {"type": "Feature", "geometry": {"type": "Point", "coordinates": [11.3381199722, 46.1824269722]}, "properties": {"species": "porcino_pini", "label": "Porcino dei pini", "scientificName": "Boletus pinophilus", "year": 2024, "eventDate": "2024-10-06", "source": "inaturalist"}}, {"type": "Feature", "geometry": {"type": "Point", "coordinates": [11.335532, 46.1834569722]}, "properties": {"species": "porcino_pini", "label": "Porcino dei pini", "scientificName": "Boletus pinophilus", "year": 2024, "eventDate": "2024-10-04", "source": "inaturalist"}}, {"type": "Feature", "geometry": {"type": "Point", "coordinates": [11.1869459599, 46.1904755124]}, "properties": {"species": "porcino_pini", "label": "Porcino dei pini", "scientificName": "Boletus pinophilus", "year": 2024, "eventDate": "2024-10-04", "source": "inaturalist"}}, {"type": "Feature", "geometry": {"type": "Point", "coordinates": [16.5120076016, 39.2500853261]}, "properties": {"species": "porcino_pini", "label": "Porcino dei pini", "scientificName": "Boletus pinophilus", "year": 2024, "eventDate": "2024-10-04", "source": "inaturalist"}}, {"type": "Feature", "geometry": {"type": "Point", "coordinates": [16.583333239, 39.2166659713]}, "properties": {"species": "porcino_pini", "label": "Porcino dei pini", "scientificName": "Boletus pinophilus", "year": 2024, "eventDate": "2024-10-02", "source": "inaturalist"}}, {"type": "Feature", "geometry": {"type": "Point", "coordinates": [7.969105, 44.2230416667]}, "properties": {"species": "porcino_pini", "label": "Porcino dei pini", "scientificName": "Boletus pinophilus", "year": 2024, "eventDate": "2024-06-19", "source": "inaturalist"}}, {"type": "Feature", "geometry": {"type": "Point", "coordinates": [7.1431354997, 44.9473742997]}, "properties": {"species": "porcino_pini", "label": "Porcino dei pini", "scientificName": "Boletus pinophilus", "year": 2024, "eventDate": "2024-06-13", "source": "inaturalist"}}, {"type": "Feature", "geometry": {"type": "Point", "coordinates": [11.1999218166, 46.0054136966]}, "properties": {"species": "porcino_pini", "label": "Porcino dei pini", "scientificName": "Boletus pinophilus", "year": 2024, "eventDate": "2024-05-25", "source": "inaturalist"}}, {"type": "Feature", "geometry": {"type": "Point", "coordinates": [7.5735168333, 45.0814361389]}, "properties": {"species": "porcino_pini", "label": "Porcino dei pini", "scientificName": "Boletus pinophilus", "year": 2023, "eventDate": "2023-10-03", "source": "inaturalist"}}, {"type": "Feature", "geometry": {"type": "Point", "coordinates": [7.2683286, 44.8790089]}, "properties": {"species": "porcino_pini", "label": "Porcino dei pini", "scientificName": "Boletus pinophilus", "year": 2023, "eventDate": "2023-09-11", "source": "inaturalist"}}, {"type": "Feature", "geometry": {"type": "Point", "coordinates": [9.564005, 45.997375]}, "properties": {"species": "porcino_pini", "label": "Porcino dei pini", "scientificName": "Boletus pinophilus", "year": 2023, "eventDate": "2023-08-07", "source": "inaturalist"}}, {"type": "Feature", "geometry": {"type": "Point", "coordinates": [11.6572434828, 46.7177035878]}, "properties": {"species": "porcino_pini", "label": "Porcino dei pini", "scientificName": "Boletus pinophilus", "year": 2023, "eventDate": "2023-08-05", "source": "inaturalist"}}, {"type": "Feature", "geometry": {"type": "Point", "coordinates": [11.4982833333, 46.1274444444]}, "properties": {"species": "porcino_pini", "label": "Porcino dei pini", "scientificName": "Boletus pinophilus", "year": 2023, "eventDate": "2023-06-17", "source": "inaturalist"}}, {"type": "Feature", "geometry": {"type": "Point", "coordinates": [16.5000000224, 39.366665889]}, "properties": {"species": "porcino_pini", "label": "Porcino dei pini", "scientificName": "Boletus pinophilus", "year": 2023, "eventDate": "2023-06-14", "source": "inaturalist"}}, {"type": "Feature", "geometry": {"type": "Point", "coordinates": [11.3386617601, 46.1822089062]}, "properties": {"species": "porcino_pini", "label": "Porcino dei pini", "scientificName": "Boletus pinophilus", "year": 2023, "eventDate": "2023-06-08", "source": "inaturalist"}}, {"type": "Feature", "geometry": {"type": "Point", "coordinates": [11.1935763806, 46.0055489995]}, "properties": {"species": "porcino_pini", "label": "Porcino dei pini", "scientificName": "Boletus pinophilus", "year": 2023, "eventDate": "2023-05-24", "source": "inaturalist"}}, {"type": "Feature", "geometry": {"type": "Point", "coordinates": [11.1935763806, 46.0055739175]}, "properties": {"species": "porcino_pini", "label": "Porcino dei pini", "scientificName": "Boletus pinophilus", "year": 2022, "eventDate": "2022-10-07", "source": "inaturalist"}}, {"type": "Feature", "geometry": {"type": "Point", "coordinates": [11.331597, 46.191343]}, "properties": {"species": "porcino_pini", "label": "Porcino dei pini", "scientificName": "Boletus pinophilus", "year": 2022, "eventDate": "2022-09-17", "source": "inaturalist"}}, {"type": "Feature", "geometry": {"type": "Point", "coordinates": [16.6099337116, 39.449659667]}, "properties": {"species": "porcino_pini", "label": "Porcino dei pini", "scientificName": "Boletus pinophilus", "year": 2022, "eventDate": "2022-09-12", "source": "inaturalist"}}, {"type": "Feature", "geometry": {"type": "Point", "coordinates": [12.05825142, 46.74416622]}, "properties": {"species": "porcino_pini", "label": "Porcino dei pini", "scientificName": "Boletus pinophilus", "year": 2022, "eventDate": "2022-08-28", "source": "inaturalist"}}, {"type": "Feature", "geometry": {"type": "Point", "coordinates": [16.6099337116, 39.449659667]}, "properties": {"species": "porcino_pini", "label": "Porcino dei pini", "scientificName": "Boletus pinophilus", "year": 2021, "eventDate": "2021-10-29", "source": "inaturalist"}}, {"type": "Feature", "geometry": {"type": "Point", "coordinates": [11.1935763806, 46.0055739175]}, "properties": {"species": "porcino_pini", "label": "Porcino dei pini", "scientificName": "Boletus pinophilus", "year": 2021, "eventDate": "2021-10-16", "source": "inaturalist"}}, {"type": "Feature", "geometry": {"type": "Point", "coordinates": [9.8537365347, 46.1473584684]}, "properties": {"species": "porcino_pini", "label": "Porcino dei pini", "scientificName": "Boletus pinophilus", "year": 2021, "eventDate": "2021-10-02", "source": "inaturalist"}}, {"type": "Feature", "geometry": {"type": "Point", "coordinates": [10.1841504872, 45.828317755]}, "properties": {"species": "porcino_pini", "label": "Porcino dei pini", "scientificName": "Boletus pinophilus", "year": 2021, "eventDate": "2021-08-23", "source": "inaturalist"}}, {"type": "Feature", "geometry": {"type": "Point", "coordinates": [16.6099337116, 39.449659667]}, "properties": {"species": "porcino_pini", "label": "Porcino dei pini", "scientificName": "Boletus pinophilus", "year": 2021, "eventDate": "2021-06-10", "source": "inaturalist"}}, {"type": "Feature", "geometry": {"type": "Point", "coordinates": [10.150854215, 46.15699637]}, "properties": {"species": "porcino_pini", "label": "Porcino dei pini", "scientificName": "Boletus pinophilus", "year": 2020, "eventDate": "2020-09-18", "source": "inaturalist"}}, {"type": "Feature", "geometry": {"type": "Point", "coordinates": [9.6370827779, 46.1370107811]}, "properties": {"species": "porcino_pini", "label": "Porcino dei pini", "scientificName": "Boletus pinophilus", "year": 2019, "eventDate": "2019-10-08", "source": "inaturalist"}}, {"type": "Feature", "geometry": {"type": "Point", "coordinates": [10.5174348896, 43.9933085381]}, "properties": {"species": "porcino_pini", "label": "Porcino dei pini", "scientificName": "Boletus pinophilus", "year": 2018, "eventDate": "2018-11-22", "source": "inaturalist"}}, {"type": "Feature", "geometry": {"type": "Point", "coordinates": [16.508140564, 39.2539634705]}, "properties": {"species": "porcino_pini", "label": "Porcino dei pini", "scientificName": "Boletus pinophilus", "year": 2018, "eventDate": "2018-09-02", "source": "inaturalist"}}, {"type": "Feature", "geometry": {"type": "Point", "coordinates": [6.9721110515, 45.8341497404]}, "properties": {"species": "porcino_pini", "label": "Porcino dei pini", "scientificName": "Boletus pinophilus", "year": 2018, "eventDate": "2018-09-01", "source": "inaturalist"}}, {"type": "Feature", "geometry": {"type": "Point", "coordinates": [9.571724385, 46.0383030449]}, "properties": {"species": "porcino_pini", "label": "Porcino dei pini", "scientificName": "Boletus pinophilus", "year": 2018, "eventDate": "2018-08-24", "source": "inaturalist"}}, {"type": "Feature", "geometry": {"type": "Point", "coordinates": [11.4593778828, 46.3123447641]}, "properties": {"species": "porcino_pini", "label": "Porcino dei pini", "scientificName": "Boletus pinophilus", "year": 2012, "eventDate": "2012-06-18", "source": "inaturalist"}}, {"type": "Feature", "geometry": {"type": "Point", "coordinates": [9.405887, 44.25577]}, "properties": {"species": "ovolo", "label": "Ovolo", "scientificName": "Amanita caesarea", "year": 2026, "eventDate": "2026-05-29T14:07:57", "source": "gbif"}}, {"type": "Feature", "geometry": {"type": "Point", "coordinates": [11.912631, 45.921471]}, "properties": {"species": "ovolo", "label": "Ovolo", "scientificName": "Amanita caesarea", "year": 2025, "eventDate": "2025-07-31T15:47", "source": "gbif"}}, {"type": "Feature", "geometry": {"type": "Point", "coordinates": [11.239347, 46.37272]}, "properties": {"species": "ovolo", "label": "Ovolo", "scientificName": "Amanita caesarea", "year": 2025, "eventDate": "2025-07-26T17:42:40", "source": "gbif"}}, {"type": "Feature", "geometry": {"type": "Point", "coordinates": [8.77248, 44.565417]}, "properties": {"species": "ovolo", "label": "Ovolo", "scientificName": "Amanita caesarea", "year": 2025, "eventDate": "2025-08-06T14:47:01", "source": "gbif"}}, {"type": "Feature", "geometry": {"type": "Point", "coordinates": [9.677836, 45.776305]}, "properties": {"species": "ovolo", "label": "Ovolo", "scientificName": "Amanita caesarea", "year": 2025, "eventDate": "2025-08-08T17:27", "source": "gbif"}}, {"type": "Feature", "geometry": {"type": "Point", "coordinates": [10.403663, 44.041756]}, "properties": {"species": "ovolo", "label": "Ovolo", "scientificName": "Amanita caesarea", "year": 2025, "eventDate": "2025-09-08T11:30", "source": "gbif"}}, {"type": "Feature", "geometry": {"type": "Point", "coordinates": [11.201542, 42.952167]}, "properties": {"species": "ovolo", "label": "Ovolo", "scientificName": "Amanita caesarea", "year": 2025, "eventDate": "2025-09-16T18:43:50", "source": "gbif"}}, {"type": "Feature", "geometry": {"type": "Point", "coordinates": [10.783092, 42.858842]}, "properties": {"species": "ovolo", "label": "Ovolo", "scientificName": "Amanita caesarea", "year": 2025, "eventDate": "2025-09-26", "source": "gbif"}}, {"type": "Feature", "geometry": {"type": "Point", "coordinates": [11.719474, 42.59421]}, "properties": {"species": "ovolo", "label": "Ovolo", "scientificName": "Amanita caesarea", "year": 2025, "eventDate": "2025-09-26T10:12:55", "source": "gbif"}}, {"type": "Feature", "geometry": {"type": "Point", "coordinates": [13.069423, 42.15805]}, "properties": {"species": "ovolo", "label": "Ovolo", "scientificName": "Amanita caesarea", "year": 2025, "eventDate": "2025-09-27T13:20", "source": "gbif"}}, {"type": "Feature", "geometry": {"type": "Point", "coordinates": [13.039717, 41.350025]}, "properties": {"species": "ovolo", "label": "Ovolo", "scientificName": "Amanita caesarea", "year": 2025, "eventDate": "2025-09-25T09:53:58", "source": "gbif"}}, {"type": "Feature", "geometry": {"type": "Point", "coordinates": [10.471868, 44.122526]}, "properties": {"species": "ovolo", "label": "Ovolo", "scientificName": "Amanita caesarea", "year": 2025, "eventDate": "2025-09-18T08:24:26", "source": "gbif"}}, {"type": "Feature", "geometry": {"type": "Point", "coordinates": [12.367244, 43.127197]}, "properties": {"species": "ovolo", "label": "Ovolo", "scientificName": "Amanita caesarea", "year": 2025, "eventDate": "2025-09-05T19:41:36", "source": "gbif"}}, {"type": "Feature", "geometry": {"type": "Point", "coordinates": [14.398841, 41.360923]}, "properties": {"species": "ovolo", "label": "Ovolo", "scientificName": "Amanita caesarea", "year": 2025, "eventDate": "2025-09-17T14:41", "source": "gbif"}}, {"type": "Feature", "geometry": {"type": "Point", "coordinates": [11.719362, 42.59427]}, "properties": {"species": "ovolo", "label": "Ovolo", "scientificName": "Amanita caesarea", "year": 2025, "eventDate": "2025-09-26T10:13:08", "source": "gbif"}}, {"type": "Feature", "geometry": {"type": "Point", "coordinates": [11.639311, 42.811532]}, "properties": {"species": "ovolo", "label": "Ovolo", "scientificName": "Amanita caesarea", "year": 2025, "eventDate": "2025-09-09T12:34", "source": "gbif"}}, {"type": "Feature", "geometry": {"type": "Point", "coordinates": [9.712305, 44.439995]}, "properties": {"species": "ovolo", "label": "Ovolo", "scientificName": "Amanita caesarea", "year": 2025, "eventDate": "2025-09-20T18:54:45", "source": "gbif"}}, {"type": "Feature", "geometry": {"type": "Point", "coordinates": [10.677738, 43.942483]}, "properties": {"species": "ovolo", "label": "Ovolo", "scientificName": "Amanita caesarea", "year": 2025, "eventDate": "2025-10-17T13:11", "source": "gbif"}}, {"type": "Feature", "geometry": {"type": "Point", "coordinates": [8.91711, 39.172445]}, "properties": {"species": "ovolo", "label": "Ovolo", "scientificName": "Amanita caesarea", "year": 2025, "eventDate": "2025-11-24", "source": "gbif"}}, {"type": "Feature", "geometry": {"type": "Point", "coordinates": [8.878023, 39.161632]}, "properties": {"species": "ovolo", "label": "Ovolo", "scientificName": "Amanita caesarea", "year": 2025, "eventDate": "2025-11-19T11:37", "source": "gbif"}}, {"type": "Feature", "geometry": {"type": "Point", "coordinates": [16.149683, 39.145576]}, "properties": {"species": "ovolo", "label": "Ovolo", "scientificName": "Amanita caesarea", "year": 2024, "eventDate": "2024-06-18", "source": "gbif"}}, {"type": "Feature", "geometry": {"type": "Point", "coordinates": [7.982842, 44.278978]}, "properties": {"species": "ovolo", "label": "Ovolo", "scientificName": "Amanita caesarea", "year": 2024, "eventDate": "2024-08-05T16:20:33", "source": "gbif"}}, {"type": "Feature", "geometry": {"type": "Point", "coordinates": [7.317909, 45.014584]}, "properties": {"species": "ovolo", "label": "Ovolo", "scientificName": "Amanita caesarea", "year": 2024, "eventDate": "2024-09-07T10:32", "source": "gbif"}}, {"type": "Feature", "geometry": {"type": "Point", "coordinates": [8.406572, 44.370289]}, "properties": {"species": "ovolo", "label": "Ovolo", "scientificName": "Amanita caesarea", "year": 2024, "eventDate": "2024-09-07T12:50:39", "source": "gbif"}}, {"type": "Feature", "geometry": {"type": "Point", "coordinates": [11.246611, 42.975029]}, "properties": {"species": "ovolo", "label": "Ovolo", "scientificName": "Amanita caesarea", "year": 2024, "eventDate": "2024-09-23T09:49:37", "source": "gbif"}}, {"type": "Feature", "geometry": {"type": "Point", "coordinates": [13.077206, 42.18343]}, "properties": {"species": "ovolo", "label": "Ovolo", "scientificName": "Amanita caesarea", "year": 2024, "eventDate": "2024-09-21T12:08:38", "source": "gbif"}}, {"type": "Feature", "geometry": {"type": "Point", "coordinates": [12.341328, 42.526802]}, "properties": {"species": "ovolo", "label": "Ovolo", "scientificName": "Amanita caesarea", "year": 2024, "eventDate": "2024-10-05T17:58:10", "source": "gbif"}}, {"type": "Feature", "geometry": {"type": "Point", "coordinates": [12.062381, 42.133942]}, "properties": {"species": "ovolo", "label": "Ovolo", "scientificName": "Amanita caesarea", "year": 2024, "eventDate": "2024-10-02T08:17:05", "source": "gbif"}}, {"type": "Feature", "geometry": {"type": "Point", "coordinates": [10.014017, 44.706222]}, "properties": {"species": "ovolo", "label": "Ovolo", "scientificName": "Amanita caesarea", "year": 2024, "eventDate": "2024-10-06T10:12:21", "source": "gbif"}}, {"type": "Feature", "geometry": {"type": "Point", "coordinates": [11.055313, 43.774452]}, "properties": {"species": "ovolo", "label": "Ovolo", "scientificName": "Amanita caesarea", "year": 2024, "eventDate": "2024-10-05T15:04:02", "source": "gbif"}}, {"type": "Feature", "geometry": {"type": "Point", "coordinates": [12.062268, 42.134441]}, "properties": {"species": "ovolo", "label": "Ovolo", "scientificName": "Amanita caesarea", "year": 2024, "eventDate": "2024-10-02T08:18:34", "source": "gbif"}}, {"type": "Feature", "geometry": {"type": "Point", "coordinates": [10.967868, 43.0751]}, "properties": {"species": "ovolo", "label": "Ovolo", "scientificName": "Amanita caesarea", "year": 2024, "eventDate": "2024-10-12T17:21:25", "source": "gbif"}}, {"type": "Feature", "geometry": {"type": "Point", "coordinates": [10.859289, 42.856372]}, "properties": {"species": "ovolo", "label": "Ovolo", "scientificName": "Amanita caesarea", "year": 2024, "eventDate": "2024-10-01T11:12", "source": "gbif"}}, {"type": "Feature", "geometry": {"type": "Point", "coordinates": [10.981728, 43.094657]}, "properties": {"species": "ovolo", "label": "Ovolo", "scientificName": "Amanita caesarea", "year": 2024, "eventDate": "2024-10-12T13:24", "source": "gbif"}}, {"type": "Feature", "geometry": {"type": "Point", "coordinates": [9.149025, 44.419909]}, "properties": {"species": "ovolo", "label": "Ovolo", "scientificName": "Amanita caesarea", "year": 2024, "eventDate": "2024-10-01T13:56:26", "source": "gbif"}}, {"type": "Feature", "geometry": {"type": "Point", "coordinates": [12.957392, 41.710669]}, "properties": {"species": "ovolo", "label": "Ovolo", "scientificName": "Amanita caesarea", "year": 2024, "eventDate": "2024-10-11T17:27:13", "source": "gbif"}}, {"type": "Feature", "geometry": {"type": "Point", "coordinates": [11.045035, 44.271734]}, "properties": {"species": "ovolo", "label": "Ovolo", "scientificName": "Amanita caesarea", "year": 2024, "eventDate": "2024-10-13T07:43Z", "source": "gbif"}}, {"type": "Feature", "geometry": {"type": "Point", "coordinates": [7.892014, 45.151146]}, "properties": {"species": "ovolo", "label": "Ovolo", "scientificName": "Amanita caesarea", "year": 2024, "eventDate": "2024-11-03T13:19:32", "source": "gbif"}}, {"type": "Feature", "geometry": {"type": "Point", "coordinates": [8.253463, 44.601265]}, "properties": {"species": "ovolo", "label": "Ovolo", "scientificName": "Amanita caesarea", "year": 2023, "eventDate": "2023-06-14", "source": "gbif"}}, {"type": "Feature", "geometry": {"type": "Point", "coordinates": [7.772412, 45.06679]}, "properties": {"species": "ovolo", "label": "Ovolo", "scientificName": "Amanita caesarea", "year": 2023, "eventDate": "2023-06-24T12:50:12", "source": "gbif"}}, {"type": "Feature", "geometry": {"type": "Point", "coordinates": [9.699268, 44.137833]}, "properties": {"species": "ovolo", "label": "Ovolo", "scientificName": "Amanita caesarea", "year": 2023, "eventDate": "2023-07-29", "source": "gbif"}}, {"type": "Feature", "geometry": {"type": "Point", "coordinates": [11.293533, 46.340027]}, "properties": {"species": "ovolo", "label": "Ovolo", "scientificName": "Amanita caesarea", "year": 2023, "eventDate": "2023-08-11", "source": "gbif"}}, {"type": "Feature", "geometry": {"type": "Point", "coordinates": [16.051483, 38.29147]}, "properties": {"species": "ovolo", "label": "Ovolo", "scientificName": "Amanita caesarea", "year": 2023, "eventDate": "2023-09-06T10:54:32", "source": "gbif"}}, {"type": "Feature", "geometry": {"type": "Point", "coordinates": [9.32775, 45.719414]}, "properties": {"species": "ovolo", "label": "Ovolo", "scientificName": "Amanita caesarea", "year": 2023, "eventDate": "2023-10-05T14:11:21", "source": "gbif"}}, {"type": "Feature", "geometry": {"type": "Point", "coordinates": [8.210328, 44.596392]}, "properties": {"species": "ovolo", "label": "Ovolo", "scientificName": "Amanita caesarea", "year": 2023, "eventDate": "2023-10-04", "source": "gbif"}}, {"type": "Feature", "geometry": {"type": "Point", "coordinates": [8.357132, 45.63794]}, "properties": {"species": "ovolo", "label": "Ovolo", "scientificName": "Amanita caesarea", "year": 2023, "eventDate": "2023-10-03T10:18:11", "source": "gbif"}}, {"type": "Feature", "geometry": {"type": "Point", "coordinates": [10.407526, 43.530017]}, "properties": {"species": "ovolo", "label": "Ovolo", "scientificName": "Amanita caesarea", "year": 2023, "eventDate": "2023-11-21T09:16:23", "source": "gbif"}}, {"type": "Feature", "geometry": {"type": "Point", "coordinates": [16.237681, 39.056445]}, "properties": {"species": "ovolo", "label": "Ovolo", "scientificName": "Amanita caesarea", "year": 2022, "eventDate": "2022-08-25T16:55:41", "source": "gbif"}}, {"type": "Feature", "geometry": {"type": "Point", "coordinates": [11.162411, 45.521695]}, "properties": {"species": "ovolo", "label": "Ovolo", "scientificName": "Amanita caesarea", "year": 2022, "eventDate": "2022-08-31T12:35:58", "source": "gbif"}}, {"type": "Feature", "geometry": {"type": "Point", "coordinates": [13.192812, 41.60518]}, "properties": {"species": "ovolo", "label": "Ovolo", "scientificName": "Amanita caesarea", "year": 2022, "eventDate": "2022-08-20T18:19:54", "source": "gbif"}}, {"type": "Feature", "geometry": {"type": "Point", "coordinates": [11.545232, 42.875747]}, "properties": {"species": "ovolo", "label": "Ovolo", "scientificName": "Amanita caesarea", "year": 2022, "eventDate": "2022-09-06T09:12:51", "source": "gbif"}}, {"type": "Feature", "geometry": {"type": "Point", "coordinates": [10.914793, 44.055271]}, "properties": {"species": "ovolo", "label": "Ovolo", "scientificName": "Amanita caesarea", "year": 2022, "eventDate": "2022-09-11T13:09", "source": "gbif"}}, {"type": "Feature", "geometry": {"type": "Point", "coordinates": [10.429495, 43.799223]}, "properties": {"species": "ovolo", "label": "Ovolo", "scientificName": "Amanita caesarea", "year": 2022, "eventDate": "2022-09-10T14:06:09", "source": "gbif"}}, {"type": "Feature", "geometry": {"type": "Point", "coordinates": [11.572629, 42.851664]}, "properties": {"species": "ovolo", "label": "Ovolo", "scientificName": "Amanita caesarea", "year": 2022, "eventDate": "2022-09-05T12:48:22", "source": "gbif"}}, {"type": "Feature", "geometry": {"type": "Point", "coordinates": [12.190637, 42.184138]}, "properties": {"species": "ovolo", "label": "Ovolo", "scientificName": "Amanita caesarea", "year": 2022, "eventDate": "2022-09-20T17:59:04", "source": "gbif"}}, {"type": "Feature", "geometry": {"type": "Point", "coordinates": [7.492084, 44.301352]}, "properties": {"species": "ovolo", "label": "Ovolo", "scientificName": "Amanita caesarea", "year": 2022, "eventDate": "2022-09-10T11:05", "source": "gbif"}}, {"type": "Feature", "geometry": {"type": "Point", "coordinates": [13.922317, 41.244787]}, "properties": {"species": "ovolo", "label": "Ovolo", "scientificName": "Amanita caesarea", "year": 2022, "eventDate": "2022-10-17T16:41:12", "source": "gbif"}}, {"type": "Feature", "geometry": {"type": "Point", "coordinates": [11.034463, 43.031051]}, "properties": {"species": "ovolo", "label": "Ovolo", "scientificName": "Amanita caesarea", "year": 2022, "eventDate": "2022-10-15T16:48:36", "source": "gbif"}}, {"type": "Feature", "geometry": {"type": "Point", "coordinates": [11.299628, 42.728863]}, "properties": {"species": "ovolo", "label": "Ovolo", "scientificName": "Amanita caesarea", "year": 2022, "eventDate": "2022-10-02T14:39:04", "source": "gbif"}}, {"type": "Feature", "geometry": {"type": "Point", "coordinates": [10.85767, 43.148277]}, "properties": {"species": "ovolo", "label": "Ovolo", "scientificName": "Amanita caesarea", "year": 2022, "eventDate": "2022-10-29T15:10", "source": "gbif"}}, {"type": "Feature", "geometry": {"type": "Point", "coordinates": [12.346758, 43.374728]}, "properties": {"species": "ovolo", "label": "Ovolo", "scientificName": "Amanita caesarea", "year": 2022, "eventDate": "2022-10-07", "source": "gbif"}}, {"type": "Feature", "geometry": {"type": "Point", "coordinates": [9.18982, 40.898838]}, "properties": {"species": "ovolo", "label": "Ovolo", "scientificName": "Amanita caesarea", "year": 2022, "eventDate": "2022-11-04T13:09:28", "source": "gbif"}}, {"type": "Feature", "geometry": {"type": "Point", "coordinates": [8.768118, 44.603363]}, "properties": {"species": "ovolo", "label": "Ovolo", "scientificName": "Amanita caesarea", "year": 2021, "eventDate": "2021-08-14T15:49:54", "source": "gbif"}}, {"type": "Feature", "geometry": {"type": "Point", "coordinates": [11.162979, 46.578775]}, "properties": {"species": "ovolo", "label": "Ovolo", "scientificName": "Amanita caesarea", "year": 2021, "eventDate": "2021-08-24T13:17:40", "source": "gbif"}}, {"type": "Feature", "geometry": {"type": "Point", "coordinates": [13.94829, 37.94743]}, "properties": {"species": "ovolo", "label": "Ovolo", "scientificName": "Amanita caesarea", "year": 2021, "eventDate": "2021-09-25T10:47", "source": "gbif"}}, {"type": "Feature", "geometry": {"type": "Point", "coordinates": [14.388818, 38.014401]}, "properties": {"species": "ovolo", "label": "Ovolo", "scientificName": "Amanita caesarea", "year": 2021, "eventDate": "2021-10-21T21:20", "source": "gbif"}}, {"type": "Feature", "geometry": {"type": "Point", "coordinates": [13.046166, 41.297744]}, "properties": {"species": "ovolo", "label": "Ovolo", "scientificName": "Amanita caesarea", "year": 2021, "eventDate": "2021-10-11T11:17", "source": "gbif"}}, {"type": "Feature", "geometry": {"type": "Point", "coordinates": [9.620064, 44.365818]}, "properties": {"species": "ovolo", "label": "Ovolo", "scientificName": "Amanita caesarea", "year": 2021, "eventDate": "2021-10-15T00:00", "source": "gbif"}}, {"type": "Feature", "geometry": {"type": "Point", "coordinates": [9.620064, 44.365818]}, "properties": {"species": "ovolo", "label": "Ovolo", "scientificName": "Amanita caesarea", "year": 2021, "eventDate": "2021-10-15T00:00", "source": "gbif"}}, {"type": "Feature", "geometry": {"type": "Point", "coordinates": [9.308788, 40.933005]}, "properties": {"species": "ovolo", "label": "Ovolo", "scientificName": "Amanita caesarea", "year": 2020, "eventDate": "2020-05-25T10:39:49", "source": "gbif"}}, {"type": "Feature", "geometry": {"type": "Point", "coordinates": [11.508471, 42.74694]}, "properties": {"species": "ovolo", "label": "Ovolo", "scientificName": "Amanita caesarea", "year": 2020, "eventDate": "2020-07-05T12:16", "source": "gbif"}}, {"type": "Feature", "geometry": {"type": "Point", "coordinates": [8.599786, 44.723982]}, "properties": {"species": "ovolo", "label": "Ovolo", "scientificName": "Amanita caesarea", "year": 2020, "eventDate": "2020-08-24T10:01:07", "source": "gbif"}}, {"type": "Feature", "geometry": {"type": "Point", "coordinates": [15.724175, 38.246942]}, "properties": {"species": "ovolo", "label": "Ovolo", "scientificName": "Amanita caesarea", "year": 2020, "eventDate": "2020-08-24T00:56", "source": "gbif"}}, {"type": "Feature", "geometry": {"type": "Point", "coordinates": [9.677075, 46.183548]}, "properties": {"species": "ovolo", "label": "Ovolo", "scientificName": "Amanita caesarea", "year": 2020, "eventDate": "2020-09-16T18:43", "source": "gbif"}}, {"type": "Feature", "geometry": {"type": "Point", "coordinates": [9.361722, 45.826683]}, "properties": {"species": "ovolo", "label": "Ovolo", "scientificName": "Amanita caesarea", "year": 2020, "eventDate": "2020-09-21T13:26:31", "source": "gbif"}}, {"type": "Feature", "geometry": {"type": "Point", "coordinates": [8.996699, 44.646289]}, "properties": {"species": "ovolo", "label": "Ovolo", "scientificName": "Amanita caesarea", "year": 2020, "eventDate": "2020-09-28T16:45:24", "source": "gbif"}}, {"type": "Feature", "geometry": {"type": "Point", "coordinates": [14.920893, 38.168035]}, "properties": {"species": "ovolo", "label": "Ovolo", "scientificName": "Amanita caesarea", "year": 2020, "eventDate": "2020-09-29T17:57", "source": "gbif"}}, {"type": "Feature", "geometry": {"type": "Point", "coordinates": [11.731521, 45.310212]}, "properties": {"species": "ovolo", "label": "Ovolo", "scientificName": "Amanita caesarea", "year": 2020, "eventDate": "2020-09-14T17:59:05", "source": "gbif"}}, {"type": "Feature", "geometry": {"type": "Point", "coordinates": [11.106421, 46.037833]}, "properties": {"species": "ovolo", "label": "Ovolo", "scientificName": "Amanita caesarea", "year": 2020, "eventDate": "2020-09-24T19:17:14", "source": "gbif"}}, {"type": "Feature", "geometry": {"type": "Point", "coordinates": [8.76907, 44.604374]}, "properties": {"species": "ovolo", "label": "Ovolo", "scientificName": "Amanita caesarea", "year": 2020, "eventDate": "2020-09-12T11:53:18", "source": "gbif"}}, {"type": "Feature", "geometry": {"type": "Point", "coordinates": [9.431963, 39.290546]}, "properties": {"species": "ovolo", "label": "Ovolo", "scientificName": "Amanita caesarea", "year": 2020, "eventDate": "2020-09-30T15:08:35", "source": "gbif"}}, {"type": "Feature", "geometry": {"type": "Point", "coordinates": [14.92055, 38.168035]}, "properties": {"species": "ovolo", "label": "Ovolo", "scientificName": "Amanita caesarea", "year": 2020, "eventDate": "2020-10-02T16:59", "source": "gbif"}}, {"type": "Feature", "geometry": {"type": "Point", "coordinates": [10.414923, 43.523392]}, "properties": {"species": "ovolo", "label": "Ovolo", "scientificName": "Amanita caesarea", "year": 2020, "eventDate": "2020-10-22T08:02", "source": "gbif"}}, {"type": "Feature", "geometry": {"type": "Point", "coordinates": [10.415116, 43.523532]}, "properties": {"species": "ovolo", "label": "Ovolo", "scientificName": "Amanita caesarea", "year": 2020, "eventDate": "2020-10-17T08:41", "source": "gbif"}}, {"type": "Feature", "geometry": {"type": "Point", "coordinates": [9.704961, 45.740342]}, "properties": {"species": "ovolo", "label": "Ovolo", "scientificName": "Amanita caesarea", "year": 2020, "eventDate": "2020-10-21T14:14", "source": "gbif"}}, {"type": "Feature", "geometry": {"type": "Point", "coordinates": [10.404706, 43.523051]}, "properties": {"species": "ovolo", "label": "Ovolo", "scientificName": "Amanita caesarea", "year": 2020, "eventDate": "2020-10-28T10:12", "source": "gbif"}}, {"type": "Feature", "geometry": {"type": "Point", "coordinates": [13.064506, 41.236825]}, "properties": {"species": "ovolo", "label": "Ovolo", "scientificName": "Amanita caesarea", "year": 2020, "eventDate": "2020-10-23T02:07", "source": "gbif"}}, {"type": "Feature", "geometry": {"type": "Point", "coordinates": [10.410928, 43.523424]}, "properties": {"species": "ovolo", "label": "Ovolo", "scientificName": "Amanita caesarea", "year": 2020, "eventDate": "2020-10-28T09:20", "source": "gbif"}}, {"type": "Feature", "geometry": {"type": "Point", "coordinates": [10.399034, 43.551009]}, "properties": {"species": "ovolo", "label": "Ovolo", "scientificName": "Amanita caesarea", "year": 2020, "eventDate": "2020-10-30T10:22", "source": "gbif"}}, {"type": "Feature", "geometry": {"type": "Point", "coordinates": [12.234669, 42.171607]}, "properties": {"species": "ovolo", "label": "Ovolo", "scientificName": "Amanita caesarea", "year": 2020, "eventDate": "2020-10-20T15:47:38", "source": "gbif"}}, {"type": "Feature", "geometry": {"type": "Point", "coordinates": [10.419215, 43.522241]}, "properties": {"species": "ovolo", "label": "Ovolo", "scientificName": "Amanita caesarea", "year": 2020, "eventDate": "2020-10-17T08:41", "source": "gbif"}}, {"type": "Feature", "geometry": {"type": "Point", "coordinates": [12.3446, 42.529076]}, "properties": {"species": "ovolo", "label": "Ovolo", "scientificName": "Amanita caesarea", "year": 2020, "eventDate": "2020-10-21T09:27:06", "source": "gbif"}}, {"type": "Feature", "geometry": {"type": "Point", "coordinates": [11.504765, 42.746562]}, "properties": {"species": "ovolo", "label": "Ovolo", "scientificName": "Amanita caesarea", "year": 2020, "eventDate": "2020-11-07T11:29", "source": "gbif"}}, {"type": "Feature", "geometry": {"type": "Point", "coordinates": [15.324492, 40.090754]}, "properties": {"species": "ovolo", "label": "Ovolo", "scientificName": "Amanita caesarea", "year": 2020, "eventDate": "2020-11-04T12:30:32", "source": "gbif"}}, {"type": "Feature", "geometry": {"type": "Point", "coordinates": [8.600606, 44.724144]}, "properties": {"species": "ovolo", "label": "Ovolo", "scientificName": "Amanita caesarea", "year": 2020, "eventDate": "2020-11-05T10:19:50", "source": "gbif"}}, {"type": "Feature", "geometry": {"type": "Point", "coordinates": [14.369889, 37.996556]}, "properties": {"species": "ovolo", "label": "Ovolo", "scientificName": "Amanita caesarea", "year": 2020, "eventDate": "2020-11-28T12:02", "source": "gbif"}}, {"type": "Feature", "geometry": {"type": "Point", "coordinates": [11.243052, 46.077104]}, "properties": {"species": "ovolo", "label": "Ovolo", "scientificName": "Amanita caesarea", "year": 2019, "eventDate": "2019-07-30T15:45", "source": "gbif"}}, {"type": "Feature", "geometry": {"type": "Point", "coordinates": [8.761581, 44.576712]}, "properties": {"species": "ovolo", "label": "Ovolo", "scientificName": "Amanita caesarea", "year": 2019, "eventDate": "2019-08-09T14:49:41", "source": "gbif"}}, {"type": "Feature", "geometry": {"type": "Point", "coordinates": [7.177105, 44.811988]}, "properties": {"species": "ovolo", "label": "Ovolo", "scientificName": "Amanita caesarea", "year": 2019, "eventDate": "2019-08-09T17:01:51", "source": "gbif"}}, {"type": "Feature", "geometry": {"type": "Point", "coordinates": [10.405683, 43.523356]}, "properties": {"species": "ovolo", "label": "Ovolo", "scientificName": "Amanita caesarea", "year": 2019, "eventDate": "2019-08-10T16:05", "source": "gbif"}}, {"type": "Feature", "geometry": {"type": "Point", "coordinates": [10.409062, 43.523721]}, "properties": {"species": "ovolo", "label": "Ovolo", "scientificName": "Amanita caesarea", "year": 2019, "eventDate": "2019-08-10T16:02", "source": "gbif"}}, {"type": "Feature", "geometry": {"type": "Point", "coordinates": [13.962433, 37.943967]}, "properties": {"species": "ovolo", "label": "Ovolo", "scientificName": "Amanita caesarea", "year": 2019, "eventDate": "2019-09-29T14:36:45", "source": "gbif"}}, {"type": "Feature", "geometry": {"type": "Point", "coordinates": [11.231522, 46.100436]}, "properties": {"species": "ovolo", "label": "Ovolo", "scientificName": "Amanita caesarea", "year": 2019, "eventDate": "2019-09-06T04:19", "source": "gbif"}}, {"type": "Feature", "geometry": {"type": "Point", "coordinates": [9.349851, 45.899819]}, "properties": {"species": "ovolo", "label": "Ovolo", "scientificName": "Amanita caesarea", "year": 2019, "eventDate": "2019-10-20T10:44:40", "source": "gbif"}}, {"type": "Feature", "geometry": {"type": "Point", "coordinates": [11.164385, 43.695446]}, "properties": {"species": "ovolo", "label": "Ovolo", "scientificName": "Amanita caesarea", "year": 2019, "eventDate": "2019-10-20T15:27:09", "source": "gbif"}}, {"type": "Feature", "geometry": {"type": "Point", "coordinates": [10.406477, 43.523823]}, "properties": {"species": "ovolo", "label": "Ovolo", "scientificName": "Amanita caesarea", "year": 2019, "eventDate": "2019-10-19T15:03", "source": "gbif"}}, {"type": "Feature", "geometry": {"type": "Point", "coordinates": [9.330019, 45.811014]}, "properties": {"species": "ovolo", "label": "Ovolo", "scientificName": "Amanita caesarea", "year": 2018, "eventDate": "2018-08-03T07:58:21", "source": "gbif"}}, {"type": "Feature", "geometry": {"type": "Point", "coordinates": [11.033087, 43.092095]}, "properties": {"species": "ovolo", "label": "Ovolo", "scientificName": "Amanita caesarea", "year": 2018, "eventDate": "2018-09-01T12:11", "source": "gbif"}}, {"type": "Feature", "geometry": {"type": "Point", "coordinates": [8.791845, 38.958008]}, "properties": {"species": "ovolo", "label": "Ovolo", "scientificName": "Amanita caesarea", "year": 2018, "eventDate": "2018-10-31T14:36:24", "source": "gbif"}}, {"type": "Feature", "geometry": {"type": "Point", "coordinates": [9.376995, 40.650587]}, "properties": {"species": "ovolo", "label": "Ovolo", "scientificName": "Amanita caesarea", "year": 2018, "eventDate": "2018-10-15T14:25:28", "source": "gbif"}}, {"type": "Feature", "geometry": {"type": "Point", "coordinates": [8.856354, 39.010648]}, "properties": {"species": "ovolo", "label": "Ovolo", "scientificName": "Amanita caesarea", "year": 2016, "eventDate": "2016-09-30T13:36", "source": "gbif"}}, {"type": "Feature", "geometry": {"type": "Point", "coordinates": [8.860281, 39.032742]}, "properties": {"species": "ovolo", "label": "Ovolo", "scientificName": "Amanita caesarea", "year": 2016, "eventDate": "2016-09-30T13:36", "source": "gbif"}}, {"type": "Feature", "geometry": {"type": "Point", "coordinates": [9.403095, 44.259617]}, "properties": {"species": "ovolo", "label": "Ovolo", "scientificName": "Amanita caesarea", "year": 2016, "eventDate": "2016-11-16T00:00", "source": "gbif"}}, {"type": "Feature", "geometry": {"type": "Point", "coordinates": [8.770641, 44.603485]}, "properties": {"species": "ovolo", "label": "Ovolo", "scientificName": "Amanita caesarea", "year": 2015, "eventDate": "2015-08-26", "source": "gbif"}}, {"type": "Feature", "geometry": {"type": "Point", "coordinates": [9.4021, 39.2557]}, "properties": {"species": "ovolo", "label": "Ovolo", "scientificName": "Amanita caesarea", "year": 2015, "eventDate": "2015-08-26", "source": "gbif"}}, {"type": "Feature", "geometry": {"type": "Point", "coordinates": [9.1, 40.9]}, "properties": {"species": "ovolo", "label": "Ovolo", "scientificName": "Amanita caesarea", "year": 2012, "eventDate": "2012-09-23", "source": "gbif"}}, {"type": "Feature", "geometry": {"type": "Point", "coordinates": [11.154363, 43.153632]}, "properties": {"species": "ovolo", "label": "Ovolo", "scientificName": "Amanita caesarea", "year": 2009, "eventDate": "2009-10-08T14:28", "source": "gbif"}}, {"type": "Feature", "geometry": {"type": "Point", "coordinates": [10.406359, 43.523018]}, "properties": {"species": "ovolo", "label": "Ovolo", "scientificName": "Amanita caesarea", "year": 2008, "eventDate": "2008-06-19T16:03", "source": "gbif"}}, {"type": "Feature", "geometry": {"type": "Point", "coordinates": [9.422709, 39.277518]}, "properties": {"species": "ovolo", "label": "Ovolo", "scientificName": "Amanita caesarea", "year": 2006, "eventDate": "2006-10-07T15:04:29", "source": "gbif"}}, {"type": "Feature", "geometry": {"type": "Point", "coordinates": [9.0861, 40.94516]}, "properties": {"species": "ovolo", "label": "Ovolo", "scientificName": "Amanita caesarea", "year": 2000, "eventDate": "2000-11-03", "source": "gbif"}}, {"type": "Feature", "geometry": {"type": "Point", "coordinates": [9.0782, 40.8579]}, "properties": {"species": "ovolo", "label": "Ovolo", "scientificName": "Amanita caesarea", "year": 2000, "eventDate": "2000-11-04", "source": "gbif"}}, {"type": "Feature", "geometry": {"type": "Point", "coordinates": [7.867208, 44.758843]}, "properties": {"species": "ovolo", "label": "Ovolo", "scientificName": "Amanita caesarea", "year": 1997, "eventDate": "1997-09-20", "source": "gbif"}}, {"type": "Feature", "geometry": {"type": "Point", "coordinates": [8.0246744156, 44.1209564209]}, "properties": {"species": "ovolo", "label": "Ovolo", "scientificName": "Amanita caesarea", "year": 2026, "eventDate": "2026-09-02", "source": "inaturalist"}}, {"type": "Feature", "geometry": {"type": "Point", "coordinates": [9.9365195632, 44.4186947615]}, "properties": {"species": "ovolo", "label": "Ovolo", "scientificName": "Amanita caesarea", "year": 2026, "eventDate": "2026-09-01", "source": "inaturalist"}}, {"type": "Feature", "geometry": {"type": "Point", "coordinates": [14.0738778333, 38.004675]}, "properties": {"species": "ovolo", "label": "Ovolo", "scientificName": "Amanita caesarea", "year": 2025, "eventDate": "2025-10-17", "source": "inaturalist"}}, {"type": "Feature", "geometry": {"type": "Point", "coordinates": [8.3501619101, 39.0829681557]}, "properties": {"species": "ovolo", "label": "Ovolo", "scientificName": "Amanita caesarea", "year": 2025, "eventDate": "2025-10-06", "source": "inaturalist"}}, {"type": "Feature", "geometry": {"type": "Point", "coordinates": [11.1497302997, 42.8636223]}, "properties": {"species": "ovolo", "label": "Ovolo", "scientificName": "Amanita caesarea", "year": 2025, "eventDate": "2025-10-02", "source": "inaturalist"}}, {"type": "Feature", "geometry": {"type": "Point", "coordinates": [11.41593, 42.47123]}, "properties": {"species": "ovolo", "label": "Ovolo", "scientificName": "Amanita caesarea", "year": 2025, "eventDate": "2025-10-01", "source": "inaturalist"}}, {"type": "Feature", "geometry": {"type": "Point", "coordinates": [12.7242966667, 41.735345]}, "properties": {"species": "ovolo", "label": "Ovolo", "scientificName": "Amanita caesarea", "year": 2025, "eventDate": "2025-10-01", "source": "inaturalist"}}, {"type": "Feature", "geometry": {"type": "Point", "coordinates": [8.799075, 44.6119216667]}, "properties": {"species": "ovolo", "label": "Ovolo", "scientificName": "Amanita caesarea", "year": 2025, "eventDate": "2025-09-20", "source": "inaturalist"}}, {"type": "Feature", "geometry": {"type": "Point", "coordinates": [9.6438674256, 44.8713732418]}, "properties": {"species": "ovolo", "label": "Ovolo", "scientificName": "Amanita caesarea", "year": 2025, "eventDate": "2025-09-14", "source": "inaturalist"}}, {"type": "Feature", "geometry": {"type": "Point", "coordinates": [10.7447425649, 43.7441984564]}, "properties": {"species": "ovolo", "label": "Ovolo", "scientificName": "Amanita caesarea", "year": 2025, "eventDate": "2025-09-13", "source": "inaturalist"}}, {"type": "Feature", "geometry": {"type": "Point", "coordinates": [10.7472116667, 43.7462083333]}, "properties": {"species": "ovolo", "label": "Ovolo", "scientificName": "Amanita caesarea", "year": 2025, "eventDate": "2025-09-13", "source": "inaturalist"}}, {"type": "Feature", "geometry": {"type": "Point", "coordinates": [8.4768418087, 44.8050989931]}, "properties": {"species": "ovolo", "label": "Ovolo", "scientificName": "Amanita caesarea", "year": 2025, "eventDate": "2025-09-13", "source": "inaturalist"}}, {"type": "Feature", "geometry": {"type": "Point", "coordinates": [11.6505692501, 42.7860089948]}, "properties": {"species": "ovolo", "label": "Ovolo", "scientificName": "Amanita caesarea", "year": 2025, "eventDate": "2025-09-01", "source": "inaturalist"}}, {"type": "Feature", "geometry": {"type": "Point", "coordinates": [8.6339525333, 44.5321639917]}, "properties": {"species": "ovolo", "label": "Ovolo", "scientificName": "Amanita caesarea", "year": 2024, "eventDate": "2024-10-16", "source": "inaturalist"}}, {"type": "Feature", "geometry": {"type": "Point", "coordinates": [13.1093482778, 42.1932678056]}, "properties": {"species": "ovolo", "label": "Ovolo", "scientificName": "Amanita caesarea", "year": 2024, "eventDate": "2024-10-11", "source": "inaturalist"}}, {"type": "Feature", "geometry": {"type": "Point", "coordinates": [11.5413586423, 45.4092081906]}, "properties": {"species": "ovolo", "label": "Ovolo", "scientificName": "Amanita caesarea", "year": 2024, "eventDate": "2024-10-05", "source": "inaturalist"}}, {"type": "Feature", "geometry": {"type": "Point", "coordinates": [8.3532280102, 44.4978940597]}, "properties": {"species": "ovolo", "label": "Ovolo", "scientificName": "Amanita caesarea", "year": 2024, "eventDate": "2024-10-05", "source": "inaturalist"}}, {"type": "Feature", "geometry": {"type": "Point", "coordinates": [16.0381668806, 38.3064312756]}, "properties": {"species": "ovolo", "label": "Ovolo", "scientificName": "Amanita caesarea", "year": 2024, "eventDate": "2024-10-03", "source": "inaturalist"}}, {"type": "Feature", "geometry": {"type": "Point", "coordinates": [8.4671468611, 44.3444556944]}, "properties": {"species": "ovolo", "label": "Ovolo", "scientificName": "Amanita caesarea", "year": 2024, "eventDate": "2024-10-01", "source": "inaturalist"}}, {"type": "Feature", "geometry": {"type": "Point", "coordinates": [8.4698219167, 44.3415565278]}, "properties": {"species": "ovolo", "label": "Ovolo", "scientificName": "Amanita caesarea", "year": 2024, "eventDate": "2024-10-01", "source": "inaturalist"}}, {"type": "Feature", "geometry": {"type": "Point", "coordinates": [7.8382633333, 43.9539966667]}, "properties": {"species": "ovolo", "label": "Ovolo", "scientificName": "Amanita caesarea", "year": 2024, "eventDate": "2024-09-29", "source": "inaturalist"}}, {"type": "Feature", "geometry": {"type": "Point", "coordinates": [9.5761248842, 44.1883342659]}, "properties": {"species": "ovolo", "label": "Ovolo", "scientificName": "Amanita caesarea", "year": 2024, "eventDate": "2024-09-28", "source": "inaturalist"}}, {"type": "Feature", "geometry": {"type": "Point", "coordinates": [12.3919878006, 41.7318496703]}, "properties": {"species": "ovolo", "label": "Ovolo", "scientificName": "Amanita caesarea", "year": 2024, "eventDate": "2024-09-28", "source": "inaturalist"}}, {"type": "Feature", "geometry": {"type": "Point", "coordinates": [7.7677574381, 45.0815136942]}, "properties": {"species": "ovolo", "label": "Ovolo", "scientificName": "Amanita caesarea", "year": 2024, "eventDate": "2024-09-26", "source": "inaturalist"}}, {"type": "Feature", "geometry": {"type": "Point", "coordinates": [10.5223901197, 45.5947301372]}, "properties": {"species": "ovolo", "label": "Ovolo", "scientificName": "Amanita caesarea", "year": 2024, "eventDate": "2024-09-24", "source": "inaturalist"}}, {"type": "Feature", "geometry": {"type": "Point", "coordinates": [10.54251242, 44.54318806]}, "properties": {"species": "ovolo", "label": "Ovolo", "scientificName": "Amanita caesarea", "year": 2024, "eventDate": "2024-09-23", "source": "inaturalist"}}, {"type": "Feature", "geometry": {"type": "Point", "coordinates": [10.1424834315, 44.1671265394]}, "properties": {"species": "ovolo", "label": "Ovolo", "scientificName": "Amanita caesarea", "year": 2024, "eventDate": "2024-09-21", "source": "inaturalist"}}, {"type": "Feature", "geometry": {"type": "Point", "coordinates": [16.1803433, 39.9753449]}, "properties": {"species": "ovolo", "label": "Ovolo", "scientificName": "Amanita caesarea", "year": 2024, "eventDate": "2024-09-16", "source": "inaturalist"}}, {"type": "Feature", "geometry": {"type": "Point", "coordinates": [15.0163511932, 37.8086269262]}, "properties": {"species": "ovolo", "label": "Ovolo", "scientificName": "Amanita caesarea", "year": 2024, "eventDate": "2024-09-15", "source": "inaturalist"}}, {"type": "Feature", "geometry": {"type": "Point", "coordinates": [8.3982066438, 44.3633457242]}, "properties": {"species": "ovolo", "label": "Ovolo", "scientificName": "Amanita caesarea", "year": 2024, "eventDate": "2024-09-07", "source": "inaturalist"}}, {"type": "Feature", "geometry": {"type": "Point", "coordinates": [8.4022333, 44.3617816]}, "properties": {"species": "ovolo", "label": "Ovolo", "scientificName": "Amanita caesarea", "year": 2024, "eventDate": "2024-08-29", "source": "inaturalist"}}, {"type": "Feature", "geometry": {"type": "Point", "coordinates": [7.90901697, 45.52321169]}, "properties": {"species": "ovolo", "label": "Ovolo", "scientificName": "Amanita caesarea", "year": 2023, "eventDate": "2023-10-21", "source": "inaturalist"}}, {"type": "Feature", "geometry": {"type": "Point", "coordinates": [11.913598, 42.741542]}, "properties": {"species": "ovolo", "label": "Ovolo", "scientificName": "Amanita caesarea", "year": 2023, "eventDate": "2023-10-11", "source": "inaturalist"}}, {"type": "Feature", "geometry": {"type": "Point", "coordinates": [8.7794954692, 45.8543512929]}, "properties": {"species": "ovolo", "label": "Ovolo", "scientificName": "Amanita caesarea", "year": 2023, "eventDate": "2023-10-07", "source": "inaturalist"}}, {"type": "Feature", "geometry": {"type": "Point", "coordinates": [8.8652436063, 45.8885582434]}, "properties": {"species": "ovolo", "label": "Ovolo", "scientificName": "Amanita caesarea", "year": 2023, "eventDate": "2023-10-01", "source": "inaturalist"}}, {"type": "Feature", "geometry": {"type": "Point", "coordinates": [9.0189757571, 44.5896434379]}, "properties": {"species": "ovolo", "label": "Ovolo", "scientificName": "Amanita caesarea", "year": 2023, "eventDate": "2023-09-22", "source": "inaturalist"}}, {"type": "Feature", "geometry": {"type": "Point", "coordinates": [7.2578014433, 44.8607853109]}, "properties": {"species": "ovolo", "label": "Ovolo", "scientificName": "Amanita caesarea", "year": 2023, "eventDate": "2023-09-21", "source": "inaturalist"}}, {"type": "Feature", "geometry": {"type": "Point", "coordinates": [8.5102849722, 44.4690299722]}, "properties": {"species": "ovolo", "label": "Ovolo", "scientificName": "Amanita caesarea", "year": 2023, "eventDate": "2023-09-21", "source": "inaturalist"}}, {"type": "Feature", "geometry": {"type": "Point", "coordinates": [7.7684011683, 45.0563719812]}, "properties": {"species": "ovolo", "label": "Ovolo", "scientificName": "Amanita caesarea", "year": 2023, "eventDate": "2023-09-13", "source": "inaturalist"}}, {"type": "Feature", "geometry": {"type": "Point", "coordinates": [7.5002300068, 44.2946890039]}, "properties": {"species": "ovolo", "label": "Ovolo", "scientificName": "Amanita caesarea", "year": 2023, "eventDate": "2023-09-05", "source": "inaturalist"}}, {"type": "Feature", "geometry": {"type": "Point", "coordinates": [11.3632373808, 45.7494010925]}, "properties": {"species": "ovolo", "label": "Ovolo", "scientificName": "Amanita caesarea", "year": 2023, "eventDate": "2023-08-15", "source": "inaturalist"}}, {"type": "Feature", "geometry": {"type": "Point", "coordinates": [9.7427477315, 45.7173265637]}, "properties": {"species": "ovolo", "label": "Ovolo", "scientificName": "Amanita caesarea", "year": 2023, "eventDate": "2023-08-11", "source": "inaturalist"}}, {"type": "Feature", "geometry": {"type": "Point", "coordinates": [9.7416637838, 45.7152391495]}, "properties": {"species": "ovolo", "label": "Ovolo", "scientificName": "Amanita caesarea", "year": 2023, "eventDate": "2023-08-11", "source": "inaturalist"}}, {"type": "Feature", "geometry": {"type": "Point", "coordinates": [11.4615650175, 45.3500671386]}, "properties": {"species": "ovolo", "label": "Ovolo", "scientificName": "Amanita caesarea", "year": 2023, "eventDate": "2023-08-06", "source": "inaturalist"}}, {"type": "Feature", "geometry": {"type": "Point", "coordinates": [9.7472089157, 45.7175840614]}, "properties": {"species": "ovolo", "label": "Ovolo", "scientificName": "Amanita caesarea", "year": 2023, "eventDate": "2023-06-20", "source": "inaturalist"}}, {"type": "Feature", "geometry": {"type": "Point", "coordinates": [8.6072519794, 40.1698383791]}, "properties": {"species": "ovolo", "label": "Ovolo", "scientificName": "Amanita caesarea", "year": 2022, "eventDate": "2022-11-12", "source": "inaturalist"}}, {"type": "Feature", "geometry": {"type": "Point", "coordinates": [8.8272004983, 45.4375132549]}, "properties": {"species": "ovolo", "label": "Ovolo", "scientificName": "Amanita caesarea", "year": 2022, "eventDate": "2022-10-22", "source": "inaturalist"}}, {"type": "Feature", "geometry": {"type": "Point", "coordinates": [12.402084209, 41.7435366259]}, "properties": {"species": "ovolo", "label": "Ovolo", "scientificName": "Amanita caesarea", "year": 2022, "eventDate": "2022-10-22", "source": "inaturalist"}}, {"type": "Feature", "geometry": {"type": "Point", "coordinates": [11.03308741, 43.0921044862]}, "properties": {"species": "ovolo", "label": "Ovolo", "scientificName": "Amanita caesarea", "year": 2022, "eventDate": "2022-10-19", "source": "inaturalist"}}, {"type": "Feature", "geometry": {"type": "Point", "coordinates": [10.6411214545, 43.1333716526]}, "properties": {"species": "ovolo", "label": "Ovolo", "scientificName": "Amanita caesarea", "year": 2022, "eventDate": "2022-10-17", "source": "inaturalist"}}, {"type": "Feature", "geometry": {"type": "Point", "coordinates": [7.9608369246, 45.3914337412]}, "properties": {"species": "ovolo", "label": "Ovolo", "scientificName": "Amanita caesarea", "year": 2022, "eventDate": "2022-10-10", "source": "inaturalist"}}, {"type": "Feature", "geometry": {"type": "Point", "coordinates": [11.5185854383, 46.5974784428]}, "properties": {"species": "ovolo", "label": "Ovolo", "scientificName": "Amanita caesarea", "year": 2022, "eventDate": "2022-09-27", "source": "inaturalist"}}, {"type": "Feature", "geometry": {"type": "Point", "coordinates": [8.4822057188, 44.5526513038]}, "properties": {"species": "ovolo", "label": "Ovolo", "scientificName": "Amanita caesarea", "year": 2022, "eventDate": "2022-09-14", "source": "inaturalist"}}, {"type": "Feature", "geometry": {"type": "Point", "coordinates": [7.2203507647, 44.8273751502]}, "properties": {"species": "ovolo", "label": "Ovolo", "scientificName": "Amanita caesarea", "year": 2022, "eventDate": "2022-09-07", "source": "inaturalist"}}, {"type": "Feature", "geometry": {"type": "Point", "coordinates": [9.7478684038, 45.7173834474]}, "properties": {"species": "ovolo", "label": "Ovolo", "scientificName": "Amanita caesarea", "year": 2022, "eventDate": "2022-09-05", "source": "inaturalist"}}, {"type": "Feature", "geometry": {"type": "Point", "coordinates": [11.5295928105, 43.4735639872]}, "properties": {"species": "ovolo", "label": "Ovolo", "scientificName": "Amanita caesarea", "year": 2022, "eventDate": "2022-09-03", "source": "inaturalist"}}, {"type": "Feature", "geometry": {"type": "Point", "coordinates": [9.7504362836, 45.71998599]}, "properties": {"species": "ovolo", "label": "Ovolo", "scientificName": "Amanita caesarea", "year": 2022, "eventDate": "2022-08-30", "source": "inaturalist"}}, {"type": "Feature", "geometry": {"type": "Point", "coordinates": [7.8130579367, 45.0666341629]}, "properties": {"species": "ovolo", "label": "Ovolo", "scientificName": "Amanita caesarea", "year": 2021, "eventDate": "2021-10-19", "source": "inaturalist"}}, {"type": "Feature", "geometry": {"type": "Point", "coordinates": [9.6569032669, 44.4833717346]}, "properties": {"species": "ovolo", "label": "Ovolo", "scientificName": "Amanita caesarea", "year": 2021, "eventDate": "2021-10-17", "source": "inaturalist"}}, {"type": "Feature", "geometry": {"type": "Point", "coordinates": [15.247573503, 38.1053858998]}, "properties": {"species": "ovolo", "label": "Ovolo", "scientificName": "Amanita caesarea", "year": 2020, "eventDate": "2020-11-05", "source": "inaturalist"}}, {"type": "Feature", "geometry": {"type": "Point", "coordinates": [13.76759667, 45.68139667]}, "properties": {"species": "ovolo", "label": "Ovolo", "scientificName": "Amanita caesarea", "year": 2020, "eventDate": "2020-10-27", "source": "inaturalist"}}, {"type": "Feature", "geometry": {"type": "Point", "coordinates": [16.1056971923, 38.3102291933]}, "properties": {"species": "ovolo", "label": "Ovolo", "scientificName": "Amanita caesarea", "year": 2020, "eventDate": "2020-10-17", "source": "inaturalist"}}, {"type": "Feature", "geometry": {"type": "Point", "coordinates": [13.2419778145, 41.4127341732]}, "properties": {"species": "ovolo", "label": "Ovolo", "scientificName": "Amanita caesarea", "year": 2020, "eventDate": "2020-10-16", "source": "inaturalist"}}, {"type": "Feature", "geometry": {"type": "Point", "coordinates": [12.1287449822, 42.3194968057]}, "properties": {"species": "ovolo", "label": "Ovolo", "scientificName": "Amanita caesarea", "year": 2020, "eventDate": "2020-09-27", "source": "inaturalist"}}, {"type": "Feature", "geometry": {"type": "Point", "coordinates": [11.3716881034, 46.5042329225]}, "properties": {"species": "ovolo", "label": "Ovolo", "scientificName": "Amanita caesarea", "year": 2020, "eventDate": "2020-08-16", "source": "inaturalist"}}, {"type": "Feature", "geometry": {"type": "Point", "coordinates": [11.8582388386, 42.4828212207]}, "properties": {"species": "ovolo", "label": "Ovolo", "scientificName": "Amanita caesarea", "year": 2019, "eventDate": "2019-10-27", "source": "inaturalist"}}, {"type": "Feature", "geometry": {"type": "Point", "coordinates": [9.7458356246, 45.7192551929]}, "properties": {"species": "ovolo", "label": "Ovolo", "scientificName": "Amanita caesarea", "year": 2019, "eventDate": "2019-08-17", "source": "inaturalist"}}, {"type": "Feature", "geometry": {"type": "Point", "coordinates": [9.0045055548, 39.0022182646]}, "properties": {"species": "ovolo", "label": "Ovolo", "scientificName": "Amanita caesarea", "year": 2018, "eventDate": "2018-11-03", "source": "inaturalist"}}, {"type": "Feature", "geometry": {"type": "Point", "coordinates": [13.1513695, 42.1355833333]}, "properties": {"species": "ovolo", "label": "Ovolo", "scientificName": "Amanita caesarea", "year": 2018, "eventDate": "2018-09-29", "source": "inaturalist"}}, {"type": "Feature", "geometry": {"type": "Point", "coordinates": [12.1575916667, 42.1659916667]}, "properties": {"species": "ovolo", "label": "Ovolo", "scientificName": "Amanita caesarea", "year": 2018, "eventDate": "2018-09-03", "source": "inaturalist"}}, {"type": "Feature", "geometry": {"type": "Point", "coordinates": [8.8228402287, 44.610903977]}, "properties": {"species": "ovolo", "label": "Ovolo", "scientificName": "Amanita caesarea", "year": 2018, "eventDate": "2018-08-01", "source": "inaturalist"}}, {"type": "Feature", "geometry": {"type": "Point", "coordinates": [7.771809628, 45.0555191069]}, "properties": {"species": "ovolo", "label": "Ovolo", "scientificName": "Amanita caesarea", "year": 2018, "eventDate": "2018-06-12", "source": "inaturalist"}}, {"type": "Feature", "geometry": {"type": "Point", "coordinates": [9.3857575326, 45.8386067807]}, "properties": {"species": "ovolo", "label": "Ovolo", "scientificName": "Amanita caesarea", "year": 2017, "eventDate": "2017-10-01", "source": "inaturalist"}}, {"type": "Feature", "geometry": {"type": "Point", "coordinates": [11.2981166667, 44.34275]}, "properties": {"species": "ovolo", "label": "Ovolo", "scientificName": "Amanita caesarea", "year": 2017, "eventDate": "2017-09-24", "source": "inaturalist"}}, {"type": "Feature", "geometry": {"type": "Point", "coordinates": [15.2648426188, 38.0961010969]}, "properties": {"species": "ovolo", "label": "Ovolo", "scientificName": "Amanita caesarea", "year": 2016, "eventDate": "2016-08-26", "source": "inaturalist"}}, {"type": "Feature", "geometry": {"type": "Point", "coordinates": [7.756, 45.0865]}, "properties": {"species": "ovolo", "label": "Ovolo", "scientificName": "Amanita caesarea", "year": 2013, "eventDate": "2013-09-13", "source": "inaturalist"}}, {"type": "Feature", "geometry": {"type": "Point", "coordinates": [14.5647141337, 40.8498988366]}, "properties": {"species": "ovolo", "label": "Ovolo", "scientificName": "Amanita caesarea", "year": 2012, "eventDate": "2012-09-22", "source": "inaturalist"}}, {"type": "Feature", "geometry": {"type": "Point", "coordinates": [7.9, 45.5833333]}, "properties": {"species": "ovolo", "label": "Ovolo", "scientificName": "Amanita caesarea", "year": 2011, "eventDate": "2011-07-22", "source": "inaturalist"}}, {"type": "Feature", "geometry": {"type": "Point", "coordinates": [9.73425, 45.967617]}, "properties": {"species": "gallinaccio", "label": "Gallinaccio", "scientificName": "Cantharellus cibarius", "year": 2026, "eventDate": "2026-06-28T11:34:46", "source": "gbif"}}, {"type": "Feature", "geometry": {"type": "Point", "coordinates": [10.769122, 46.435963]}, "properties": {"species": "gallinaccio", "label": "Gallinaccio", "scientificName": "Cantharellus cibarius", "year": 2026, "eventDate": "2026-07-16T09:45:48", "source": "gbif"}}, {"type": "Feature", "geometry": {"type": "Point", "coordinates": [9.724094, 46.189825]}, "properties": {"species": "gallinaccio", "label": "Gallinaccio", "scientificName": "Cantharellus cibarius", "year": 2026, "eventDate": "2026-07-02T12:49", "source": "gbif"}}, {"type": "Feature", "geometry": {"type": "Point", "coordinates": [10.423721, 46.45989]}, "properties": {"species": "gallinaccio", "label": "Gallinaccio", "scientificName": "Cantharellus cibarius", "year": 2026, "eventDate": "2026-07-19T14:16:26", "source": "gbif"}}, {"type": "Feature", "geometry": {"type": "Point", "coordinates": [10.339645, 46.467944]}, "properties": {"species": "gallinaccio", "label": "Gallinaccio", "scientificName": "Cantharellus cibarius", "year": 2026, "eventDate": "2026-08-21T12:59", "source": "gbif"}}, {"type": "Feature", "geometry": {"type": "Point", "coordinates": [10.339081, 46.467489]}, "properties": {"species": "gallinaccio", "label": "Gallinaccio", "scientificName": "Cantharellus cibarius", "year": 2026, "eventDate": "2026-08-21T12:45", "source": "gbif"}}, {"type": "Feature", "geometry": {"type": "Point", "coordinates": [10.867233, 46.481515]}, "properties": {"species": "gallinaccio", "label": "Gallinaccio", "scientificName": "Cantharellus cibarius", "year": 2026, "eventDate": "2026-08-16T13:18", "source": "gbif"}}, {"type": "Feature", "geometry": {"type": "Point", "coordinates": [10.877592, 46.491624]}, "properties": {"species": "gallinaccio", "label": "Gallinaccio", "scientificName": "Cantharellus cibarius", "year": 2026, "eventDate": "2026-08-16T09:53", "source": "gbif"}}, {"type": "Feature", "geometry": {"type": "Point", "coordinates": [11.528608, 46.163412]}, "properties": {"species": "gallinaccio", "label": "Gallinaccio", "scientificName": "Cantharellus cibarius", "year": 2025, "eventDate": "2025-06-07T12:28:28", "source": "gbif"}}, {"type": "Feature", "geometry": {"type": "Point", "coordinates": [11.100994, 46.643196]}, "properties": {"species": "gallinaccio", "label": "Gallinaccio", "scientificName": "Cantharellus cibarius", "year": 2025, "eventDate": "2025-07-07T11:25:03", "source": "gbif"}}, {"type": "Feature", "geometry": {"type": "Point", "coordinates": [11.599431, 46.279689]}, "properties": {"species": "gallinaccio", "label": "Gallinaccio", "scientificName": "Cantharellus cibarius", "year": 2025, "eventDate": "2025-07-08T14:42:24", "source": "gbif"}}, {"type": "Feature", "geometry": {"type": "Point", "coordinates": [11.69415, 46.313057]}, "properties": {"species": "gallinaccio", "label": "Gallinaccio", "scientificName": "Cantharellus cibarius", "year": 2025, "eventDate": "2025-07-12T11:04:17", "source": "gbif"}}, {"type": "Feature", "geometry": {"type": "Point", "coordinates": [11.105419, 46.710901]}, "properties": {"species": "gallinaccio", "label": "Gallinaccio", "scientificName": "Cantharellus cibarius", "year": 2025, "eventDate": "2025-07-16T11:39:14", "source": "gbif"}}, {"type": "Feature", "geometry": {"type": "Point", "coordinates": [11.603188, 46.303842]}, "properties": {"species": "gallinaccio", "label": "Gallinaccio", "scientificName": "Cantharellus cibarius", "year": 2025, "eventDate": "2025-07-26T10:53:07", "source": "gbif"}}, {"type": "Feature", "geometry": {"type": "Point", "coordinates": [11.894917, 45.937603]}, "properties": {"species": "gallinaccio", "label": "Gallinaccio", "scientificName": "Cantharellus cibarius", "year": 2025, "eventDate": "2025-07-23T18:21", "source": "gbif"}}, {"type": "Feature", "geometry": {"type": "Point", "coordinates": [11.48147, 46.434918]}, "properties": {"species": "gallinaccio", "label": "Gallinaccio", "scientificName": "Cantharellus cibarius", "year": 2025, "eventDate": "2025-07-26T14:19:14", "source": "gbif"}}, {"type": "Feature", "geometry": {"type": "Point", "coordinates": [11.249428, 45.859158]}, "properties": {"species": "gallinaccio", "label": "Gallinaccio", "scientificName": "Cantharellus cibarius", "year": 2025, "eventDate": "2025-07-20T15:25:37", "source": "gbif"}}, {"type": "Feature", "geometry": {"type": "Point", "coordinates": [11.002677, 46.461814]}, "properties": {"species": "gallinaccio", "label": "Gallinaccio", "scientificName": "Cantharellus cibarius", "year": 2025, "eventDate": "2025-08-03T13:38:51", "source": "gbif"}}, {"type": "Feature", "geometry": {"type": "Point", "coordinates": [11.593924, 45.843064]}, "properties": {"species": "gallinaccio", "label": "Gallinaccio", "scientificName": "Cantharellus cibarius", "year": 2025, "eventDate": "2025-08-04T13:40:15", "source": "gbif"}}, {"type": "Feature", "geometry": {"type": "Point", "coordinates": [11.036926, 46.679149]}, "properties": {"species": "gallinaccio", "label": "Gallinaccio", "scientificName": "Cantharellus cibarius", "year": 2025, "eventDate": "2025-08-05T15:14:49", "source": "gbif"}}, {"type": "Feature", "geometry": {"type": "Point", "coordinates": [9.668932, 46.221727]}, "properties": {"species": "gallinaccio", "label": "Gallinaccio", "scientificName": "Cantharellus cibarius", "year": 2025, "eventDate": "2025-08-02T15:07", "source": "gbif"}}, {"type": "Feature", "geometry": {"type": "Point", "coordinates": [11.36003, 46.429619]}, "properties": {"species": "gallinaccio", "label": "Gallinaccio", "scientificName": "Cantharellus cibarius", "year": 2025, "eventDate": "2025-09-14T15:19:16", "source": "gbif"}}, {"type": "Feature", "geometry": {"type": "Point", "coordinates": [11.371902, 46.305426]}, "properties": {"species": "gallinaccio", "label": "Gallinaccio", "scientificName": "Cantharellus cibarius", "year": 2025, "eventDate": "2025-09-04T15:16:47", "source": "gbif"}}, {"type": "Feature", "geometry": {"type": "Point", "coordinates": [9.694835, 46.266966]}, "properties": {"species": "gallinaccio", "label": "Gallinaccio", "scientificName": "Cantharellus cibarius", "year": 2025, "eventDate": "2025-09-08T11:53:49", "source": "gbif"}}, {"type": "Feature", "geometry": {"type": "Point", "coordinates": [8.469449, 45.99421]}, "properties": {"species": "gallinaccio", "label": "Gallinaccio", "scientificName": "Cantharellus cibarius", "year": 2025, "eventDate": "2025-10-06T13:09:03", "source": "gbif"}}, {"type": "Feature", "geometry": {"type": "Point", "coordinates": [9.576216, 44.3419]}, "properties": {"species": "gallinaccio", "label": "Gallinaccio", "scientificName": "Cantharellus cibarius", "year": 2025, "eventDate": "2025-10-10T00:00", "source": "gbif"}}, {"type": "Feature", "geometry": {"type": "Point", "coordinates": [9.605919, 44.404198]}, "properties": {"species": "gallinaccio", "label": "Gallinaccio", "scientificName": "Cantharellus cibarius", "year": 2025, "eventDate": "2025-10-07T00:00", "source": "gbif"}}, {"type": "Feature", "geometry": {"type": "Point", "coordinates": [9.550363, 46.087814]}, "properties": {"species": "gallinaccio", "label": "Gallinaccio", "scientificName": "Cantharellus cibarius", "year": 2025, "eventDate": "2025-10-02T12:41:53", "source": "gbif"}}, {"type": "Feature", "geometry": {"type": "Point", "coordinates": [8.796025, 45.893326]}, "properties": {"species": "gallinaccio", "label": "Gallinaccio", "scientificName": "Cantharellus cibarius", "year": 2025, "eventDate": "2025-11-09T18:40", "source": "gbif"}}, {"type": "Feature", "geometry": {"type": "Point", "coordinates": [10.42382, 43.821009]}, "properties": {"species": "gallinaccio", "label": "Gallinaccio", "scientificName": "Cantharellus cibarius", "year": 2025, "eventDate": "2025-11-17T12:49:04", "source": "gbif"}}, {"type": "Feature", "geometry": {"type": "Point", "coordinates": [11.241098, 46.154409]}, "properties": {"species": "gallinaccio", "label": "Gallinaccio", "scientificName": "Cantharellus cibarius", "year": 2024, "eventDate": "2024-03-09T15:54", "source": "gbif"}}, {"type": "Feature", "geometry": {"type": "Point", "coordinates": [9.731786, 44.518081]}, "properties": {"species": "gallinaccio", "label": "Gallinaccio", "scientificName": "Cantharellus cibarius", "year": 2024, "eventDate": "2024-05-24", "source": "gbif"}}, {"type": "Feature", "geometry": {"type": "Point", "coordinates": [11.906264, 42.818899]}, "properties": {"species": "gallinaccio", "label": "Gallinaccio", "scientificName": "Cantharellus cibarius", "year": 2024, "eventDate": "2024-05-30T09:50:34", "source": "gbif"}}, {"type": "Feature", "geometry": {"type": "Point", "coordinates": [11.228956, 46.138329]}, "properties": {"species": "gallinaccio", "label": "Gallinaccio", "scientificName": "Cantharellus cibarius", "year": 2024, "eventDate": "2024-06-07T16:19", "source": "gbif"}}, {"type": "Feature", "geometry": {"type": "Point", "coordinates": [9.545112, 46.090214]}, "properties": {"species": "gallinaccio", "label": "Gallinaccio", "scientificName": "Cantharellus cibarius", "year": 2024, "eventDate": "2024-07-19", "source": "gbif"}}, {"type": "Feature", "geometry": {"type": "Point", "coordinates": [11.538273, 46.736732]}, "properties": {"species": "gallinaccio", "label": "Gallinaccio", "scientificName": "Cantharellus cibarius", "year": 2024, "eventDate": "2024-07-17", "source": "gbif"}}, {"type": "Feature", "geometry": {"type": "Point", "coordinates": [9.664068, 44.397991]}, "properties": {"species": "gallinaccio", "label": "Gallinaccio", "scientificName": "Cantharellus cibarius", "year": 2024, "eventDate": "2024-07-11T00:00", "source": "gbif"}}, {"type": "Feature", "geometry": {"type": "Point", "coordinates": [11.084587, 46.454437]}, "properties": {"species": "gallinaccio", "label": "Gallinaccio", "scientificName": "Cantharellus cibarius", "year": 2024, "eventDate": "2024-07-08T08:50:51", "source": "gbif"}}, {"type": "Feature", "geometry": {"type": "Point", "coordinates": [7.976033, 45.629778]}, "properties": {"species": "gallinaccio", "label": "Gallinaccio", "scientificName": "Cantharellus cibarius", "year": 2024, "eventDate": "2024-07-15T16:09:49", "source": "gbif"}}, {"type": "Feature", "geometry": {"type": "Point", "coordinates": [8.778546, 45.874737]}, "properties": {"species": "gallinaccio", "label": "Gallinaccio", "scientificName": "Cantharellus cibarius", "year": 2024, "eventDate": "2024-07-13T19:40", "source": "gbif"}}, {"type": "Feature", "geometry": {"type": "Point", "coordinates": [8.778546, 45.874737]}, "properties": {"species": "gallinaccio", "label": "Gallinaccio", "scientificName": "Cantharellus cibarius", "year": 2024, "eventDate": "2024-07-13T20:29", "source": "gbif"}}, {"type": "Feature", "geometry": {"type": "Point", "coordinates": [8.786356, 45.873257]}, "properties": {"species": "gallinaccio", "label": "Gallinaccio", "scientificName": "Cantharellus cibarius", "year": 2024, "eventDate": "2024-07-02T19:26", "source": "gbif"}}, {"type": "Feature", "geometry": {"type": "Point", "coordinates": [11.433717, 46.586608]}, "properties": {"species": "gallinaccio", "label": "Gallinaccio", "scientificName": "Cantharellus cibarius", "year": 2024, "eventDate": "2024-07-30T17:44:59", "source": "gbif"}}, {"type": "Feature", "geometry": {"type": "Point", "coordinates": [7.165689, 44.875858]}, "properties": {"species": "gallinaccio", "label": "Gallinaccio", "scientificName": "Cantharellus cibarius", "year": 2024, "eventDate": "2024-08-24T15:26:42", "source": "gbif"}}, {"type": "Feature", "geometry": {"type": "Point", "coordinates": [11.79669, 46.192596]}, "properties": {"species": "gallinaccio", "label": "Gallinaccio", "scientificName": "Cantharellus cibarius", "year": 2024, "eventDate": "2024-08-15T15:15", "source": "gbif"}}, {"type": "Feature", "geometry": {"type": "Point", "coordinates": [11.789487, 46.205737]}, "properties": {"species": "gallinaccio", "label": "Gallinaccio", "scientificName": "Cantharellus cibarius", "year": 2024, "eventDate": "2024-08-15T15:25", "source": "gbif"}}, {"type": "Feature", "geometry": {"type": "Point", "coordinates": [11.775373, 46.176283]}, "properties": {"species": "gallinaccio", "label": "Gallinaccio", "scientificName": "Cantharellus cibarius", "year": 2024, "eventDate": "2024-08-15T15:05", "source": "gbif"}}, {"type": "Feature", "geometry": {"type": "Point", "coordinates": [11.793341, 46.186634]}, "properties": {"species": "gallinaccio", "label": "Gallinaccio", "scientificName": "Cantharellus cibarius", "year": 2024, "eventDate": "2024-08-16T11:38", "source": "gbif"}}, {"type": "Feature", "geometry": {"type": "Point", "coordinates": [11.735101, 46.163425]}, "properties": {"species": "gallinaccio", "label": "Gallinaccio", "scientificName": "Cantharellus cibarius", "year": 2024, "eventDate": "2024-08-15T15:37", "source": "gbif"}}, {"type": "Feature", "geometry": {"type": "Point", "coordinates": [11.777122, 46.743865]}, "properties": {"species": "gallinaccio", "label": "Gallinaccio", "scientificName": "Cantharellus cibarius", "year": 2024, "eventDate": "2024-08-04T13:41:40", "source": "gbif"}}, {"type": "Feature", "geometry": {"type": "Point", "coordinates": [8.352233, 45.845219]}, "properties": {"species": "gallinaccio", "label": "Gallinaccio", "scientificName": "Cantharellus cibarius", "year": 2024, "eventDate": "2024-08-19T12:12:28", "source": "gbif"}}, {"type": "Feature", "geometry": {"type": "Point", "coordinates": [8.785158, 45.87138]}, "properties": {"species": "gallinaccio", "label": "Gallinaccio", "scientificName": "Cantharellus cibarius", "year": 2024, "eventDate": "2024-08-09T12:32", "source": "gbif"}}, {"type": "Feature", "geometry": {"type": "Point", "coordinates": [8.785158, 45.87138]}, "properties": {"species": "gallinaccio", "label": "Gallinaccio", "scientificName": "Cantharellus cibarius", "year": 2024, "eventDate": "2024-08-09T12:33", "source": "gbif"}}, {"type": "Feature", "geometry": {"type": "Point", "coordinates": [7.302243, 44.579881]}, "properties": {"species": "gallinaccio", "label": "Gallinaccio", "scientificName": "Cantharellus cibarius", "year": 2024, "eventDate": "2024-09-07T15:36:47", "source": "gbif"}}, {"type": "Feature", "geometry": {"type": "Point", "coordinates": [10.142325, 44.167084]}, "properties": {"species": "gallinaccio", "label": "Gallinaccio", "scientificName": "Cantharellus cibarius", "year": 2024, "eventDate": "2024-09-21T13:07", "source": "gbif"}}, {"type": "Feature", "geometry": {"type": "Point", "coordinates": [7.974935, 45.630348]}, "properties": {"species": "gallinaccio", "label": "Gallinaccio", "scientificName": "Cantharellus cibarius", "year": 2024, "eventDate": "2024-09-29T11:15:51", "source": "gbif"}}, {"type": "Feature", "geometry": {"type": "Point", "coordinates": [8.527787, 45.895371]}, "properties": {"species": "gallinaccio", "label": "Gallinaccio", "scientificName": "Cantharellus cibarius", "year": 2024, "eventDate": "2024-09-11T13:31:14", "source": "gbif"}}, {"type": "Feature", "geometry": {"type": "Point", "coordinates": [9.540324, 46.081048]}, "properties": {"species": "gallinaccio", "label": "Gallinaccio", "scientificName": "Cantharellus cibarius", "year": 2024, "eventDate": "2024-09-25T12:20:54", "source": "gbif"}}, {"type": "Feature", "geometry": {"type": "Point", "coordinates": [9.559178, 46.108437]}, "properties": {"species": "gallinaccio", "label": "Gallinaccio", "scientificName": "Cantharellus cibarius", "year": 2024, "eventDate": "2024-09-14T13:45:46", "source": "gbif"}}, {"type": "Feature", "geometry": {"type": "Point", "coordinates": [11.047293, 46.505535]}, "properties": {"species": "gallinaccio", "label": "Gallinaccio", "scientificName": "Cantharellus cibarius", "year": 2024, "eventDate": "2024-09-07T10:02", "source": "gbif"}}, {"type": "Feature", "geometry": {"type": "Point", "coordinates": [9.535759, 46.097345]}, "properties": {"species": "gallinaccio", "label": "Gallinaccio", "scientificName": "Cantharellus cibarius", "year": 2024, "eventDate": "2024-09-01T12:26", "source": "gbif"}}, {"type": "Feature", "geometry": {"type": "Point", "coordinates": [9.536541, 46.097127]}, "properties": {"species": "gallinaccio", "label": "Gallinaccio", "scientificName": "Cantharellus cibarius", "year": 2024, "eventDate": "2024-09-01T10:06", "source": "gbif"}}, {"type": "Feature", "geometry": {"type": "Point", "coordinates": [11.366717, 46.307507]}, "properties": {"species": "gallinaccio", "label": "Gallinaccio", "scientificName": "Cantharellus cibarius", "year": 2024, "eventDate": "2024-09-06T14:18:35", "source": "gbif"}}, {"type": "Feature", "geometry": {"type": "Point", "coordinates": [10.642142, 46.359737]}, "properties": {"species": "gallinaccio", "label": "Gallinaccio", "scientificName": "Cantharellus cibarius", "year": 2024, "eventDate": "2024-10-30T11:56:06", "source": "gbif"}}, {"type": "Feature", "geometry": {"type": "Point", "coordinates": [14.452667, 41.409626]}, "properties": {"species": "gallinaccio", "label": "Gallinaccio", "scientificName": "Cantharellus cibarius", "year": 2024, "eventDate": "2024-10-30T11:43:22", "source": "gbif"}}, {"type": "Feature", "geometry": {"type": "Point", "coordinates": [10.91625, 43.14666]}, "properties": {"species": "gallinaccio", "label": "Gallinaccio", "scientificName": "Cantharellus cibarius", "year": 2024, "eventDate": "2024-10-31T10:47:55", "source": "gbif"}}, {"type": "Feature", "geometry": {"type": "Point", "coordinates": [8.949884, 44.5162]}, "properties": {"species": "gallinaccio", "label": "Gallinaccio", "scientificName": "Cantharellus cibarius", "year": 2024, "eventDate": "2024-10-06T09:53:35", "source": "gbif"}}, {"type": "Feature", "geometry": {"type": "Point", "coordinates": [10.128178, 45.972499]}, "properties": {"species": "gallinaccio", "label": "Gallinaccio", "scientificName": "Cantharellus cibarius", "year": 2024, "eventDate": "2024-10-12T11:27", "source": "gbif"}}, {"type": "Feature", "geometry": {"type": "Point", "coordinates": [11.243287, 43.759546]}, "properties": {"species": "gallinaccio", "label": "Gallinaccio", "scientificName": "Cantharellus cibarius", "year": 2024, "eventDate": "2024-10-26T15:33:58", "source": "gbif"}}, {"type": "Feature", "geometry": {"type": "Point", "coordinates": [11.703458, 42.577445]}, "properties": {"species": "gallinaccio", "label": "Gallinaccio", "scientificName": "Cantharellus cibarius", "year": 2024, "eventDate": "2024-10-20T11:59:53", "source": "gbif"}}, {"type": "Feature", "geometry": {"type": "Point", "coordinates": [12.478896, 42.129753]}, "properties": {"species": "gallinaccio", "label": "Gallinaccio", "scientificName": "Cantharellus cibarius", "year": 2024, "eventDate": "2024-10-26T14:12:02", "source": "gbif"}}, {"type": "Feature", "geometry": {"type": "Point", "coordinates": [10.973894, 42.861404]}, "properties": {"species": "gallinaccio", "label": "Gallinaccio", "scientificName": "Cantharellus cibarius", "year": 2024, "eventDate": "2024-10-13T15:59:29", "source": "gbif"}}, {"type": "Feature", "geometry": {"type": "Point", "coordinates": [14.583767, 41.100648]}, "properties": {"species": "gallinaccio", "label": "Gallinaccio", "scientificName": "Cantharellus cibarius", "year": 2024, "eventDate": "2024-10-08T12:22", "source": "gbif"}}, {"type": "Feature", "geometry": {"type": "Point", "coordinates": [8.931835, 45.719379]}, "properties": {"species": "gallinaccio", "label": "Gallinaccio", "scientificName": "Cantharellus cibarius", "year": 2024, "eventDate": "2024-10-27T15:59:12", "source": "gbif"}}, {"type": "Feature", "geometry": {"type": "Point", "coordinates": [13.036841, 41.343582]}, "properties": {"species": "gallinaccio", "label": "Gallinaccio", "scientificName": "Cantharellus cibarius", "year": 2024, "eventDate": "2024-10-20T15:23:13", "source": "gbif"}}, {"type": "Feature", "geometry": {"type": "Point", "coordinates": [11.459703, 46.159129]}, "properties": {"species": "gallinaccio", "label": "Gallinaccio", "scientificName": "Cantharellus cibarius", "year": 2024, "eventDate": "2024-10-31T16:55", "source": "gbif"}}, {"type": "Feature", "geometry": {"type": "Point", "coordinates": [8.784681, 45.848471]}, "properties": {"species": "gallinaccio", "label": "Gallinaccio", "scientificName": "Cantharellus cibarius", "year": 2024, "eventDate": "2024-10-21T17:22:29", "source": "gbif"}}, {"type": "Feature", "geometry": {"type": "Point", "coordinates": [11.57776, 42.840402]}, "properties": {"species": "gallinaccio", "label": "Gallinaccio", "scientificName": "Cantharellus cibarius", "year": 2024, "eventDate": "2024-10-20T12:21:44", "source": "gbif"}}, {"type": "Feature", "geometry": {"type": "Point", "coordinates": [14.581728, 41.12572]}, "properties": {"species": "gallinaccio", "label": "Gallinaccio", "scientificName": "Cantharellus cibarius", "year": 2024, "eventDate": "2024-10-08T14:24", "source": "gbif"}}, {"type": "Feature", "geometry": {"type": "Point", "coordinates": [8.787372, 45.879243]}, "properties": {"species": "gallinaccio", "label": "Gallinaccio", "scientificName": "Cantharellus cibarius", "year": 2024, "eventDate": "2024-10-12T11:58", "source": "gbif"}}, {"type": "Feature", "geometry": {"type": "Point", "coordinates": [8.787372, 45.879243]}, "properties": {"species": "gallinaccio", "label": "Gallinaccio", "scientificName": "Cantharellus cibarius", "year": 2024, "eventDate": "2024-10-12T11:55", "source": "gbif"}}, {"type": "Feature", "geometry": {"type": "Point", "coordinates": [9.585222, 44.32753]}, "properties": {"species": "gallinaccio", "label": "Gallinaccio", "scientificName": "Cantharellus cibarius", "year": 2024, "eventDate": "2024-11-10T00:00", "source": "gbif"}}, {"type": "Feature", "geometry": {"type": "Point", "coordinates": [9.205779, 44.315533]}, "properties": {"species": "gallinaccio", "label": "Gallinaccio", "scientificName": "Cantharellus cibarius", "year": 2023, "eventDate": "2023-01-02T12:59:05", "source": "gbif"}}, {"type": "Feature", "geometry": {"type": "Point", "coordinates": [10.475597, 43.409783]}, "properties": {"species": "gallinaccio", "label": "Gallinaccio", "scientificName": "Cantharellus cibarius", "year": 2023, "eventDate": "2023-05-27T09:45:54", "source": "gbif"}}, {"type": "Feature", "geometry": {"type": "Point", "coordinates": [13.05049, 42.132476]}, "properties": {"species": "gallinaccio", "label": "Gallinaccio", "scientificName": "Cantharellus cibarius", "year": 2023, "eventDate": "2023-06-18T17:34:08", "source": "gbif"}}, {"type": "Feature", "geometry": {"type": "Point", "coordinates": [14.582817, 41.556574]}, "properties": {"species": "gallinaccio", "label": "Gallinaccio", "scientificName": "Cantharellus cibarius", "year": 2023, "eventDate": "2023-06-06T09:18", "source": "gbif"}}, {"type": "Feature", "geometry": {"type": "Point", "coordinates": [10.400324, 46.461262]}, "properties": {"species": "gallinaccio", "label": "Gallinaccio", "scientificName": "Cantharellus cibarius", "year": 2023, "eventDate": "2023-07-13T20:18:58", "source": "gbif"}}, {"type": "Feature", "geometry": {"type": "Point", "coordinates": [10.617172, 46.340872]}, "properties": {"species": "gallinaccio", "label": "Gallinaccio", "scientificName": "Cantharellus cibarius", "year": 2023, "eventDate": "2023-07-27T11:36", "source": "gbif"}}, {"type": "Feature", "geometry": {"type": "Point", "coordinates": [9.074292, 45.918999]}, "properties": {"species": "gallinaccio", "label": "Gallinaccio", "scientificName": "Cantharellus cibarius", "year": 2023, "eventDate": "2023-07-28T10:07", "source": "gbif"}}, {"type": "Feature", "geometry": {"type": "Point", "coordinates": [8.284217, 45.78764]}, "properties": {"species": "gallinaccio", "label": "Gallinaccio", "scientificName": "Cantharellus cibarius", "year": 2023, "eventDate": "2023-07-30T12:56:20", "source": "gbif"}}, {"type": "Feature", "geometry": {"type": "Point", "coordinates": [10.678242, 46.161458]}, "properties": {"species": "gallinaccio", "label": "Gallinaccio", "scientificName": "Cantharellus cibarius", "year": 2023, "eventDate": "2023-07-04T08:48:37", "source": "gbif"}}, {"type": "Feature", "geometry": {"type": "Point", "coordinates": [10.544743, 46.251373]}, "properties": {"species": "gallinaccio", "label": "Gallinaccio", "scientificName": "Cantharellus cibarius", "year": 2023, "eventDate": "2023-07-22T16:36:20", "source": "gbif"}}, {"type": "Feature", "geometry": {"type": "Point", "coordinates": [12.117965, 46.000024]}, "properties": {"species": "gallinaccio", "label": "Gallinaccio", "scientificName": "Cantharellus cibarius", "year": 2023, "eventDate": "2023-08-07", "source": "gbif"}}, {"type": "Feature", "geometry": {"type": "Point", "coordinates": [11.326186, 46.195007]}, "properties": {"species": "gallinaccio", "label": "Gallinaccio", "scientificName": "Cantharellus cibarius", "year": 2023, "eventDate": "2023-08-18T18:11:40", "source": "gbif"}}, {"type": "Feature", "geometry": {"type": "Point", "coordinates": [12.093258, 46.774702]}, "properties": {"species": "gallinaccio", "label": "Gallinaccio", "scientificName": "Cantharellus cibarius", "year": 2023, "eventDate": "2023-08-31T11:05:40", "source": "gbif"}}, {"type": "Feature", "geometry": {"type": "Point", "coordinates": [7.976033, 45.629782]}, "properties": {"species": "gallinaccio", "label": "Gallinaccio", "scientificName": "Cantharellus cibarius", "year": 2023, "eventDate": "2023-08-31T10:31:08", "source": "gbif"}}, {"type": "Feature", "geometry": {"type": "Point", "coordinates": [12.113623, 45.99786]}, "properties": {"species": "gallinaccio", "label": "Gallinaccio", "scientificName": "Cantharellus cibarius", "year": 2023, "eventDate": "2023-08-07T11:26:21", "source": "gbif"}}, {"type": "Feature", "geometry": {"type": "Point", "coordinates": [11.345539, 46.216246]}, "properties": {"species": "gallinaccio", "label": "Gallinaccio", "scientificName": "Cantharellus cibarius", "year": 2023, "eventDate": "2023-09-07T11:44:46", "source": "gbif"}}, {"type": "Feature", "geometry": {"type": "Point", "coordinates": [8.936458, 45.737572]}, "properties": {"species": "gallinaccio", "label": "Gallinaccio", "scientificName": "Cantharellus cibarius", "year": 2023, "eventDate": "2023-09-30T11:13", "source": "gbif"}}, {"type": "Feature", "geometry": {"type": "Point", "coordinates": [8.945305, 45.717418]}, "properties": {"species": "gallinaccio", "label": "Gallinaccio", "scientificName": "Cantharellus cibarius", "year": 2023, "eventDate": "2023-09-24T20:11", "source": "gbif"}}, {"type": "Feature", "geometry": {"type": "Point", "coordinates": [8.826854, 45.879147]}, "properties": {"species": "gallinaccio", "label": "Gallinaccio", "scientificName": "Cantharellus cibarius", "year": 2023, "eventDate": "2023-10-12T22:19", "source": "gbif"}}, {"type": "Feature", "geometry": {"type": "Point", "coordinates": [9.503423, 44.329155]}, "properties": {"species": "gallinaccio", "label": "Gallinaccio", "scientificName": "Cantharellus cibarius", "year": 2023, "eventDate": "2023-10-05T00:00", "source": "gbif"}}, {"type": "Feature", "geometry": {"type": "Point", "coordinates": [8.811759, 45.892008]}, "properties": {"species": "gallinaccio", "label": "Gallinaccio", "scientificName": "Cantharellus cibarius", "year": 2023, "eventDate": "2023-10-22T17:13", "source": "gbif"}}, {"type": "Feature", "geometry": {"type": "Point", "coordinates": [9.867371, 44.126261]}, "properties": {"species": "gallinaccio", "label": "Gallinaccio", "scientificName": "Cantharellus cibarius", "year": 2023, "eventDate": "2023-11-10T15:38:46", "source": "gbif"}}, {"type": "Feature", "geometry": {"type": "Point", "coordinates": [14.449682, 40.829743]}, "properties": {"species": "gallinaccio", "label": "Gallinaccio", "scientificName": "Cantharellus cibarius", "year": 2023, "eventDate": "2023-11-29T13:16", "source": "gbif"}}, {"type": "Feature", "geometry": {"type": "Point", "coordinates": [11.149166, 46.135265]}, "properties": {"species": "gallinaccio", "label": "Gallinaccio", "scientificName": "Cantharellus cibarius", "year": 2023, "eventDate": "2023-11-01T16:10", "source": "gbif"}}, {"type": "Feature", "geometry": {"type": "Point", "coordinates": [12.055486, 42.136322]}, "properties": {"species": "gallinaccio", "label": "Gallinaccio", "scientificName": "Cantharellus cibarius", "year": 2023, "eventDate": "2023-11-05T09:33:19", "source": "gbif"}}, {"type": "Feature", "geometry": {"type": "Point", "coordinates": [10.437199, 43.805724]}, "properties": {"species": "gallinaccio", "label": "Gallinaccio", "scientificName": "Cantharellus cibarius", "year": 2023, "eventDate": "2023-11-16T12:49:06", "source": "gbif"}}, {"type": "Feature", "geometry": {"type": "Point", "coordinates": [14.996596, 41.032166]}, "properties": {"species": "gallinaccio", "label": "Gallinaccio", "scientificName": "Cantharellus cibarius", "year": 2023, "eventDate": "2023-12-10T08:46:16", "source": "gbif"}}, {"type": "Feature", "geometry": {"type": "Point", "coordinates": [11.656383, 46.269994]}, "properties": {"species": "gallinaccio", "label": "Gallinaccio", "scientificName": "Cantharellus cibarius", "year": 2022, "eventDate": "2022-07-24T13:54:05", "source": "gbif"}}, {"type": "Feature", "geometry": {"type": "Point", "coordinates": [12.10679, 46.877796]}, "properties": {"species": "gallinaccio", "label": "Gallinaccio", "scientificName": "Cantharellus cibarius", "year": 2022, "eventDate": "2022-07-31T13:19:42", "source": "gbif"}}, {"type": "Feature", "geometry": {"type": "Point", "coordinates": [11.3429, 46.236144]}, "properties": {"species": "gallinaccio", "label": "Gallinaccio", "scientificName": "Cantharellus cibarius", "year": 2022, "eventDate": "2022-08-14T14:22", "source": "gbif"}}, {"type": "Feature", "geometry": {"type": "Point", "coordinates": [14.777166, 40.943503]}, "properties": {"species": "gallinaccio", "label": "Gallinaccio", "scientificName": "Cantharellus cibarius", "year": 2022, "eventDate": "2022-09-02T19:42:07", "source": "gbif"}}, {"type": "Feature", "geometry": {"type": "Point", "coordinates": [16.227512, 38.526886]}, "properties": {"species": "gallinaccio", "label": "Gallinaccio", "scientificName": "Cantharellus cibarius", "year": 2022, "eventDate": "2022-09-19T16:23:45", "source": "gbif"}}, {"type": "Feature", "geometry": {"type": "Point", "coordinates": [12.207894, 42.422302]}, "properties": {"species": "gallinaccio", "label": "Gallinaccio", "scientificName": "Cantharellus cibarius", "year": 2022, "eventDate": "2022-09-15T11:41", "source": "gbif"}}, {"type": "Feature", "geometry": {"type": "Point", "coordinates": [11.051389, 46.331944]}, "properties": {"species": "gallinaccio", "label": "Gallinaccio", "scientificName": "Cantharellus cibarius", "year": 2022, "eventDate": "2022-09-03T15:01:26", "source": "gbif"}}, {"type": "Feature", "geometry": {"type": "Point", "coordinates": [13.124532, 41.847537]}, "properties": {"species": "gallinaccio", "label": "Gallinaccio", "scientificName": "Cantharellus cibarius", "year": 2022, "eventDate": "2022-10-02T13:25:37", "source": "gbif"}}, {"type": "Feature", "geometry": {"type": "Point", "coordinates": [10.886881, 44.070988]}, "properties": {"species": "gallinaccio", "label": "Gallinaccio", "scientificName": "Cantharellus cibarius", "year": 2022, "eventDate": "2022-10-29T14:25", "source": "gbif"}}, {"type": "Feature", "geometry": {"type": "Point", "coordinates": [7.983863, 44.82005]}, "properties": {"species": "gallinaccio", "label": "Gallinaccio", "scientificName": "Cantharellus cibarius", "year": 2022, "eventDate": "2022-10-26T16:38", "source": "gbif"}}, {"type": "Feature", "geometry": {"type": "Point", "coordinates": [14.283989, 41.115853]}, "properties": {"species": "gallinaccio", "label": "Gallinaccio", "scientificName": "Cantharellus cibarius", "year": 2022, "eventDate": "2022-10-05T10:43", "source": "gbif"}}, {"type": "Feature", "geometry": {"type": "Point", "coordinates": [10.760075, 44.219692]}, "properties": {"species": "gallinaccio", "label": "Gallinaccio", "scientificName": "Cantharellus cibarius", "year": 2022, "eventDate": "2022-10-02T16:11:56", "source": "gbif"}}, {"type": "Feature", "geometry": {"type": "Point", "coordinates": [11.324522, 43.34572]}, "properties": {"species": "gallinaccio", "label": "Gallinaccio", "scientificName": "Cantharellus cibarius", "year": 2022, "eventDate": "2022-10-09T17:21:56", "source": "gbif"}}, {"type": "Feature", "geometry": {"type": "Point", "coordinates": [11.164597, 43.710748]}, "properties": {"species": "gallinaccio", "label": "Gallinaccio", "scientificName": "Cantharellus cibarius", "year": 2022, "eventDate": "2022-10-01T14:36:38", "source": "gbif"}}, {"type": "Feature", "geometry": {"type": "Point", "coordinates": [9.312588, 44.356072]}, "properties": {"species": "gallinaccio", "label": "Gallinaccio", "scientificName": "Cantharellus cibarius", "year": 2022, "eventDate": "2022-10-05T11:16:45", "source": "gbif"}}, {"type": "Feature", "geometry": {"type": "Point", "coordinates": [11.246853, 43.750659]}, "properties": {"species": "gallinaccio", "label": "Gallinaccio", "scientificName": "Cantharellus cibarius", "year": 2022, "eventDate": "2022-11-05T08:35:08", "source": "gbif"}}, {"type": "Feature", "geometry": {"type": "Point", "coordinates": [10.407443, 43.523356]}, "properties": {"species": "gallinaccio", "label": "Gallinaccio", "scientificName": "Cantharellus cibarius", "year": 2021, "eventDate": "2021-02-22T14:23", "source": "gbif"}}, {"type": "Feature", "geometry": {"type": "Point", "coordinates": [11.463012, 46.533974]}, "properties": {"species": "gallinaccio", "label": "Gallinaccio", "scientificName": "Cantharellus cibarius", "year": 2021, "eventDate": "2021-07-15T03:42", "source": "gbif"}}, {"type": "Feature", "geometry": {"type": "Point", "coordinates": [10.753784, 46.174055]}, "properties": {"species": "gallinaccio", "label": "Gallinaccio", "scientificName": "Cantharellus cibarius", "year": 2021, "eventDate": "2021-07-26T15:27:46", "source": "gbif"}}, {"type": "Feature", "geometry": {"type": "Point", "coordinates": [11.877085, 46.722297]}, "properties": {"species": "gallinaccio", "label": "Gallinaccio", "scientificName": "Cantharellus cibarius", "year": 2021, "eventDate": "2021-07-10T09:00Z", "source": "gbif"}}, {"type": "Feature", "geometry": {"type": "Point", "coordinates": [11.464372, 46.570512]}, "properties": {"species": "gallinaccio", "label": "Gallinaccio", "scientificName": "Cantharellus cibarius", "year": 2021, "eventDate": "2021-07-11T13:53:54", "source": "gbif"}}, {"type": "Feature", "geometry": {"type": "Point", "coordinates": [10.636533, 46.281333]}, "properties": {"species": "gallinaccio", "label": "Gallinaccio", "scientificName": "Cantharellus cibarius", "year": 2021, "eventDate": "2021-07-28T15:20", "source": "gbif"}}, {"type": "Feature", "geometry": {"type": "Point", "coordinates": [9.546323, 46.115889]}, "properties": {"species": "gallinaccio", "label": "Gallinaccio", "scientificName": "Cantharellus cibarius", "year": 2021, "eventDate": "2021-08-02T11:06", "source": "gbif"}}, {"type": "Feature", "geometry": {"type": "Point", "coordinates": [11.78454, 46.175087]}, "properties": {"species": "gallinaccio", "label": "Gallinaccio", "scientificName": "Cantharellus cibarius", "year": 2021, "eventDate": "2021-08-08T09:45", "source": "gbif"}}, {"type": "Feature", "geometry": {"type": "Point", "coordinates": [11.786958, 46.178634]}, "properties": {"species": "gallinaccio", "label": "Gallinaccio", "scientificName": "Cantharellus cibarius", "year": 2021, "eventDate": "2021-08-08T09:47", "source": "gbif"}}, {"type": "Feature", "geometry": {"type": "Point", "coordinates": [11.789486, 46.176734]}, "properties": {"species": "gallinaccio", "label": "Gallinaccio", "scientificName": "Cantharellus cibarius", "year": 2021, "eventDate": "2021-08-08T09:47", "source": "gbif"}}, {"type": "Feature", "geometry": {"type": "Point", "coordinates": [11.788515, 46.174006]}, "properties": {"species": "gallinaccio", "label": "Gallinaccio", "scientificName": "Cantharellus cibarius", "year": 2021, "eventDate": "2021-08-08T11:19", "source": "gbif"}}, {"type": "Feature", "geometry": {"type": "Point", "coordinates": [7.976033, 45.629778]}, "properties": {"species": "gallinaccio", "label": "Gallinaccio", "scientificName": "Cantharellus cibarius", "year": 2021, "eventDate": "2021-08-09T17:24:52", "source": "gbif"}}, {"type": "Feature", "geometry": {"type": "Point", "coordinates": [11.743221, 46.841877]}, "properties": {"species": "gallinaccio", "label": "Gallinaccio", "scientificName": "Cantharellus cibarius", "year": 2021, "eventDate": "2021-08-07T15:22:48", "source": "gbif"}}, {"type": "Feature", "geometry": {"type": "Point", "coordinates": [11.286657, 46.915962]}, "properties": {"species": "gallinaccio", "label": "Gallinaccio", "scientificName": "Cantharellus cibarius", "year": 2021, "eventDate": "2021-08-21T11:45", "source": "gbif"}}, {"type": "Feature", "geometry": {"type": "Point", "coordinates": [11.498157, 46.303413]}, "properties": {"species": "gallinaccio", "label": "Gallinaccio", "scientificName": "Cantharellus cibarius", "year": 2021, "eventDate": "2021-08-02T15:20:02", "source": "gbif"}}, {"type": "Feature", "geometry": {"type": "Point", "coordinates": [11.321776, 45.969488]}, "properties": {"species": "gallinaccio", "label": "Gallinaccio", "scientificName": "Cantharellus cibarius", "year": 2021, "eventDate": "2021-08-17T10:58:48", "source": "gbif"}}, {"type": "Feature", "geometry": {"type": "Point", "coordinates": [11.188378, 46.464123]}, "properties": {"species": "gallinaccio", "label": "Gallinaccio", "scientificName": "Cantharellus cibarius", "year": 2021, "eventDate": "2021-08-26T08:54", "source": "gbif"}}, {"type": "Feature", "geometry": {"type": "Point", "coordinates": [8.263292, 46.111331]}, "properties": {"species": "gallinaccio", "label": "Gallinaccio", "scientificName": "Cantharellus cibarius", "year": 2021, "eventDate": "2021-08-17T16:02", "source": "gbif"}}, {"type": "Feature", "geometry": {"type": "Point", "coordinates": [8.525871, 45.871499]}, "properties": {"species": "gallinaccio", "label": "Gallinaccio", "scientificName": "Cantharellus cibarius", "year": 2021, "eventDate": "2021-08-09T14:37:35", "source": "gbif"}}, {"type": "Feature", "geometry": {"type": "Point", "coordinates": [11.232222, 46.746667]}, "properties": {"species": "gallinaccio", "label": "Gallinaccio", "scientificName": "Cantharellus cibarius", "year": 2021, "eventDate": "2021-08-21T15:00Z", "source": "gbif"}}, {"type": "Feature", "geometry": {"type": "Point", "coordinates": [16.23695, 39.051717]}, "properties": {"species": "gallinaccio", "label": "Gallinaccio", "scientificName": "Cantharellus cibarius", "year": 2021, "eventDate": "2021-09-10T13:55:14", "source": "gbif"}}, {"type": "Feature", "geometry": {"type": "Point", "coordinates": [8.933747, 45.81831]}, "properties": {"species": "gallinaccio", "label": "Gallinaccio", "scientificName": "Cantharellus cibarius", "year": 2021, "eventDate": "2021-09-25T16:26:29", "source": "gbif"}}, {"type": "Feature", "geometry": {"type": "Point", "coordinates": [9.614811, 46.000178]}, "properties": {"species": "gallinaccio", "label": "Gallinaccio", "scientificName": "Cantharellus cibarius", "year": 2021, "eventDate": "2021-09-29T23:15", "source": "gbif"}}, {"type": "Feature", "geometry": {"type": "Point", "coordinates": [10.069174, 46.143144]}, "properties": {"species": "gallinaccio", "label": "Gallinaccio", "scientificName": "Cantharellus cibarius", "year": 2021, "eventDate": "2021-10-09T13:40:31", "source": "gbif"}}, {"type": "Feature", "geometry": {"type": "Point", "coordinates": [11.228658, 43.770392]}, "properties": {"species": "gallinaccio", "label": "Gallinaccio", "scientificName": "Cantharellus cibarius", "year": 2021, "eventDate": "2021-11-15T13:53:23", "source": "gbif"}}, {"type": "Feature", "geometry": {"type": "Point", "coordinates": [12.499659, 41.926262]}, "properties": {"species": "gallinaccio", "label": "Gallinaccio", "scientificName": "Cantharellus cibarius", "year": 2020, "eventDate": "2020-01-31T11:56", "source": "gbif"}}, {"type": "Feature", "geometry": {"type": "Point", "coordinates": [11.33709, 46.124668]}, "properties": {"species": "gallinaccio", "label": "Gallinaccio", "scientificName": "Cantharellus cibarius", "year": 2020, "eventDate": "2020-07-16T07:48:51", "source": "gbif"}}, {"type": "Feature", "geometry": {"type": "Point", "coordinates": [10.14674, 46.025018]}, "properties": {"species": "gallinaccio", "label": "Gallinaccio", "scientificName": "Cantharellus cibarius", "year": 2020, "eventDate": "2020-07-22T08:31", "source": "gbif"}}, {"type": "Feature", "geometry": {"type": "Point", "coordinates": [11.719194, 46.547683]}, "properties": {"species": "gallinaccio", "label": "Gallinaccio", "scientificName": "Cantharellus cibarius", "year": 2020, "eventDate": "2020-07-31T18:46:08", "source": "gbif"}}, {"type": "Feature", "geometry": {"type": "Point", "coordinates": [10.806583, 46.311386]}, "properties": {"species": "gallinaccio", "label": "Gallinaccio", "scientificName": "Cantharellus cibarius", "year": 2020, "eventDate": "2020-07-12T16:31", "source": "gbif"}}, {"type": "Feature", "geometry": {"type": "Point", "coordinates": [11.375389, 46.87664]}, "properties": {"species": "gallinaccio", "label": "Gallinaccio", "scientificName": "Cantharellus cibarius", "year": 2020, "eventDate": "2020-08-19T16:30:11", "source": "gbif"}}, {"type": "Feature", "geometry": {"type": "Point", "coordinates": [9.851278, 46.146541]}, "properties": {"species": "gallinaccio", "label": "Gallinaccio", "scientificName": "Cantharellus cibarius", "year": 2020, "eventDate": "2020-08-29T15:38:28Z", "source": "gbif"}}, {"type": "Feature", "geometry": {"type": "Point", "coordinates": [11.280407, 46.073687]}, "properties": {"species": "gallinaccio", "label": "Gallinaccio", "scientificName": "Cantharellus cibarius", "year": 2020, "eventDate": "2020-08-06T18:43:40", "source": "gbif"}}, {"type": "Feature", "geometry": {"type": "Point", "coordinates": [10.06843, 46.132785]}, "properties": {"species": "gallinaccio", "label": "Gallinaccio", "scientificName": "Cantharellus cibarius", "year": 2020, "eventDate": "2020-08-15T08:23:16", "source": "gbif"}}, {"type": "Feature", "geometry": {"type": "Point", "coordinates": [8.911293, 45.778603]}, "properties": {"species": "gallinaccio", "label": "Gallinaccio", "scientificName": "Cantharellus cibarius", "year": 2020, "eventDate": "2020-08-19T15:39:45", "source": "gbif"}}, {"type": "Feature", "geometry": {"type": "Point", "coordinates": [11.51143, 46.8137]}, "properties": {"species": "gallinaccio", "label": "Gallinaccio", "scientificName": "Cantharellus cibarius", "year": 2020, "eventDate": "2020-08-08T11:13", "source": "gbif"}}, {"type": "Feature", "geometry": {"type": "Point", "coordinates": [13.019768, 46.529479]}, "properties": {"species": "gallinaccio", "label": "Gallinaccio", "scientificName": "Cantharellus cibarius", "year": 2020, "eventDate": "2020-09-03T16:36", "source": "gbif"}}, {"type": "Feature", "geometry": {"type": "Point", "coordinates": [11.51254, 46.61715]}, "properties": {"species": "gallinaccio", "label": "Gallinaccio", "scientificName": "Cantharellus cibarius", "year": 2020, "eventDate": "2020-09-02T14:36Z", "source": "gbif"}}, {"type": "Feature", "geometry": {"type": "Point", "coordinates": [11.5127, 46.617102]}, "properties": {"species": "gallinaccio", "label": "Gallinaccio", "scientificName": "Cantharellus cibarius", "year": 2020, "eventDate": "2020-09-02T14:37Z", "source": "gbif"}}, {"type": "Feature", "geometry": {"type": "Point", "coordinates": [11.507305, 46.61927]}, "properties": {"species": "gallinaccio", "label": "Gallinaccio", "scientificName": "Cantharellus cibarius", "year": 2020, "eventDate": "2020-09-02T14:21Z", "source": "gbif"}}, {"type": "Feature", "geometry": {"type": "Point", "coordinates": [7.782794, 45.063536]}, "properties": {"species": "gallinaccio", "label": "Gallinaccio", "scientificName": "Cantharellus cibarius", "year": 2020, "eventDate": "2020-09-08T14:21:36", "source": "gbif"}}, {"type": "Feature", "geometry": {"type": "Point", "coordinates": [15.856601, 38.179384]}, "properties": {"species": "gallinaccio", "label": "Gallinaccio", "scientificName": "Cantharellus cibarius", "year": 2020, "eventDate": "2020-09-15T11:13", "source": "gbif"}}, {"type": "Feature", "geometry": {"type": "Point", "coordinates": [11.501962, 46.602421]}, "properties": {"species": "gallinaccio", "label": "Gallinaccio", "scientificName": "Cantharellus cibarius", "year": 2020, "eventDate": "2020-09-02T12:55Z", "source": "gbif"}}, {"type": "Feature", "geometry": {"type": "Point", "coordinates": [10.752574, 44.226463]}, "properties": {"species": "gallinaccio", "label": "Gallinaccio", "scientificName": "Cantharellus cibarius", "year": 2020, "eventDate": "2020-09-15T09:51:41", "source": "gbif"}}, {"type": "Feature", "geometry": {"type": "Point", "coordinates": [10.748875, 44.222797]}, "properties": {"species": "gallinaccio", "label": "Gallinaccio", "scientificName": "Cantharellus cibarius", "year": 2020, "eventDate": "2020-09-07T10:36:45", "source": "gbif"}}, {"type": "Feature", "geometry": {"type": "Point", "coordinates": [8.931602, 45.797855]}, "properties": {"species": "gallinaccio", "label": "Gallinaccio", "scientificName": "Cantharellus cibarius", "year": 2020, "eventDate": "2020-10-04T09:50:22", "source": "gbif"}}, {"type": "Feature", "geometry": {"type": "Point", "coordinates": [8.566929, 45.729131]}, "properties": {"species": "gallinaccio", "label": "Gallinaccio", "scientificName": "Cantharellus cibarius", "year": 2020, "eventDate": "2020-10-05T13:15:04", "source": "gbif"}}, {"type": "Feature", "geometry": {"type": "Point", "coordinates": [9.36334, 45.825592]}, "properties": {"species": "gallinaccio", "label": "Gallinaccio", "scientificName": "Cantharellus cibarius", "year": 2020, "eventDate": "2020-10-06T11:29:20", "source": "gbif"}}, {"type": "Feature", "geometry": {"type": "Point", "coordinates": [9.96777, 46.187481]}, "properties": {"species": "gallinaccio", "label": "Gallinaccio", "scientificName": "Cantharellus cibarius", "year": 2020, "eventDate": "2020-10-20T14:18:43", "source": "gbif"}}, {"type": "Feature", "geometry": {"type": "Point", "coordinates": [10.166433, 44.06283]}, "properties": {"species": "gallinaccio", "label": "Gallinaccio", "scientificName": "Cantharellus cibarius", "year": 2020, "eventDate": "2020-10-09T16:09", "source": "gbif"}}, {"type": "Feature", "geometry": {"type": "Point", "coordinates": [9.798427, 44.118884]}, "properties": {"species": "gallinaccio", "label": "Gallinaccio", "scientificName": "Cantharellus cibarius", "year": 2020, "eventDate": "2020-10-24T12:00:41", "source": "gbif"}}, {"type": "Feature", "geometry": {"type": "Point", "coordinates": [11.507784, 42.740215]}, "properties": {"species": "gallinaccio", "label": "Gallinaccio", "scientificName": "Cantharellus cibarius", "year": 2020, "eventDate": "2020-11-07T14:39", "source": "gbif"}}, {"type": "Feature", "geometry": {"type": "Point", "coordinates": [10.405061, 43.522812]}, "properties": {"species": "gallinaccio", "label": "Gallinaccio", "scientificName": "Cantharellus cibarius", "year": 2019, "eventDate": "2019-06-15T13:25", "source": "gbif"}}, {"type": "Feature", "geometry": {"type": "Point", "coordinates": [11.240361, 46.146513]}, "properties": {"species": "gallinaccio", "label": "Gallinaccio", "scientificName": "Cantharellus cibarius", "year": 2019, "eventDate": "2019-06-29T18:09", "source": "gbif"}}, {"type": "Feature", "geometry": {"type": "Point", "coordinates": [10.309365, 45.913909]}, "properties": {"species": "gallinaccio", "label": "Gallinaccio", "scientificName": "Cantharellus cibarius", "year": 2019, "eventDate": "2019-07-13", "source": "gbif"}}, {"type": "Feature", "geometry": {"type": "Point", "coordinates": [11.025624, 46.497343]}, "properties": {"species": "gallinaccio", "label": "Gallinaccio", "scientificName": "Cantharellus cibarius", "year": 2019, "eventDate": "2019-07-26T13:51", "source": "gbif"}}, {"type": "Feature", "geometry": {"type": "Point", "coordinates": [10.719472, 45.897705]}, "properties": {"species": "gallinaccio", "label": "Gallinaccio", "scientificName": "Cantharellus cibarius", "year": 2019, "eventDate": "2019-07-31T16:33:25", "source": "gbif"}}, {"type": "Feature", "geometry": {"type": "Point", "coordinates": [11.511854, 46.62702]}, "properties": {"species": "gallinaccio", "label": "Gallinaccio", "scientificName": "Cantharellus cibarius", "year": 2019, "eventDate": "2019-07-22T10:29", "source": "gbif"}}, {"type": "Feature", "geometry": {"type": "Point", "coordinates": [11.099102, 46.457803]}, "properties": {"species": "gallinaccio", "label": "Gallinaccio", "scientificName": "Cantharellus cibarius", "year": 2019, "eventDate": "2019-08-03T16:47", "source": "gbif"}}, {"type": "Feature", "geometry": {"type": "Point", "coordinates": [11.083332, 46.467331]}, "properties": {"species": "gallinaccio", "label": "Gallinaccio", "scientificName": "Cantharellus cibarius", "year": 2019, "eventDate": "2019-08-05T12:40:32", "source": "gbif"}}, {"type": "Feature", "geometry": {"type": "Point", "coordinates": [10.384707, 46.244666]}, "properties": {"species": "gallinaccio", "label": "Gallinaccio", "scientificName": "Cantharellus cibarius", "year": 2019, "eventDate": "2019-08-19T16:01:41", "source": "gbif"}}, {"type": "Feature", "geometry": {"type": "Point", "coordinates": [11.57547, 46.558743]}, "properties": {"species": "gallinaccio", "label": "Gallinaccio", "scientificName": "Cantharellus cibarius", "year": 2019, "eventDate": "2019-08-13T00:00", "source": "gbif"}}, {"type": "Feature", "geometry": {"type": "Point", "coordinates": [11.557617, 46.580105]}, "properties": {"species": "gallinaccio", "label": "Gallinaccio", "scientificName": "Cantharellus cibarius", "year": 2019, "eventDate": "2019-08-15T00:00", "source": "gbif"}}, {"type": "Feature", "geometry": {"type": "Point", "coordinates": [11.540623, 46.554375]}, "properties": {"species": "gallinaccio", "label": "Gallinaccio", "scientificName": "Cantharellus cibarius", "year": 2019, "eventDate": "2019-08-21T00:00", "source": "gbif"}}, {"type": "Feature", "geometry": {"type": "Point", "coordinates": [11.649971, 46.519421]}, "properties": {"species": "gallinaccio", "label": "Gallinaccio", "scientificName": "Cantharellus cibarius", "year": 2019, "eventDate": "2019-08-29T00:00", "source": "gbif"}}, {"type": "Feature", "geometry": {"type": "Point", "coordinates": [11.540623, 46.554375]}, "properties": {"species": "gallinaccio", "label": "Gallinaccio", "scientificName": "Cantharellus cibarius", "year": 2019, "eventDate": "2019-08-26T00:00", "source": "gbif"}}, {"type": "Feature", "geometry": {"type": "Point", "coordinates": [11.404558, 46.705051]}, "properties": {"species": "gallinaccio", "label": "Gallinaccio", "scientificName": "Cantharellus cibarius", "year": 2019, "eventDate": "2019-09-13T13:17:57", "source": "gbif"}}, {"type": "Feature", "geometry": {"type": "Point", "coordinates": [7.229903, 44.895493]}, "properties": {"species": "gallinaccio", "label": "Gallinaccio", "scientificName": "Cantharellus cibarius", "year": 2019, "eventDate": "2019-09-16T18:28:05", "source": "gbif"}}, {"type": "Feature", "geometry": {"type": "Point", "coordinates": [12.097095, 46.308492]}, "properties": {"species": "gallinaccio", "label": "Gallinaccio", "scientificName": "Cantharellus cibarius", "year": 2019, "eventDate": "2019-09-07T00:41:10", "source": "gbif"}}, {"type": "Feature", "geometry": {"type": "Point", "coordinates": [9.957066, 46.139218]}, "properties": {"species": "gallinaccio", "label": "Gallinaccio", "scientificName": "Cantharellus cibarius", "year": 2019, "eventDate": "2019-09-13T13:55", "source": "gbif"}}, {"type": "Feature", "geometry": {"type": "Point", "coordinates": [11.905457, 46.354745]}, "properties": {"species": "gallinaccio", "label": "Gallinaccio", "scientificName": "Cantharellus cibarius", "year": 2019, "eventDate": "2019-09-13T17:11:34", "source": "gbif"}}, {"type": "Feature", "geometry": {"type": "Point", "coordinates": [11.552489, 46.534451]}, "properties": {"species": "gallinaccio", "label": "Gallinaccio", "scientificName": "Cantharellus cibarius", "year": 2019, "eventDate": "2019-09-26T00:00", "source": "gbif"}}, {"type": "Feature", "geometry": {"type": "Point", "coordinates": [9.525419, 44.39603]}, "properties": {"species": "gallinaccio", "label": "Gallinaccio", "scientificName": "Cantharellus cibarius", "year": 2019, "eventDate": "2019-10-09T00:00", "source": "gbif"}}, {"type": "Feature", "geometry": {"type": "Point", "coordinates": [9.585222, 44.32753]}, "properties": {"species": "gallinaccio", "label": "Gallinaccio", "scientificName": "Cantharellus cibarius", "year": 2019, "eventDate": "2019-10-11T00:00", "source": "gbif"}}, {"type": "Feature", "geometry": {"type": "Point", "coordinates": [8.944203, 45.754056]}, "properties": {"species": "gallinaccio", "label": "Gallinaccio", "scientificName": "Cantharellus cibarius", "year": 2019, "eventDate": "2019-11-10T10:50:29", "source": "gbif"}}, {"type": "Feature", "geometry": {"type": "Point", "coordinates": [8.954086, 45.779075]}, "properties": {"species": "gallinaccio", "label": "Gallinaccio", "scientificName": "Cantharellus cibarius", "year": 2019, "eventDate": "2019-11-28T15:52", "source": "gbif"}}, {"type": "Feature", "geometry": {"type": "Point", "coordinates": [11.248719, 43.762398]}, "properties": {"species": "gallinaccio", "label": "Gallinaccio", "scientificName": "Cantharellus cibarius", "year": 2019, "eventDate": "2019-11-27T10:46:26", "source": "gbif"}}, {"type": "Feature", "geometry": {"type": "Point", "coordinates": [11.164775, 43.711557]}, "properties": {"species": "gallinaccio", "label": "Gallinaccio", "scientificName": "Cantharellus cibarius", "year": 2019, "eventDate": "2019-12-04T10:37:56", "source": "gbif"}}, {"type": "Feature", "geometry": {"type": "Point", "coordinates": [11.166212, 43.711386]}, "properties": {"species": "gallinaccio", "label": "Gallinaccio", "scientificName": "Cantharellus cibarius", "year": 2019, "eventDate": "2019-12-27T13:20:19", "source": "gbif"}}, {"type": "Feature", "geometry": {"type": "Point", "coordinates": [11.557617, 46.580105]}, "properties": {"species": "gallinaccio", "label": "Gallinaccio", "scientificName": "Cantharellus cibarius", "year": 2018, "eventDate": "2018-06-19T00:00", "source": "gbif"}}, {"type": "Feature", "geometry": {"type": "Point", "coordinates": [11.552489, 46.534451]}, "properties": {"species": "gallinaccio", "label": "Gallinaccio", "scientificName": "Cantharellus cibarius", "year": 2018, "eventDate": "2018-06-14T00:00", "source": "gbif"}}, {"type": "Feature", "geometry": {"type": "Point", "coordinates": [12.487566, 46.381063]}, "properties": {"species": "gallinaccio", "label": "Gallinaccio", "scientificName": "Cantharellus cibarius", "year": 2018, "eventDate": "2018-07-30", "source": "gbif"}}, {"type": "Feature", "geometry": {"type": "Point", "coordinates": [11.236287, 46.659053]}, "properties": {"species": "gallinaccio", "label": "Gallinaccio", "scientificName": "Cantharellus cibarius", "year": 2018, "eventDate": "2018-08-14T18:08:04", "source": "gbif"}}, {"type": "Feature", "geometry": {"type": "Point", "coordinates": [9.178321, 44.634791]}, "properties": {"species": "gallinaccio", "label": "Gallinaccio", "scientificName": "Cantharellus cibarius", "year": 2018, "eventDate": "2018-09-15T13:08:09", "source": "gbif"}}, {"type": "Feature", "geometry": {"type": "Point", "coordinates": [11.526461, 46.52586]}, "properties": {"species": "gallinaccio", "label": "Gallinaccio", "scientificName": "Cantharellus cibarius", "year": 2018, "eventDate": "2018-09-18T00:00", "source": "gbif"}}, {"type": "Feature", "geometry": {"type": "Point", "coordinates": [17.228742, 40.848469]}, "properties": {"species": "gallinaccio", "label": "Gallinaccio", "scientificName": "Cantharellus cibarius", "year": 2018, "eventDate": "2018-10-31T07:12:59", "source": "gbif"}}, {"type": "Feature", "geometry": {"type": "Point", "coordinates": [11.36595, 46.135488]}, "properties": {"species": "gallinaccio", "label": "Gallinaccio", "scientificName": "Cantharellus cibarius", "year": 2017, "eventDate": "2017-07-09T16:10", "source": "gbif"}}, {"type": "Feature", "geometry": {"type": "Point", "coordinates": [10.475556, 46.243056]}, "properties": {"species": "gallinaccio", "label": "Gallinaccio", "scientificName": "Cantharellus cibarius", "year": 2017, "eventDate": "2017-08-16T15:36", "source": "gbif"}}, {"type": "Feature", "geometry": {"type": "Point", "coordinates": [11.93043, 46.700043]}, "properties": {"species": "gallinaccio", "label": "Gallinaccio", "scientificName": "Cantharellus cibarius", "year": 2017, "eventDate": "2017-08-23T10:16", "source": "gbif"}}, {"type": "Feature", "geometry": {"type": "Point", "coordinates": [9.525419, 44.39603]}, "properties": {"species": "gallinaccio", "label": "Gallinaccio", "scientificName": "Cantharellus cibarius", "year": 2017, "eventDate": "2017-10-17T00:00", "source": "gbif"}}, {"type": "Feature", "geometry": {"type": "Point", "coordinates": [11.868711, 46.215179]}, "properties": {"species": "gallinaccio", "label": "Gallinaccio", "scientificName": "Cantharellus cibarius", "year": 2016, "eventDate": "2016-08-19T18:01:53", "source": "gbif"}}, {"type": "Feature", "geometry": {"type": "Point", "coordinates": [11.233208, 46.6581]}, "properties": {"species": "gallinaccio", "label": "Gallinaccio", "scientificName": "Cantharellus cibarius", "year": 2016, "eventDate": "2016-09-04T10:32:02", "source": "gbif"}}, {"type": "Feature", "geometry": {"type": "Point", "coordinates": [11.34157, 46.220768]}, "properties": {"species": "gallinaccio", "label": "Gallinaccio", "scientificName": "Cantharellus cibarius", "year": 2016, "eventDate": "2016-09-20T11:45", "source": "gbif"}}, {"type": "Feature", "geometry": {"type": "Point", "coordinates": [9.607179, 44.365402]}, "properties": {"species": "gallinaccio", "label": "Gallinaccio", "scientificName": "Cantharellus cibarius", "year": 2016, "eventDate": "2016-11-17T00:00", "source": "gbif"}}, {"type": "Feature", "geometry": {"type": "Point", "coordinates": [8.881978, 44.557096]}, "properties": {"species": "gallinaccio", "label": "Gallinaccio", "scientificName": "Cantharellus cibarius", "year": 2015, "eventDate": "2015-10-03", "source": "gbif"}}, {"type": "Feature", "geometry": {"type": "Point", "coordinates": [14.930291, 38.164694]}, "properties": {"species": "gallinaccio", "label": "Gallinaccio", "scientificName": "Cantharellus cibarius", "year": 2015, "eventDate": "2015-11-13T11:35", "source": "gbif"}}, {"type": "Feature", "geometry": {"type": "Point", "coordinates": [10.203556, 44.125261]}, "properties": {"species": "gallinaccio", "label": "Gallinaccio", "scientificName": "Cantharellus cibarius", "year": 2014, "eventDate": "2014-08-02T09:12:04", "source": "gbif"}}, {"type": "Feature", "geometry": {"type": "Point", "coordinates": [7.866162, 43.975799]}, "properties": {"species": "gallinaccio", "label": "Gallinaccio", "scientificName": "Cantharellus cibarius", "year": 2013, "eventDate": "2013-07-29T13:54", "source": "gbif"}}, {"type": "Feature", "geometry": {"type": "Point", "coordinates": [11.587658, 46.398212]}, "properties": {"species": "gallinaccio", "label": "Gallinaccio", "scientificName": "Cantharellus cibarius", "year": 2013, "eventDate": "2013-09-17T00:00", "source": "gbif"}}, {"type": "Feature", "geometry": {"type": "Point", "coordinates": [11.557617, 46.580105]}, "properties": {"species": "gallinaccio", "label": "Gallinaccio", "scientificName": "Cantharellus cibarius", "year": 2012, "eventDate": "2012-09-13T00:00", "source": "gbif"}}, {"type": "Feature", "geometry": {"type": "Point", "coordinates": [11.522083, 46.536781]}, "properties": {"species": "gallinaccio", "label": "Gallinaccio", "scientificName": "Cantharellus cibarius", "year": 2011, "eventDate": "2011-09-12T00:00", "source": "gbif"}}, {"type": "Feature", "geometry": {"type": "Point", "coordinates": [9.73314, 44.108261]}, "properties": {"species": "gallinaccio", "label": "Gallinaccio", "scientificName": "Cantharellus cibarius", "year": 2010, "eventDate": "2010-10-26T03:00", "source": "gbif"}}, {"type": "Feature", "geometry": {"type": "Point", "coordinates": [14.265746, 41.881288]}, "properties": {"species": "gallinaccio", "label": "Gallinaccio", "scientificName": "Cantharellus cibarius", "year": 2009, "eventDate": "2009-07-02T13:51", "source": "gbif"}}, {"type": "Feature", "geometry": {"type": "Point", "coordinates": [10.408037, 43.522244]}, "properties": {"species": "gallinaccio", "label": "Gallinaccio", "scientificName": "Cantharellus cibarius", "year": 2009, "eventDate": "2009-11-06T14:55", "source": "gbif"}}, {"type": "Feature", "geometry": {"type": "Point", "coordinates": [11.339564, 46.219286]}, "properties": {"species": "gallinaccio", "label": "Gallinaccio", "scientificName": "Cantharellus cibarius", "year": 2007, "eventDate": "2007-08-11T16:18", "source": "gbif"}}, {"type": "Feature", "geometry": {"type": "Point", "coordinates": [12.465073, 46.474088]}, "properties": {"species": "gallinaccio", "label": "Gallinaccio", "scientificName": "Cantharellus cibarius", "year": 2007, "eventDate": "2007-08-20T14:21", "source": "gbif"}}, {"type": "Feature", "geometry": {"type": "Point", "coordinates": [7.1328874, 44.9636871]}, "properties": {"species": "gallinaccio", "label": "Gallinaccio", "scientificName": "Cantharellus cibarius", "year": 2026, "eventDate": "2026-09-02", "source": "inaturalist"}}, {"type": "Feature", "geometry": {"type": "Point", "coordinates": [11.9023044, 46.7026423]}, "properties": {"species": "gallinaccio", "label": "Gallinaccio", "scientificName": "Cantharellus cibarius", "year": 2026, "eventDate": "2026-08-30", "source": "inaturalist"}}, {"type": "Feature", "geometry": {"type": "Point", "coordinates": [10.1630559191, 46.4186109834]}, "properties": {"species": "gallinaccio", "label": "Gallinaccio", "scientificName": "Cantharellus cibarius", "year": 2026, "eventDate": "2026-08-29", "source": "inaturalist"}}, {"type": "Feature", "geometry": {"type": "Point", "coordinates": [11.7689284, 46.6338413]}, "properties": {"species": "gallinaccio", "label": "Gallinaccio", "scientificName": "Cantharellus cibarius", "year": 2026, "eventDate": "2026-08-28", "source": "inaturalist"}}, {"type": "Feature", "geometry": {"type": "Point", "coordinates": [7.1329305997, 44.9637363]}, "properties": {"species": "gallinaccio", "label": "Gallinaccio", "scientificName": "Cantharellus cibarius", "year": 2026, "eventDate": "2026-08-27", "source": "inaturalist"}}, {"type": "Feature", "geometry": {"type": "Point", "coordinates": [11.6550866667, 46.30945]}, "properties": {"species": "gallinaccio", "label": "Gallinaccio", "scientificName": "Cantharellus cibarius", "year": 2026, "eventDate": "2026-08-23", "source": "inaturalist"}}, {"type": "Feature", "geometry": {"type": "Point", "coordinates": [11.0457933333, 46.5066483167]}, "properties": {"species": "gallinaccio", "label": "Gallinaccio", "scientificName": "Cantharellus cibarius", "year": 2026, "eventDate": "2026-08-23", "source": "inaturalist"}}, {"type": "Feature", "geometry": {"type": "Point", "coordinates": [11.6550966667, 46.3094366667]}, "properties": {"species": "gallinaccio", "label": "Gallinaccio", "scientificName": "Cantharellus cibarius", "year": 2026, "eventDate": "2026-08-22", "source": "inaturalist"}}, {"type": "Feature", "geometry": {"type": "Point", "coordinates": [7.0592144, 44.9322147]}, "properties": {"species": "gallinaccio", "label": "Gallinaccio", "scientificName": "Cantharellus cibarius", "year": 2026, "eventDate": "2026-08-21", "source": "inaturalist"}}, {"type": "Feature", "geometry": {"type": "Point", "coordinates": [7.0558254048, 44.9353687349]}, "properties": {"species": "gallinaccio", "label": "Gallinaccio", "scientificName": "Cantharellus cibarius", "year": 2026, "eventDate": "2026-08-17", "source": "inaturalist"}}, {"type": "Feature", "geometry": {"type": "Point", "coordinates": [11.9335475564, 46.1915322504]}, "properties": {"species": "gallinaccio", "label": "Gallinaccio", "scientificName": "Cantharellus cibarius", "year": 2026, "eventDate": "2026-08-14", "source": "inaturalist"}}, {"type": "Feature", "geometry": {"type": "Point", "coordinates": [13.1977326, 46.5810955997]}, "properties": {"species": "gallinaccio", "label": "Gallinaccio", "scientificName": "Cantharellus cibarius", "year": 2026, "eventDate": "2026-08-13", "source": "inaturalist"}}, {"type": "Feature", "geometry": {"type": "Point", "coordinates": [12.1885064, 46.8887739]}, "properties": {"species": "gallinaccio", "label": "Gallinaccio", "scientificName": "Cantharellus cibarius", "year": 2026, "eventDate": "2026-08-08", "source": "inaturalist"}}, {"type": "Feature", "geometry": {"type": "Point", "coordinates": [7.0521638542, 45.723717541]}, "properties": {"species": "gallinaccio", "label": "Gallinaccio", "scientificName": "Cantharellus cibarius", "year": 2026, "eventDate": "2026-07-31", "source": "inaturalist"}}, {"type": "Feature", "geometry": {"type": "Point", "coordinates": [11.1797666667, 46.4571133333]}, "properties": {"species": "gallinaccio", "label": "Gallinaccio", "scientificName": "Cantharellus cibarius", "year": 2026, "eventDate": "2026-07-29", "source": "inaturalist"}}, {"type": "Feature", "geometry": {"type": "Point", "coordinates": [11.0167233649, 46.4639418949]}, "properties": {"species": "gallinaccio", "label": "Gallinaccio", "scientificName": "Cantharellus cibarius", "year": 2026, "eventDate": "2026-07-27", "source": "inaturalist"}}, {"type": "Feature", "geometry": {"type": "Point", "coordinates": [11.0182905928, 46.4595358131]}, "properties": {"species": "gallinaccio", "label": "Gallinaccio", "scientificName": "Cantharellus cibarius", "year": 2026, "eventDate": "2026-07-25", "source": "inaturalist"}}, {"type": "Feature", "geometry": {"type": "Point", "coordinates": [11.017425887, 46.4602787316]}, "properties": {"species": "gallinaccio", "label": "Gallinaccio", "scientificName": "Cantharellus cibarius", "year": 2026, "eventDate": "2026-07-25", "source": "inaturalist"}}, {"type": "Feature", "geometry": {"type": "Point", "coordinates": [11.0171925382, 46.4606099425]}, "properties": {"species": "gallinaccio", "label": "Gallinaccio", "scientificName": "Cantharellus cibarius", "year": 2026, "eventDate": "2026-07-25", "source": "inaturalist"}}, {"type": "Feature", "geometry": {"type": "Point", "coordinates": [11.0163574827, 46.4600895383]}, "properties": {"species": "gallinaccio", "label": "Gallinaccio", "scientificName": "Cantharellus cibarius", "year": 2026, "eventDate": "2026-07-25", "source": "inaturalist"}}, {"type": "Feature", "geometry": {"type": "Point", "coordinates": [10.82225665, 46.2671683167]}, "properties": {"species": "gallinaccio", "label": "Gallinaccio", "scientificName": "Cantharellus cibarius", "year": 2026, "eventDate": "2026-07-22", "source": "inaturalist"}}, {"type": "Feature", "geometry": {"type": "Point", "coordinates": [11.5512123383, 46.6683253022]}, "properties": {"species": "gallinaccio", "label": "Gallinaccio", "scientificName": "Cantharellus cibarius", "year": 2026, "eventDate": "2026-07-16", "source": "inaturalist"}}, {"type": "Feature", "geometry": {"type": "Point", "coordinates": [10.6968893997, 46.0386655]}, "properties": {"species": "gallinaccio", "label": "Gallinaccio", "scientificName": "Cantharellus cibarius", "year": 2026, "eventDate": "2026-07-04", "source": "inaturalist"}}, {"type": "Feature", "geometry": {"type": "Point", "coordinates": [11.659005, 46.3090533333]}, "properties": {"species": "gallinaccio", "label": "Gallinaccio", "scientificName": "Cantharellus cibarius", "year": 2026, "eventDate": "2026-07-04", "source": "inaturalist"}}, {"type": "Feature", "geometry": {"type": "Point", "coordinates": [11.655595, 46.3091916667]}, "properties": {"species": "gallinaccio", "label": "Gallinaccio", "scientificName": "Cantharellus cibarius", "year": 2026, "eventDate": "2026-07-04", "source": "inaturalist"}}, {"type": "Feature", "geometry": {"type": "Point", "coordinates": [11.805275, 46.2548555556]}, "properties": {"species": "gallinaccio", "label": "Gallinaccio", "scientificName": "Cantharellus cibarius", "year": 2026, "eventDate": "2026-07-03", "source": "inaturalist"}}, {"type": "Feature", "geometry": {"type": "Point", "coordinates": [11.3718416667, 46.1273888333]}, "properties": {"species": "gallinaccio", "label": "Gallinaccio", "scientificName": "Cantharellus cibarius", "year": 2026, "eventDate": "2026-07-02", "source": "inaturalist"}}, {"type": "Feature", "geometry": {"type": "Point", "coordinates": [11.6552216667, 46.3099666667]}, "properties": {"species": "gallinaccio", "label": "Gallinaccio", "scientificName": "Cantharellus cibarius", "year": 2026, "eventDate": "2026-06-30", "source": "inaturalist"}}, {"type": "Feature", "geometry": {"type": "Point", "coordinates": [7.2788279997, 44.8437965997]}, "properties": {"species": "gallinaccio", "label": "Gallinaccio", "scientificName": "Cantharellus cibarius", "year": 2026, "eventDate": "2026-05-10", "source": "inaturalist"}}, {"type": "Feature", "geometry": {"type": "Point", "coordinates": [12.266416, 42.090081]}, "properties": {"species": "gallinaccio", "label": "Gallinaccio", "scientificName": "Cantharellus cibarius", "year": 2026, "eventDate": "2026-04-24", "source": "inaturalist"}}, {"type": "Feature", "geometry": {"type": "Point", "coordinates": [13.036046352, 41.865864062]}, "properties": {"species": "gallinaccio", "label": "Gallinaccio", "scientificName": "Cantharellus cibarius", "year": 2026, "eventDate": "2026-04-24", "source": "inaturalist"}}, {"type": "Feature", "geometry": {"type": "Point", "coordinates": [14.5407660714, 42.2326209705]}, "properties": {"species": "gallinaccio", "label": "Gallinaccio", "scientificName": "Cantharellus cibarius", "year": 2025, "eventDate": "2025-12-08", "source": "inaturalist"}}, {"type": "Feature", "geometry": {"type": "Point", "coordinates": [12.5682074997, 46.5836678]}, "properties": {"species": "gallinaccio", "label": "Gallinaccio", "scientificName": "Cantharellus cibarius", "year": 2025, "eventDate": "2025-12-08", "source": "inaturalist"}}, {"type": "Feature", "geometry": {"type": "Point", "coordinates": [12.5112846494, 41.65791275]}, "properties": {"species": "gallinaccio", "label": "Gallinaccio", "scientificName": "Cantharellus cibarius", "year": 2025, "eventDate": "2025-12-06", "source": "inaturalist"}}, {"type": "Feature", "geometry": {"type": "Point", "coordinates": [9.5544916667, 40.7218638889]}, "properties": {"species": "gallinaccio", "label": "Gallinaccio", "scientificName": "Cantharellus cibarius", "year": 2025, "eventDate": "2025-11-30", "source": "inaturalist"}}, {"type": "Feature", "geometry": {"type": "Point", "coordinates": [12.1330690187, 42.9311179165]}, "properties": {"species": "gallinaccio", "label": "Gallinaccio", "scientificName": "Cantharellus cibarius", "year": 2025, "eventDate": "2025-11-01", "source": "inaturalist"}}, {"type": "Feature", "geometry": {"type": "Point", "coordinates": [8.7877686881, 45.8788658613]}, "properties": {"species": "gallinaccio", "label": "Gallinaccio", "scientificName": "Cantharellus cibarius", "year": 2025, "eventDate": "2025-10-25", "source": "inaturalist"}}, {"type": "Feature", "geometry": {"type": "Point", "coordinates": [14.9912066667, 37.82465]}, "properties": {"species": "gallinaccio", "label": "Gallinaccio", "scientificName": "Cantharellus cibarius", "year": 2025, "eventDate": "2025-10-23", "source": "inaturalist"}}, {"type": "Feature", "geometry": {"type": "Point", "coordinates": [11.26092046, 43.77863845]}, "properties": {"species": "gallinaccio", "label": "Gallinaccio", "scientificName": "Cantharellus cibarius", "year": 2025, "eventDate": "2025-10-23", "source": "inaturalist"}}, {"type": "Feature", "geometry": {"type": "Point", "coordinates": [18.2087039575, 40.4614570085]}, "properties": {"species": "gallinaccio", "label": "Gallinaccio", "scientificName": "Cantharellus cibarius", "year": 2025, "eventDate": "2025-10-19", "source": "inaturalist"}}, {"type": "Feature", "geometry": {"type": "Point", "coordinates": [15.0375983119, 37.676366657]}, "properties": {"species": "gallinaccio", "label": "Gallinaccio", "scientificName": "Cantharellus cibarius", "year": 2025, "eventDate": "2025-10-18", "source": "inaturalist"}}, {"type": "Feature", "geometry": {"type": "Point", "coordinates": [16.3585599893, 38.557108853]}, "properties": {"species": "gallinaccio", "label": "Gallinaccio", "scientificName": "Cantharellus cibarius", "year": 2025, "eventDate": "2025-10-18", "source": "inaturalist"}}, {"type": "Feature", "geometry": {"type": "Point", "coordinates": [10.3110833333, 44.8043833333]}, "properties": {"species": "gallinaccio", "label": "Gallinaccio", "scientificName": "Cantharellus cibarius", "year": 2025, "eventDate": "2025-10-13", "source": "inaturalist"}}, {"type": "Feature", "geometry": {"type": "Point", "coordinates": [11.5212578326, 45.4166126589]}, "properties": {"species": "gallinaccio", "label": "Gallinaccio", "scientificName": "Cantharellus cibarius", "year": 2025, "eventDate": "2025-10-05", "source": "inaturalist"}}, {"type": "Feature", "geometry": {"type": "Point", "coordinates": [8.0550823733, 45.5624494148]}, "properties": {"species": "gallinaccio", "label": "Gallinaccio", "scientificName": "Cantharellus cibarius", "year": 2025, "eventDate": "2025-10-04", "source": "inaturalist"}}, {"type": "Feature", "geometry": {"type": "Point", "coordinates": [9.5341811537, 46.066554829]}, "properties": {"species": "gallinaccio", "label": "Gallinaccio", "scientificName": "Cantharellus cibarius", "year": 2025, "eventDate": "2025-10-02", "source": "inaturalist"}}, {"type": "Feature", "geometry": {"type": "Point", "coordinates": [11.3790333333, 42.4758916667]}, "properties": {"species": "gallinaccio", "label": "Gallinaccio", "scientificName": "Cantharellus cibarius", "year": 2025, "eventDate": "2025-10-01", "source": "inaturalist"}}, {"type": "Feature", "geometry": {"type": "Point", "coordinates": [12.15649447, 42.17996562]}, "properties": {"species": "gallinaccio", "label": "Gallinaccio", "scientificName": "Cantharellus cibarius", "year": 2025, "eventDate": "2025-09-28", "source": "inaturalist"}}, {"type": "Feature", "geometry": {"type": "Point", "coordinates": [12.15629628, 42.17929412]}, "properties": {"species": "gallinaccio", "label": "Gallinaccio", "scientificName": "Cantharellus cibarius", "year": 2025, "eventDate": "2025-09-28", "source": "inaturalist"}}, {"type": "Feature", "geometry": {"type": "Point", "coordinates": [11.6653639329, 46.802860768]}, "properties": {"species": "gallinaccio", "label": "Gallinaccio", "scientificName": "Cantharellus cibarius", "year": 2025, "eventDate": "2025-09-28", "source": "inaturalist"}}, {"type": "Feature", "geometry": {"type": "Point", "coordinates": [12.7980216667, 42.5244216667]}, "properties": {"species": "gallinaccio", "label": "Gallinaccio", "scientificName": "Cantharellus cibarius", "year": 2025, "eventDate": "2025-09-27", "source": "inaturalist"}}, {"type": "Feature", "geometry": {"type": "Point", "coordinates": [13.0659041349, 42.156967941]}, "properties": {"species": "gallinaccio", "label": "Gallinaccio", "scientificName": "Cantharellus cibarius", "year": 2025, "eventDate": "2025-09-27", "source": "inaturalist"}}, {"type": "Feature", "geometry": {"type": "Point", "coordinates": [10.4212911, 43.8224189]}, "properties": {"species": "gallinaccio", "label": "Gallinaccio", "scientificName": "Cantharellus cibarius", "year": 2025, "eventDate": "2025-09-26", "source": "inaturalist"}}, {"type": "Feature", "geometry": {"type": "Point", "coordinates": [9.1952166667, 44.7922055556]}, "properties": {"species": "gallinaccio", "label": "Gallinaccio", "scientificName": "Cantharellus cibarius", "year": 2025, "eventDate": "2025-09-24", "source": "inaturalist"}}, {"type": "Feature", "geometry": {"type": "Point", "coordinates": [8.7856494891, 45.8781377318]}, "properties": {"species": "gallinaccio", "label": "Gallinaccio", "scientificName": "Cantharellus cibarius", "year": 2025, "eventDate": "2025-09-20", "source": "inaturalist"}}, {"type": "Feature", "geometry": {"type": "Point", "coordinates": [8.0641555786, 45.6376647949]}, "properties": {"species": "gallinaccio", "label": "Gallinaccio", "scientificName": "Cantharellus cibarius", "year": 2025, "eventDate": "2025-09-20", "source": "inaturalist"}}, {"type": "Feature", "geometry": {"type": "Point", "coordinates": [11.3647966667, 45.9474966667]}, "properties": {"species": "gallinaccio", "label": "Gallinaccio", "scientificName": "Cantharellus cibarius", "year": 2025, "eventDate": "2025-09-20", "source": "inaturalist"}}, {"type": "Feature", "geometry": {"type": "Point", "coordinates": [10.8952877344, 45.8823299618]}, "properties": {"species": "gallinaccio", "label": "Gallinaccio", "scientificName": "Cantharellus cibarius", "year": 2025, "eventDate": "2025-09-15", "source": "inaturalist"}}, {"type": "Feature", "geometry": {"type": "Point", "coordinates": [8.4540929722, 45.6277618333]}, "properties": {"species": "gallinaccio", "label": "Gallinaccio", "scientificName": "Cantharellus cibarius", "year": 2025, "eventDate": "2025-09-13", "source": "inaturalist"}}, {"type": "Feature", "geometry": {"type": "Point", "coordinates": [8.7616208196, 45.8635399054]}, "properties": {"species": "gallinaccio", "label": "Gallinaccio", "scientificName": "Cantharellus cibarius", "year": 2025, "eventDate": "2025-09-09", "source": "inaturalist"}}, {"type": "Feature", "geometry": {"type": "Point", "coordinates": [8.8743633333, 44.4497333333]}, "properties": {"species": "gallinaccio", "label": "Gallinaccio", "scientificName": "Cantharellus cibarius", "year": 2025, "eventDate": "2025-09-06", "source": "inaturalist"}}, {"type": "Feature", "geometry": {"type": "Point", "coordinates": [9.19036007, 45.8817138]}, "properties": {"species": "gallinaccio", "label": "Gallinaccio", "scientificName": "Cantharellus cibarius", "year": 2025, "eventDate": "2025-09-03", "source": "inaturalist"}}, {"type": "Feature", "geometry": {"type": "Point", "coordinates": [9.4571966667, 44.4773666667]}, "properties": {"species": "gallinaccio", "label": "Gallinaccio", "scientificName": "Cantharellus cibarius", "year": 2025, "eventDate": "2025-09-03", "source": "inaturalist"}}, {"type": "Feature", "geometry": {"type": "Point", "coordinates": [9.4602716667, 44.4714783333]}, "properties": {"species": "gallinaccio", "label": "Gallinaccio", "scientificName": "Cantharellus cibarius", "year": 2025, "eventDate": "2025-09-02", "source": "inaturalist"}}, {"type": "Feature", "geometry": {"type": "Point", "coordinates": [10.8355094467, 45.9443952793]}, "properties": {"species": "gallinaccio", "label": "Gallinaccio", "scientificName": "Cantharellus cibarius", "year": 2025, "eventDate": "2025-08-31", "source": "inaturalist"}}, {"type": "Feature", "geometry": {"type": "Point", "coordinates": [11.8627945706, 46.2035351169]}, "properties": {"species": "gallinaccio", "label": "Gallinaccio", "scientificName": "Cantharellus cibarius", "year": 2025, "eventDate": "2025-08-28", "source": "inaturalist"}}, {"type": "Feature", "geometry": {"type": "Point", "coordinates": [10.1629640997, 46.1636932997]}, "properties": {"species": "gallinaccio", "label": "Gallinaccio", "scientificName": "Cantharellus cibarius", "year": 2025, "eventDate": "2025-08-25", "source": "inaturalist"}}, {"type": "Feature", "geometry": {"type": "Point", "coordinates": [9.9020233333, 46.2725783333]}, "properties": {"species": "gallinaccio", "label": "Gallinaccio", "scientificName": "Cantharellus cibarius", "year": 2025, "eventDate": "2025-08-24", "source": "inaturalist"}}, {"type": "Feature", "geometry": {"type": "Point", "coordinates": [11.4259918034, 46.5301224789]}, "properties": {"species": "gallinaccio", "label": "Gallinaccio", "scientificName": "Cantharellus cibarius", "year": 2025, "eventDate": "2025-08-20", "source": "inaturalist"}}, {"type": "Feature", "geometry": {"type": "Point", "coordinates": [8.8230562997, 45.9115858997]}, "properties": {"species": "gallinaccio", "label": "Gallinaccio", "scientificName": "Cantharellus cibarius", "year": 2025, "eventDate": "2025-08-10", "source": "inaturalist"}}, {"type": "Feature", "geometry": {"type": "Point", "coordinates": [11.52832416, 46.16505812]}, "properties": {"species": "gallinaccio", "label": "Gallinaccio", "scientificName": "Cantharellus cibarius", "year": 2025, "eventDate": "2025-08-05", "source": "inaturalist"}}, {"type": "Feature", "geometry": {"type": "Point", "coordinates": [7.8882580251, 45.1419976867]}, "properties": {"species": "gallinaccio", "label": "Gallinaccio", "scientificName": "Cantharellus cibarius", "year": 2025, "eventDate": "2025-08-05", "source": "inaturalist"}}, {"type": "Feature", "geometry": {"type": "Point", "coordinates": [12.4217966667, 46.0874945]}, "properties": {"species": "gallinaccio", "label": "Gallinaccio", "scientificName": "Cantharellus cibarius", "year": 2025, "eventDate": "2025-08-03", "source": "inaturalist"}}, {"type": "Feature", "geometry": {"type": "Point", "coordinates": [10.8873806805, 44.6436560435]}, "properties": {"species": "gallinaccio", "label": "Gallinaccio", "scientificName": "Cantharellus cibarius", "year": 2025, "eventDate": "2025-07-27", "source": "inaturalist"}}, {"type": "Feature", "geometry": {"type": "Point", "coordinates": [9.4964590073, 46.3268280029]}, "properties": {"species": "gallinaccio", "label": "Gallinaccio", "scientificName": "Cantharellus cibarius", "year": 2025, "eventDate": "2025-07-26", "source": "inaturalist"}}, {"type": "Feature", "geometry": {"type": "Point", "coordinates": [9.3678794338, 46.4086208544]}, "properties": {"species": "gallinaccio", "label": "Gallinaccio", "scientificName": "Cantharellus cibarius", "year": 2025, "eventDate": "2025-07-25", "source": "inaturalist"}}, {"type": "Feature", "geometry": {"type": "Point", "coordinates": [9.3654555556, 46.410175]}, "properties": {"species": "gallinaccio", "label": "Gallinaccio", "scientificName": "Cantharellus cibarius", "year": 2025, "eventDate": "2025-07-25", "source": "inaturalist"}}, {"type": "Feature", "geometry": {"type": "Point", "coordinates": [13.4253783333, 42.6725883333]}, "properties": {"species": "gallinaccio", "label": "Gallinaccio", "scientificName": "Cantharellus cibarius", "year": 2025, "eventDate": "2025-07-20", "source": "inaturalist"}}, {"type": "Feature", "geometry": {"type": "Point", "coordinates": [10.509598732, 46.8426933289]}, "properties": {"species": "gallinaccio", "label": "Gallinaccio", "scientificName": "Cantharellus cibarius", "year": 2025, "eventDate": "2025-07-20", "source": "inaturalist"}}, {"type": "Feature", "geometry": {"type": "Point", "coordinates": [9.9527416667, 46.1312388889]}, "properties": {"species": "gallinaccio", "label": "Gallinaccio", "scientificName": "Cantharellus cibarius", "year": 2025, "eventDate": "2025-07-19", "source": "inaturalist"}}, {"type": "Feature", "geometry": {"type": "Point", "coordinates": [9.6394737734, 46.0113238603]}, "properties": {"species": "gallinaccio", "label": "Gallinaccio", "scientificName": "Cantharellus cibarius", "year": 2025, "eventDate": "2025-07-14", "source": "inaturalist"}}, {"type": "Feature", "geometry": {"type": "Point", "coordinates": [9.9789782018, 46.1328509955]}, "properties": {"species": "gallinaccio", "label": "Gallinaccio", "scientificName": "Cantharellus cibarius", "year": 2025, "eventDate": "2025-07-12", "source": "inaturalist"}}, {"type": "Feature", "geometry": {"type": "Point", "coordinates": [9.2023083333, 46.08365]}, "properties": {"species": "gallinaccio", "label": "Gallinaccio", "scientificName": "Cantharellus cibarius", "year": 2025, "eventDate": "2025-07-05", "source": "inaturalist"}}, {"type": "Feature", "geometry": {"type": "Point", "coordinates": [13.3629709722, 43.6357009722]}, "properties": {"species": "gallinaccio", "label": "Gallinaccio", "scientificName": "Cantharellus cibarius", "year": 2025, "eventDate": "2025-06-28", "source": "inaturalist"}}, {"type": "Feature", "geometry": {"type": "Point", "coordinates": [11.0130497693, 46.4471494052]}, "properties": {"species": "gallinaccio", "label": "Gallinaccio", "scientificName": "Cantharellus cibarius", "year": 2025, "eventDate": "2025-06-20", "source": "inaturalist"}}, {"type": "Feature", "geometry": {"type": "Point", "coordinates": [7.2619514, 44.8822292997]}, "properties": {"species": "gallinaccio", "label": "Gallinaccio", "scientificName": "Cantharellus cibarius", "year": 2025, "eventDate": "2025-06-05", "source": "inaturalist"}}, {"type": "Feature", "geometry": {"type": "Point", "coordinates": [12.8962138889, 42.9035388889]}, "properties": {"species": "gallinaccio", "label": "Gallinaccio", "scientificName": "Cantharellus cibarius", "year": 2025, "eventDate": "2025-05-31", "source": "inaturalist"}}, {"type": "Feature", "geometry": {"type": "Point", "coordinates": [7.3000231013, 44.9522081458]}, "properties": {"species": "gallinaccio", "label": "Gallinaccio", "scientificName": "Cantharellus cibarius", "year": 2025, "eventDate": "2025-05-27", "source": "inaturalist"}}, {"type": "Feature", "geometry": {"type": "Point", "coordinates": [8.39965725, 45.6687202222]}, "properties": {"species": "gallinaccio", "label": "Gallinaccio", "scientificName": "Cantharellus cibarius", "year": 2025, "eventDate": "2025-05-24", "source": "inaturalist"}}, {"type": "Feature", "geometry": {"type": "Point", "coordinates": [7.2610735, 44.8818243997]}, "properties": {"species": "gallinaccio", "label": "Gallinaccio", "scientificName": "Cantharellus cibarius", "year": 2025, "eventDate": "2025-05-23", "source": "inaturalist"}}, {"type": "Feature", "geometry": {"type": "Point", "coordinates": [11.3295366667, 43.1264721667]}, "properties": {"species": "gallinaccio", "label": "Gallinaccio", "scientificName": "Cantharellus cibarius", "year": 2025, "eventDate": "2025-05-20", "source": "inaturalist"}}, {"type": "Feature", "geometry": {"type": "Point", "coordinates": [14.5312080278, 41.91127775]}, "properties": {"species": "gallinaccio", "label": "Gallinaccio", "scientificName": "Cantharellus cibarius", "year": 2025, "eventDate": "2025-05-19", "source": "inaturalist"}}, {"type": "Feature", "geometry": {"type": "Point", "coordinates": [11.5086116667, 42.746975]}, "properties": {"species": "gallinaccio", "label": "Gallinaccio", "scientificName": "Cantharellus cibarius", "year": 2025, "eventDate": "2025-05-18", "source": "inaturalist"}}, {"type": "Feature", "geometry": {"type": "Point", "coordinates": [12.0975389, 42.1132424]}, "properties": {"species": "gallinaccio", "label": "Gallinaccio", "scientificName": "Cantharellus cibarius", "year": 2025, "eventDate": "2025-05-17", "source": "inaturalist"}}, {"type": "Feature", "geometry": {"type": "Point", "coordinates": [11.5039833333, 42.74723]}, "properties": {"species": "gallinaccio", "label": "Gallinaccio", "scientificName": "Cantharellus cibarius", "year": 2025, "eventDate": "2025-05-04", "source": "inaturalist"}}, {"type": "Feature", "geometry": {"type": "Point", "coordinates": [15.3460546955, 41.2489277302]}, "properties": {"species": "gallinaccio", "label": "Gallinaccio", "scientificName": "Cantharellus cibarius", "year": 2025, "eventDate": "2025-01-31", "source": "inaturalist"}}, {"type": "Feature", "geometry": {"type": "Point", "coordinates": [14.450666, 40.678232]}, "properties": {"species": "gallinaccio", "label": "Gallinaccio", "scientificName": "Cantharellus cibarius", "year": 2025, "eventDate": "2025-01-04", "source": "inaturalist"}}, {"type": "Feature", "geometry": {"type": "Point", "coordinates": [8.8117989918, 45.8918213935]}, "properties": {"species": "gallinaccio", "label": "Gallinaccio", "scientificName": "Cantharellus cibarius", "year": 2024, "eventDate": "2024-11-09", "source": "inaturalist"}}, {"type": "Feature", "geometry": {"type": "Point", "coordinates": [12.192695, 42.0955583333]}, "properties": {"species": "gallinaccio", "label": "Gallinaccio", "scientificName": "Cantharellus cibarius", "year": 2024, "eventDate": "2024-11-09", "source": "inaturalist"}}, {"type": "Feature", "geometry": {"type": "Point", "coordinates": [14.1526583333, 40.841805]}, "properties": {"species": "gallinaccio", "label": "Gallinaccio", "scientificName": "Cantharellus cibarius", "year": 2024, "eventDate": "2024-11-05", "source": "inaturalist"}}, {"type": "Feature", "geometry": {"type": "Point", "coordinates": [14.32892054, 41.10583883]}, "properties": {"species": "gallinaccio", "label": "Gallinaccio", "scientificName": "Cantharellus cibarius", "year": 2024, "eventDate": "2024-11-03", "source": "inaturalist"}}, {"type": "Feature", "geometry": {"type": "Point", "coordinates": [8.9299581852, 40.9628858837]}, "properties": {"species": "gallinaccio", "label": "Gallinaccio", "scientificName": "Cantharellus cibarius", "year": 2024, "eventDate": "2024-11-02", "source": "inaturalist"}}, {"type": "Feature", "geometry": {"type": "Point", "coordinates": [7.18721261, 45.11603366]}, "properties": {"species": "gallinaccio", "label": "Gallinaccio", "scientificName": "Cantharellus cibarius", "year": 2024, "eventDate": "2024-11-02", "source": "inaturalist"}}, {"type": "Feature", "geometry": {"type": "Point", "coordinates": [7.2922732997, 44.8792274997]}, "properties": {"species": "gallinaccio", "label": "Gallinaccio", "scientificName": "Cantharellus cibarius", "year": 2024, "eventDate": "2024-10-28", "source": "inaturalist"}}, {"type": "Feature", "geometry": {"type": "Point", "coordinates": [14.0509451861, 40.85228475]}, "properties": {"species": "gallinaccio", "label": "Gallinaccio", "scientificName": "Cantharellus cibarius", "year": 2024, "eventDate": "2024-10-27", "source": "inaturalist"}}, {"type": "Feature", "geometry": {"type": "Point", "coordinates": [11.2275133333, 44.35622]}, "properties": {"species": "gallinaccio", "label": "Gallinaccio", "scientificName": "Cantharellus cibarius", "year": 2024, "eventDate": "2024-10-27", "source": "inaturalist"}}, {"type": "Feature", "geometry": {"type": "Point", "coordinates": [7.1408832997, 44.9481643]}, "properties": {"species": "gallinaccio", "label": "Gallinaccio", "scientificName": "Cantharellus cibarius", "year": 2024, "eventDate": "2024-10-25", "source": "inaturalist"}}, {"type": "Feature", "geometry": {"type": "Point", "coordinates": [14.1566388333, 40.8437783333]}, "properties": {"species": "gallinaccio", "label": "Gallinaccio", "scientificName": "Cantharellus cibarius", "year": 2024, "eventDate": "2024-10-23", "source": "inaturalist"}}, {"type": "Feature", "geometry": {"type": "Point", "coordinates": [10.4128780365, 42.8670501709]}, "properties": {"species": "gallinaccio", "label": "Gallinaccio", "scientificName": "Cantharellus cibarius", "year": 2024, "eventDate": "2024-10-22", "source": "inaturalist"}}, {"type": "Feature", "geometry": {"type": "Point", "coordinates": [8.9317822, 44.4178644]}, "properties": {"species": "gallinaccio", "label": "Gallinaccio", "scientificName": "Cantharellus cibarius", "year": 2024, "eventDate": "2024-10-20", "source": "inaturalist"}}, {"type": "Feature", "geometry": {"type": "Point", "coordinates": [14.45585006, 41.31126946]}, "properties": {"species": "gallinaccio", "label": "Gallinaccio", "scientificName": "Cantharellus cibarius", "year": 2024, "eventDate": "2024-10-20", "source": "inaturalist"}}, {"type": "Feature", "geometry": {"type": "Point", "coordinates": [11.262472332, 43.1339140938]}, "properties": {"species": "gallinaccio", "label": "Gallinaccio", "scientificName": "Cantharellus cibarius", "year": 2024, "eventDate": "2024-10-20", "source": "inaturalist"}}, {"type": "Feature", "geometry": {"type": "Point", "coordinates": [12.2956033333, 42.7229916667]}, "properties": {"species": "gallinaccio", "label": "Gallinaccio", "scientificName": "Cantharellus cibarius", "year": 2024, "eventDate": "2024-10-19", "source": "inaturalist"}}, {"type": "Feature", "geometry": {"type": "Point", "coordinates": [7.3299082997, 45.0846282997]}, "properties": {"species": "gallinaccio", "label": "Gallinaccio", "scientificName": "Cantharellus cibarius", "year": 2024, "eventDate": "2024-10-18", "source": "inaturalist"}}, {"type": "Feature", "geometry": {"type": "Point", "coordinates": [9.2848313438, 45.6582576567]}, "properties": {"species": "gallinaccio", "label": "Gallinaccio", "scientificName": "Cantharellus cibarius", "year": 2024, "eventDate": "2024-10-18", "source": "inaturalist"}}, {"type": "Feature", "geometry": {"type": "Point", "coordinates": [10.5683739111, 45.5546105181]}, "properties": {"species": "gallinaccio", "label": "Gallinaccio", "scientificName": "Cantharellus cibarius", "year": 2024, "eventDate": "2024-10-18", "source": "inaturalist"}}, {"type": "Feature", "geometry": {"type": "Point", "coordinates": [8.7872028333, 45.8457221944]}, "properties": {"species": "gallinaccio", "label": "Gallinaccio", "scientificName": "Cantharellus cibarius", "year": 2024, "eventDate": "2024-10-18", "source": "inaturalist"}}, {"type": "Feature", "geometry": {"type": "Point", "coordinates": [8.8169916667, 44.427605]}, "properties": {"species": "gallinaccio", "label": "Gallinaccio", "scientificName": "Cantharellus cibarius", "year": 2024, "eventDate": "2024-10-16", "source": "inaturalist"}}, {"type": "Feature", "geometry": {"type": "Point", "coordinates": [8.6337057997, 44.5337086997]}, "properties": {"species": "gallinaccio", "label": "Gallinaccio", "scientificName": "Cantharellus cibarius", "year": 2024, "eventDate": "2024-10-16", "source": "inaturalist"}}, {"type": "Feature", "geometry": {"type": "Point", "coordinates": [13.1093482778, 42.1932678056]}, "properties": {"species": "gallinaccio", "label": "Gallinaccio", "scientificName": "Cantharellus cibarius", "year": 2024, "eventDate": "2024-10-15", "source": "inaturalist"}}, {"type": "Feature", "geometry": {"type": "Point", "coordinates": [10.3202167712, 43.5192772094]}, "properties": {"species": "gallinaccio", "label": "Gallinaccio", "scientificName": "Cantharellus cibarius", "year": 2024, "eventDate": "2024-10-14", "source": "inaturalist"}}, {"type": "Feature", "geometry": {"type": "Point", "coordinates": [7.7856454253, 45.057899002]}, "properties": {"species": "gallinaccio", "label": "Gallinaccio", "scientificName": "Cantharellus cibarius", "year": 2024, "eventDate": "2024-10-13", "source": "inaturalist"}}, {"type": "Feature", "geometry": {"type": "Point", "coordinates": [11.503945, 42.7477116667]}, "properties": {"species": "gallinaccio", "label": "Gallinaccio", "scientificName": "Cantharellus cibarius", "year": 2024, "eventDate": "2024-10-12", "source": "inaturalist"}}, {"type": "Feature", "geometry": {"type": "Point", "coordinates": [7.5029336735, 44.2937367699]}, "properties": {"species": "gallinaccio", "label": "Gallinaccio", "scientificName": "Cantharellus cibarius", "year": 2024, "eventDate": "2024-10-12", "source": "inaturalist"}}, {"type": "Feature", "geometry": {"type": "Point", "coordinates": [11.7839435929, 43.6452744315]}, "properties": {"species": "gallinaccio", "label": "Gallinaccio", "scientificName": "Cantharellus cibarius", "year": 2024, "eventDate": "2024-10-12", "source": "inaturalist"}}, {"type": "Feature", "geometry": {"type": "Point", "coordinates": [14.5928052405, 41.1003907149]}, "properties": {"species": "gallinaccio", "label": "Gallinaccio", "scientificName": "Cantharellus cibarius", "year": 2024, "eventDate": "2024-10-08", "source": "inaturalist"}}, {"type": "Feature", "geometry": {"type": "Point", "coordinates": [8.489892, 44.3223876944]}, "properties": {"species": "gallinaccio", "label": "Gallinaccio", "scientificName": "Cantharellus cibarius", "year": 2024, "eventDate": "2024-10-08", "source": "inaturalist"}}, {"type": "Feature", "geometry": {"type": "Point", "coordinates": [10.3384166667, 43.9059111111]}, "properties": {"species": "gallinaccio", "label": "Gallinaccio", "scientificName": "Cantharellus cibarius", "year": 2024, "eventDate": "2024-10-06", "source": "inaturalist"}}, {"type": "Feature", "geometry": {"type": "Point", "coordinates": [7.6717130997, 45.8114818997]}, "properties": {"species": "gallinaccio", "label": "Gallinaccio", "scientificName": "Cantharellus cibarius", "year": 2024, "eventDate": "2024-10-04", "source": "inaturalist"}}, {"type": "Feature", "geometry": {"type": "Point", "coordinates": [14.1955464153, 40.9980236744]}, "properties": {"species": "gallinaccio", "label": "Gallinaccio", "scientificName": "Cantharellus cibarius", "year": 2024, "eventDate": "2024-10-04", "source": "inaturalist"}}, {"type": "Feature", "geometry": {"type": "Point", "coordinates": [10.7431543997, 43.9332356]}, "properties": {"species": "gallinaccio", "label": "Gallinaccio", "scientificName": "Cantharellus cibarius", "year": 2024, "eventDate": "2024-10-04", "source": "inaturalist"}}, {"type": "Feature", "geometry": {"type": "Point", "coordinates": [8.7999566914, 45.9026483288]}, "properties": {"species": "gallinaccio", "label": "Gallinaccio", "scientificName": "Cantharellus cibarius", "year": 2024, "eventDate": "2024-10-02", "source": "inaturalist"}}, {"type": "Feature", "geometry": {"type": "Point", "coordinates": [7.6692759722, 45.8103509722]}, "properties": {"species": "gallinaccio", "label": "Gallinaccio", "scientificName": "Cantharellus cibarius", "year": 2024, "eventDate": "2024-10-02", "source": "inaturalist"}}, {"type": "Feature", "geometry": {"type": "Point", "coordinates": [7.6691029722, 45.8108989722]}, "properties": {"species": "gallinaccio", "label": "Gallinaccio", "scientificName": "Cantharellus cibarius", "year": 2024, "eventDate": "2024-10-02", "source": "inaturalist"}}, {"type": "Feature", "geometry": {"type": "Point", "coordinates": [7.6756409722, 45.810546]}, "properties": {"species": "gallinaccio", "label": "Gallinaccio", "scientificName": "Cantharellus cibarius", "year": 2024, "eventDate": "2024-10-02", "source": "inaturalist"}}, {"type": "Feature", "geometry": {"type": "Point", "coordinates": [10.8601150904, 42.8566767381]}, "properties": {"species": "gallinaccio", "label": "Gallinaccio", "scientificName": "Cantharellus cibarius", "year": 2024, "eventDate": "2024-10-01", "source": "inaturalist"}}, {"type": "Feature", "geometry": {"type": "Point", "coordinates": [11.87813, 46.7792366667]}, "properties": {"species": "gallinaccio", "label": "Gallinaccio", "scientificName": "Cantharellus cibarius", "year": 2024, "eventDate": "2024-09-28", "source": "inaturalist"}}, {"type": "Feature", "geometry": {"type": "Point", "coordinates": [8.4463566667, 44.3603316667]}, "properties": {"species": "gallinaccio", "label": "Gallinaccio", "scientificName": "Cantharellus cibarius", "year": 2024, "eventDate": "2024-09-28", "source": "inaturalist"}}, {"type": "Feature", "geometry": {"type": "Point", "coordinates": [12.3375579715, 46.7370387363]}, "properties": {"species": "gallinaccio", "label": "Gallinaccio", "scientificName": "Cantharellus cibarius", "year": 2024, "eventDate": "2024-09-26", "source": "inaturalist"}}, {"type": "Feature", "geometry": {"type": "Point", "coordinates": [9.9725916667, 45.978705]}, "properties": {"species": "gallinaccio", "label": "Gallinaccio", "scientificName": "Cantharellus cibarius", "year": 2024, "eventDate": "2024-09-15", "source": "inaturalist"}}, {"type": "Feature", "geometry": {"type": "Point", "coordinates": [12.4095256627, 46.1029388251]}, "properties": {"species": "gallinaccio", "label": "Gallinaccio", "scientificName": "Cantharellus cibarius", "year": 2024, "eventDate": "2024-09-15", "source": "inaturalist"}}, {"type": "Feature", "geometry": {"type": "Point", "coordinates": [10.5832678825, 44.1453079155]}, "properties": {"species": "gallinaccio", "label": "Gallinaccio", "scientificName": "Cantharellus cibarius", "year": 2024, "eventDate": "2024-09-10", "source": "inaturalist"}}, {"type": "Feature", "geometry": {"type": "Point", "coordinates": [12.1963783333, 46.7256966667]}, "properties": {"species": "gallinaccio", "label": "Gallinaccio", "scientificName": "Cantharellus cibarius", "year": 2024, "eventDate": "2024-09-08", "source": "inaturalist"}}, {"type": "Feature", "geometry": {"type": "Point", "coordinates": [11.1067727207, 44.1246746025]}, "properties": {"species": "gallinaccio", "label": "Gallinaccio", "scientificName": "Cantharellus cibarius", "year": 2024, "eventDate": "2024-09-05", "source": "inaturalist"}}, {"type": "Feature", "geometry": {"type": "Point", "coordinates": [13.1910805556, 41.9192138889]}, "properties": {"species": "gallinaccio", "label": "Gallinaccio", "scientificName": "Cantharellus cibarius", "year": 2024, "eventDate": "2024-08-24", "source": "inaturalist"}}, {"type": "Feature", "geometry": {"type": "Point", "coordinates": [7.3147184215, 45.000333474]}, "properties": {"species": "gallinaccio", "label": "Gallinaccio", "scientificName": "Cantharellus cibarius", "year": 2024, "eventDate": "2024-08-09", "source": "inaturalist"}}, {"type": "Feature", "geometry": {"type": "Point", "coordinates": [11.0673144925, 46.471763039]}, "properties": {"species": "gallinaccio", "label": "Gallinaccio", "scientificName": "Cantharellus cibarius", "year": 2024, "eventDate": "2024-08-04", "source": "inaturalist"}}, {"type": "Feature", "geometry": {"type": "Point", "coordinates": [11.2297855651, 45.6910162395]}, "properties": {"species": "gallinaccio", "label": "Gallinaccio", "scientificName": "Cantharellus cibarius", "year": 2024, "eventDate": "2024-07-27", "source": "inaturalist"}}, {"type": "Feature", "geometry": {"type": "Point", "coordinates": [9.833625, 44.592515]}, "properties": {"species": "gallinaccio", "label": "Gallinaccio", "scientificName": "Cantharellus cibarius", "year": 2024, "eventDate": "2024-07-27", "source": "inaturalist"}}, {"type": "Feature", "geometry": {"type": "Point", "coordinates": [10.7999161, 46.2423261]}, "properties": {"species": "gallinaccio", "label": "Gallinaccio", "scientificName": "Cantharellus cibarius", "year": 2024, "eventDate": "2024-07-26", "source": "inaturalist"}}, {"type": "Feature", "geometry": {"type": "Point", "coordinates": [11.6116934327, 46.6019330594]}, "properties": {"species": "gallinaccio", "label": "Gallinaccio", "scientificName": "Cantharellus cibarius", "year": 2024, "eventDate": "2024-07-20", "source": "inaturalist"}}, {"type": "Feature", "geometry": {"type": "Point", "coordinates": [11.1477916667, 45.766625]}, "properties": {"species": "gallinaccio", "label": "Gallinaccio", "scientificName": "Cantharellus cibarius", "year": 2024, "eventDate": "2024-07-14", "source": "inaturalist"}}, {"type": "Feature", "geometry": {"type": "Point", "coordinates": [12.1889976408, 46.755472073]}, "properties": {"species": "gallinaccio", "label": "Gallinaccio", "scientificName": "Cantharellus cibarius", "year": 2024, "eventDate": "2024-07-11", "source": "inaturalist"}}, {"type": "Feature", "geometry": {"type": "Point", "coordinates": [7.7353491684, 45.7535812632]}, "properties": {"species": "gallinaccio", "label": "Gallinaccio", "scientificName": "Cantharellus cibarius", "year": 2024, "eventDate": "2024-07-09", "source": "inaturalist"}}, {"type": "Feature", "geometry": {"type": "Point", "coordinates": [11.01618055, 46.45887]}, "properties": {"species": "gallinaccio", "label": "Gallinaccio", "scientificName": "Cantharellus cibarius", "year": 2024, "eventDate": "2024-07-08", "source": "inaturalist"}}, {"type": "Feature", "geometry": {"type": "Point", "coordinates": [11.6015132144, 46.6480704137]}, "properties": {"species": "gallinaccio", "label": "Gallinaccio", "scientificName": "Cantharellus cibarius", "year": 2024, "eventDate": "2024-07-04", "source": "inaturalist"}}, {"type": "Feature", "geometry": {"type": "Point", "coordinates": [11.0969194444, 46.3545361111]}, "properties": {"species": "gallinaccio", "label": "Gallinaccio", "scientificName": "Cantharellus cibarius", "year": 2024, "eventDate": "2024-07-02", "source": "inaturalist"}}, {"type": "Feature", "geometry": {"type": "Point", "coordinates": [10.5594649722, 44.183464]}, "properties": {"species": "gallinaccio", "label": "Gallinaccio", "scientificName": "Cantharellus cibarius", "year": 2024, "eventDate": "2024-06-29", "source": "inaturalist"}}, {"type": "Feature", "geometry": {"type": "Point", "coordinates": [9.6644825488, 46.1380092807]}, "properties": {"species": "gallinaccio", "label": "Gallinaccio", "scientificName": "Cantharellus cibarius", "year": 2024, "eventDate": "2024-06-25", "source": "inaturalist"}}, {"type": "Feature", "geometry": {"type": "Point", "coordinates": [9.7719123, 46.1804647]}, "properties": {"species": "gallinaccio", "label": "Gallinaccio", "scientificName": "Cantharellus cibarius", "year": 2024, "eventDate": "2024-06-22", "source": "inaturalist"}}, {"type": "Feature", "geometry": {"type": "Point", "coordinates": [11.1999218166, 46.0054136966]}, "properties": {"species": "gallinaccio", "label": "Gallinaccio", "scientificName": "Cantharellus cibarius", "year": 2024, "eventDate": "2024-06-22", "source": "inaturalist"}}, {"type": "Feature", "geometry": {"type": "Point", "coordinates": [11.3540174067, 46.3675256244]}, "properties": {"species": "gallinaccio", "label": "Gallinaccio", "scientificName": "Cantharellus cibarius", "year": 2024, "eventDate": "2024-06-22", "source": "inaturalist"}}, {"type": "Feature", "geometry": {"type": "Point", "coordinates": [11.1813443099, 45.5603328515]}, "properties": {"species": "gallinaccio", "label": "Gallinaccio", "scientificName": "Cantharellus cibarius", "year": 2024, "eventDate": "2024-06-21", "source": "inaturalist"}}, {"type": "Feature", "geometry": {"type": "Point", "coordinates": [9.6193477924, 44.3659534059]}, "properties": {"species": "gallinaccio", "label": "Gallinaccio", "scientificName": "Cantharellus cibarius", "year": 2024, "eventDate": "2024-06-15", "source": "inaturalist"}}, {"type": "Feature", "geometry": {"type": "Point", "coordinates": [8.4310798611, 44.2452506944]}, "properties": {"species": "gallinaccio", "label": "Gallinaccio", "scientificName": "Cantharellus cibarius", "year": 2024, "eventDate": "2024-06-15", "source": "inaturalist"}}, {"type": "Feature", "geometry": {"type": "Point", "coordinates": [9.6005082617, 44.3387138585]}, "properties": {"species": "gallinaccio", "label": "Gallinaccio", "scientificName": "Cantharellus cibarius", "year": 2024, "eventDate": "2024-06-14", "source": "inaturalist"}}, {"type": "Feature", "geometry": {"type": "Point", "coordinates": [11.571094282, 43.7583206353]}, "properties": {"species": "gallinaccio", "label": "Gallinaccio", "scientificName": "Cantharellus cibarius", "year": 2024, "eventDate": "2024-06-11", "source": "inaturalist"}}, {"type": "Feature", "geometry": {"type": "Point", "coordinates": [9.6232021412, 44.1650240256]}, "properties": {"species": "gallinaccio", "label": "Gallinaccio", "scientificName": "Cantharellus cibarius", "year": 2024, "eventDate": "2024-06-01", "source": "inaturalist"}}, {"type": "Feature", "geometry": {"type": "Point", "coordinates": [11.1999218166, 46.0054136966]}, "properties": {"species": "gallinaccio", "label": "Gallinaccio", "scientificName": "Cantharellus cibarius", "year": 2024, "eventDate": "2024-05-25", "source": "inaturalist"}}, {"type": "Feature", "geometry": {"type": "Point", "coordinates": [7.2886699, 44.8787854997]}, "properties": {"species": "gallinaccio", "label": "Gallinaccio", "scientificName": "Cantharellus cibarius", "year": 2024, "eventDate": "2024-05-17", "source": "inaturalist"}}, {"type": "Feature", "geometry": {"type": "Point", "coordinates": [8.4013133124, 44.1936632067]}, "properties": {"species": "gallinaccio", "label": "Gallinaccio", "scientificName": "Cantharellus cibarius", "year": 2024, "eventDate": "2024-05-11", "source": "inaturalist"}}, {"type": "Feature", "geometry": {"type": "Point", "coordinates": [11.5038212983, 42.7475445343]}, "properties": {"species": "gallinaccio", "label": "Gallinaccio", "scientificName": "Cantharellus cibarius", "year": 2024, "eventDate": "2024-05-05", "source": "inaturalist"}}, {"type": "Feature", "geometry": {"type": "Point", "coordinates": [11.506176825, 42.7434382076]}, "properties": {"species": "gallinaccio", "label": "Gallinaccio", "scientificName": "Cantharellus cibarius", "year": 2024, "eventDate": "2024-05-04", "source": "inaturalist"}}, {"type": "Feature", "geometry": {"type": "Point", "coordinates": [11.5067582974, 42.7443815568]}, "properties": {"species": "gallinaccio", "label": "Gallinaccio", "scientificName": "Cantharellus cibarius", "year": 2024, "eventDate": "2024-05-04", "source": "inaturalist"}}, {"type": "Feature", "geometry": {"type": "Point", "coordinates": [11.159497574, 45.5194318911]}, "properties": {"species": "gallinaccio", "label": "Gallinaccio", "scientificName": "Cantharellus cibarius", "year": 2024, "eventDate": "2024-04-29", "source": "inaturalist"}}, {"type": "Feature", "geometry": {"type": "Point", "coordinates": [10.4586301248, 43.7622887745]}, "properties": {"species": "gallinaccio", "label": "Gallinaccio", "scientificName": "Cantharellus cibarius", "year": 2024, "eventDate": "2024-01-04", "source": "inaturalist"}}, {"type": "Feature", "geometry": {"type": "Point", "coordinates": [10.5872055556, 43.306275]}, "properties": {"species": "gallinaccio", "label": "Gallinaccio", "scientificName": "Cantharellus cibarius", "year": 2023, "eventDate": "2023-12-08", "source": "inaturalist"}}, {"type": "Feature", "geometry": {"type": "Point", "coordinates": [8.8802110031, 44.6630434657]}, "properties": {"species": "gallinaccio", "label": "Gallinaccio", "scientificName": "Cantharellus cibarius", "year": 2023, "eventDate": "2023-11-07", "source": "inaturalist"}}, {"type": "Feature", "geometry": {"type": "Point", "coordinates": [8.6746706, 44.547418]}, "properties": {"species": "gallinaccio", "label": "Gallinaccio", "scientificName": "Cantharellus cibarius", "year": 2023, "eventDate": "2023-11-05", "source": "inaturalist"}}, {"type": "Feature", "geometry": {"type": "Point", "coordinates": [9.2855615125, 44.5340911138]}, "properties": {"species": "gallinaccio", "label": "Gallinaccio", "scientificName": "Cantharellus cibarius", "year": 2023, "eventDate": "2023-10-21", "source": "inaturalist"}}, {"type": "Feature", "geometry": {"type": "Point", "coordinates": [15.8156361111, 38.1498388889]}, "properties": {"species": "gallinaccio", "label": "Gallinaccio", "scientificName": "Cantharellus cibarius", "year": 2023, "eventDate": "2023-10-19", "source": "inaturalist"}}, {"type": "Feature", "geometry": {"type": "Point", "coordinates": [9.4129686772, 45.750119125]}, "properties": {"species": "gallinaccio", "label": "Gallinaccio", "scientificName": "Cantharellus cibarius", "year": 2023, "eventDate": "2023-10-07", "source": "inaturalist"}}, {"type": "Feature", "geometry": {"type": "Point", "coordinates": [8.9294007048, 45.7078657422]}, "properties": {"species": "gallinaccio", "label": "Gallinaccio", "scientificName": "Cantharellus cibarius", "year": 2023, "eventDate": "2023-10-04", "source": "inaturalist"}}, {"type": "Feature", "geometry": {"type": "Point", "coordinates": [10.5990633333, 46.1975583333]}, "properties": {"species": "gallinaccio", "label": "Gallinaccio", "scientificName": "Cantharellus cibarius", "year": 2023, "eventDate": "2023-09-09", "source": "inaturalist"}}, {"type": "Feature", "geometry": {"type": "Point", "coordinates": [12.0835416667, 46.7004861111]}, "properties": {"species": "gallinaccio", "label": "Gallinaccio", "scientificName": "Cantharellus cibarius", "year": 2023, "eventDate": "2023-09-05", "source": "inaturalist"}}, {"type": "Feature", "geometry": {"type": "Point", "coordinates": [11.4715222222, 46.5397166667]}, "properties": {"species": "gallinaccio", "label": "Gallinaccio", "scientificName": "Cantharellus cibarius", "year": 2023, "eventDate": "2023-09-03", "source": "inaturalist"}}, {"type": "Feature", "geometry": {"type": "Point", "coordinates": [11.5662109852, 46.6399948923]}, "properties": {"species": "gallinaccio", "label": "Gallinaccio", "scientificName": "Cantharellus cibarius", "year": 2023, "eventDate": "2023-09-02", "source": "inaturalist"}}, {"type": "Feature", "geometry": {"type": "Point", "coordinates": [11.341846548, 46.5330165049]}, "properties": {"species": "gallinaccio", "label": "Gallinaccio", "scientificName": "Cantharellus cibarius", "year": 2023, "eventDate": "2023-08-28", "source": "inaturalist"}}, {"type": "Feature", "geometry": {"type": "Point", "coordinates": [11.5784647, 45.8046591028]}, "properties": {"species": "gallinaccio", "label": "Gallinaccio", "scientificName": "Cantharellus cibarius", "year": 2023, "eventDate": "2023-08-10", "source": "inaturalist"}}, {"type": "Feature", "geometry": {"type": "Point", "coordinates": [8.8195541698, 45.8763098299]}, "properties": {"species": "gallinaccio", "label": "Gallinaccio", "scientificName": "Cantharellus cibarius", "year": 2023, "eventDate": "2023-08-07", "source": "inaturalist"}}, {"type": "Feature", "geometry": {"type": "Point", "coordinates": [10.7998475833, 46.5721740556]}, "properties": {"species": "gallinaccio", "label": "Gallinaccio", "scientificName": "Cantharellus cibarius", "year": 2023, "eventDate": "2023-08-06", "source": "inaturalist"}}, {"type": "Feature", "geometry": {"type": "Point", "coordinates": [11.3863124847, 46.9516944883]}, "properties": {"species": "gallinaccio", "label": "Gallinaccio", "scientificName": "Cantharellus cibarius", "year": 2023, "eventDate": "2023-08-02", "source": "inaturalist"}}, {"type": "Feature", "geometry": {"type": "Point", "coordinates": [9.0497064589, 45.8028640744]}, "properties": {"species": "gallinaccio", "label": "Gallinaccio", "scientificName": "Cantharellus cibarius", "year": 2023, "eventDate": "2023-07-30", "source": "inaturalist"}}, {"type": "Feature", "geometry": {"type": "Point", "coordinates": [11.3560565561, 46.3685650725]}, "properties": {"species": "gallinaccio", "label": "Gallinaccio", "scientificName": "Cantharellus cibarius", "year": 2023, "eventDate": "2023-07-25", "source": "inaturalist"}}, {"type": "Feature", "geometry": {"type": "Point", "coordinates": [8.0724942684, 45.6761247598]}, "properties": {"species": "gallinaccio", "label": "Gallinaccio", "scientificName": "Cantharellus cibarius", "year": 2023, "eventDate": "2023-07-23", "source": "inaturalist"}}, {"type": "Feature", "geometry": {"type": "Point", "coordinates": [11.1935763806, 46.0055489995]}, "properties": {"species": "gallinaccio", "label": "Gallinaccio", "scientificName": "Cantharellus cibarius", "year": 2023, "eventDate": "2023-07-22", "source": "inaturalist"}}, {"type": "Feature", "geometry": {"type": "Point", "coordinates": [11.4731587842, 44.0446857377]}, "properties": {"species": "gallinaccio", "label": "Gallinaccio", "scientificName": "Cantharellus cibarius", "year": 2023, "eventDate": "2023-07-14", "source": "inaturalist"}}, {"type": "Feature", "geometry": {"type": "Point", "coordinates": [14.3501355783, 40.8137814623]}, "properties": {"species": "gallinaccio", "label": "Gallinaccio", "scientificName": "Cantharellus cibarius", "year": 2023, "eventDate": "2023-06-21", "source": "inaturalist"}}, {"type": "Feature", "geometry": {"type": "Point", "coordinates": [11.9335471791, 42.1807543708]}, "properties": {"species": "gallinaccio", "label": "Gallinaccio", "scientificName": "Cantharellus cibarius", "year": 2023, "eventDate": "2023-06-20", "source": "inaturalist"}}, {"type": "Feature", "geometry": {"type": "Point", "coordinates": [7.5036632343, 44.2944432676]}, "properties": {"species": "gallinaccio", "label": "Gallinaccio", "scientificName": "Cantharellus cibarius", "year": 2023, "eventDate": "2023-06-10", "source": "inaturalist"}}, {"type": "Feature", "geometry": {"type": "Point", "coordinates": [11.6177707538, 44.2465829077]}, "properties": {"species": "gallinaccio", "label": "Gallinaccio", "scientificName": "Cantharellus cibarius", "year": 2023, "eventDate": "2023-05-13", "source": "inaturalist"}}, {"type": "Feature", "geometry": {"type": "Point", "coordinates": [10.5872916667, 43.3062027778]}, "properties": {"species": "gallinaccio", "label": "Gallinaccio", "scientificName": "Cantharellus cibarius", "year": 2023, "eventDate": "2023-01-07", "source": "inaturalist"}}, {"type": "Feature", "geometry": {"type": "Point", "coordinates": [10.5871472222, 43.3063777778]}, "properties": {"species": "gallinaccio", "label": "Gallinaccio", "scientificName": "Cantharellus cibarius", "year": 2022, "eventDate": "2022-11-26", "source": "inaturalist"}}, {"type": "Feature", "geometry": {"type": "Point", "coordinates": [10.5896166667, 43.3061833333]}, "properties": {"species": "gallinaccio", "label": "Gallinaccio", "scientificName": "Cantharellus cibarius", "year": 2022, "eventDate": "2022-11-26", "source": "inaturalist"}}, {"type": "Feature", "geometry": {"type": "Point", "coordinates": [10.5913027778, 43.3065]}, "properties": {"species": "gallinaccio", "label": "Gallinaccio", "scientificName": "Cantharellus cibarius", "year": 2022, "eventDate": "2022-11-13", "source": "inaturalist"}}, {"type": "Feature", "geometry": {"type": "Point", "coordinates": [11.1859475076, 43.7114927543]}, "properties": {"species": "gallinaccio", "label": "Gallinaccio", "scientificName": "Cantharellus cibarius", "year": 2022, "eventDate": "2022-11-13", "source": "inaturalist"}}, {"type": "Feature", "geometry": {"type": "Point", "coordinates": [11.27205846, 42.94592648]}, "properties": {"species": "gallinaccio", "label": "Gallinaccio", "scientificName": "Cantharellus cibarius", "year": 2022, "eventDate": "2022-11-12", "source": "inaturalist"}}, {"type": "Feature", "geometry": {"type": "Point", "coordinates": [10.5832222222, 43.2890388889]}, "properties": {"species": "gallinaccio", "label": "Gallinaccio", "scientificName": "Cantharellus cibarius", "year": 2022, "eventDate": "2022-10-23", "source": "inaturalist"}}, {"type": "Feature", "geometry": {"type": "Point", "coordinates": [10.5524533333, 43.89688]}, "properties": {"species": "gallinaccio", "label": "Gallinaccio", "scientificName": "Cantharellus cibarius", "year": 2022, "eventDate": "2022-10-21", "source": "inaturalist"}}, {"type": "Feature", "geometry": {"type": "Point", "coordinates": [10.3291, 44.0845416667]}, "properties": {"species": "gallinaccio", "label": "Gallinaccio", "scientificName": "Cantharellus cibarius", "year": 2022, "eventDate": "2022-10-17", "source": "inaturalist"}}, {"type": "Feature", "geometry": {"type": "Point", "coordinates": [13.08565779, 41.91754986]}, "properties": {"species": "gallinaccio", "label": "Gallinaccio", "scientificName": "Cantharellus cibarius", "year": 2022, "eventDate": "2022-10-17", "source": "inaturalist"}}, {"type": "Feature", "geometry": {"type": "Point", "coordinates": [11.5066166667, 42.743995]}, "properties": {"species": "gallinaccio", "label": "Gallinaccio", "scientificName": "Cantharellus cibarius", "year": 2022, "eventDate": "2022-10-16", "source": "inaturalist"}}, {"type": "Feature", "geometry": {"type": "Point", "coordinates": [12.5706510278, 41.8829040278]}, "properties": {"species": "gallinaccio", "label": "Gallinaccio", "scientificName": "Cantharellus cibarius", "year": 2022, "eventDate": "2022-10-11", "source": "inaturalist"}}, {"type": "Feature", "geometry": {"type": "Point", "coordinates": [10.4489928111, 43.486143973]}, "properties": {"species": "gallinaccio", "label": "Gallinaccio", "scientificName": "Cantharellus cibarius", "year": 2022, "eventDate": "2022-10-11", "source": "inaturalist"}}, {"type": "Feature", "geometry": {"type": "Point", "coordinates": [12.2114916667, 42.18977]}, "properties": {"species": "gallinaccio", "label": "Gallinaccio", "scientificName": "Cantharellus cibarius", "year": 2022, "eventDate": "2022-10-07", "source": "inaturalist"}}, {"type": "Feature", "geometry": {"type": "Point", "coordinates": [12.114027723, 42.3008095488]}, "properties": {"species": "gallinaccio", "label": "Gallinaccio", "scientificName": "Cantharellus cibarius", "year": 2022, "eventDate": "2022-10-01", "source": "inaturalist"}}, {"type": "Feature", "geometry": {"type": "Point", "coordinates": [11.3939609722, 46.4105899722]}, "properties": {"species": "gallinaccio", "label": "Gallinaccio", "scientificName": "Cantharellus cibarius", "year": 2022, "eventDate": "2022-09-26", "source": "inaturalist"}}, {"type": "Feature", "geometry": {"type": "Point", "coordinates": [11.2487921091, 45.6836411081]}, "properties": {"species": "gallinaccio", "label": "Gallinaccio", "scientificName": "Cantharellus cibarius", "year": 2022, "eventDate": "2022-09-18", "source": "inaturalist"}}, {"type": "Feature", "geometry": {"type": "Point", "coordinates": [11.98513804, 46.50778657]}, "properties": {"species": "gallinaccio", "label": "Gallinaccio", "scientificName": "Cantharellus cibarius", "year": 2022, "eventDate": "2022-09-08", "source": "inaturalist"}}, {"type": "Feature", "geometry": {"type": "Point", "coordinates": [7.7963024029, 44.0752882635]}, "properties": {"species": "gallinaccio", "label": "Gallinaccio", "scientificName": "Cantharellus cibarius", "year": 2022, "eventDate": "2022-09-07", "source": "inaturalist"}}, {"type": "Feature", "geometry": {"type": "Point", "coordinates": [10.2923283333, 44.0388638429]}, "properties": {"species": "gallinaccio", "label": "Gallinaccio", "scientificName": "Cantharellus cibarius", "year": 2022, "eventDate": "2022-09-04", "source": "inaturalist"}}, {"type": "Feature", "geometry": {"type": "Point", "coordinates": [11.9102533333, 46.75652]}, "properties": {"species": "gallinaccio", "label": "Gallinaccio", "scientificName": "Cantharellus cibarius", "year": 2022, "eventDate": "2022-08-20", "source": "inaturalist"}}, {"type": "Feature", "geometry": {"type": "Point", "coordinates": [11.9932360947, 46.4155620083]}, "properties": {"species": "gallinaccio", "label": "Gallinaccio", "scientificName": "Cantharellus cibarius", "year": 2022, "eventDate": "2022-08-20", "source": "inaturalist"}}, {"type": "Feature", "geometry": {"type": "Point", "coordinates": [12.1995302519, 46.4514583949]}, "properties": {"species": "gallinaccio", "label": "Gallinaccio", "scientificName": "Cantharellus cibarius", "year": 2022, "eventDate": "2022-08-19", "source": "inaturalist"}}, {"type": "Feature", "geometry": {"type": "Point", "coordinates": [10.3852073662, 46.2438774901]}, "properties": {"species": "gallinaccio", "label": "Gallinaccio", "scientificName": "Cantharellus cibarius", "year": 2022, "eventDate": "2022-07-23", "source": "inaturalist"}}, {"type": "Feature", "geometry": {"type": "Point", "coordinates": [11.6843358055, 46.1921705075]}, "properties": {"species": "gallinaccio", "label": "Gallinaccio", "scientificName": "Cantharellus cibarius", "year": 2022, "eventDate": "2022-06-25", "source": "inaturalist"}}, {"type": "Feature", "geometry": {"type": "Point", "coordinates": [11.9871902, 43.6414236]}, "properties": {"species": "gallinaccio", "label": "Gallinaccio", "scientificName": "Cantharellus cibarius", "year": 2022, "eventDate": "2022-06-12", "source": "inaturalist"}}, {"type": "Feature", "geometry": {"type": "Point", "coordinates": [9.9240841717, 46.1566877213]}, "properties": {"species": "gallinaccio", "label": "Gallinaccio", "scientificName": "Cantharellus cibarius", "year": 2021, "eventDate": "2021-09-24", "source": "inaturalist"}}, {"type": "Feature", "geometry": {"type": "Point", "coordinates": [7.1982161701, 44.7922682028]}, "properties": {"species": "gallinaccio", "label": "Gallinaccio", "scientificName": "Cantharellus cibarius", "year": 2021, "eventDate": "2021-09-06", "source": "inaturalist"}}, {"type": "Feature", "geometry": {"type": "Point", "coordinates": [11.3321083333, 46.4635766667]}, "properties": {"species": "gallinaccio", "label": "Gallinaccio", "scientificName": "Cantharellus cibarius", "year": 2021, "eventDate": "2021-08-29", "source": "inaturalist"}}, {"type": "Feature", "geometry": {"type": "Point", "coordinates": [11.5348214829, 45.8430539677]}, "properties": {"species": "gallinaccio", "label": "Gallinaccio", "scientificName": "Cantharellus cibarius", "year": 2021, "eventDate": "2021-08-19", "source": "inaturalist"}}, {"type": "Feature", "geometry": {"type": "Point", "coordinates": [9.5235254243, 46.2619523937]}, "properties": {"species": "gallinaccio", "label": "Gallinaccio", "scientificName": "Cantharellus cibarius", "year": 2021, "eventDate": "2021-08-14", "source": "inaturalist"}}, {"type": "Feature", "geometry": {"type": "Point", "coordinates": [11.4731587842, 44.0446857377]}, "properties": {"species": "gallinaccio", "label": "Gallinaccio", "scientificName": "Cantharellus cibarius", "year": 2021, "eventDate": "2021-07-24", "source": "inaturalist"}}, {"type": "Feature", "geometry": {"type": "Point", "coordinates": [11.3348600641, 46.0498599911]}, "properties": {"species": "gallinaccio", "label": "Gallinaccio", "scientificName": "Cantharellus cibarius", "year": 2021, "eventDate": "2021-07-24", "source": "inaturalist"}}, {"type": "Feature", "geometry": {"type": "Point", "coordinates": [12.1692414604, 46.730350672]}, "properties": {"species": "gallinaccio", "label": "Gallinaccio", "scientificName": "Cantharellus cibarius", "year": 2021, "eventDate": "2021-07-11", "source": "inaturalist"}}, {"type": "Feature", "geometry": {"type": "Point", "coordinates": [11.1646742374, 43.7123014613]}, "properties": {"species": "gallinaccio", "label": "Gallinaccio", "scientificName": "Cantharellus cibarius", "year": 2021, "eventDate": "2021-06-16", "source": "inaturalist"}}, {"type": "Feature", "geometry": {"type": "Point", "coordinates": [7.6349066667, 45.0074033333]}, "properties": {"species": "gallinaccio", "label": "Gallinaccio", "scientificName": "Cantharellus cibarius", "year": 2021, "eventDate": "2021-06-09", "source": "inaturalist"}}, {"type": "Feature", "geometry": {"type": "Point", "coordinates": [14.5452302253, 42.2293676981]}, "properties": {"species": "gallinaccio", "label": "Gallinaccio", "scientificName": "Cantharellus cibarius", "year": 2020, "eventDate": "2020-11-23", "source": "inaturalist"}}, {"type": "Feature", "geometry": {"type": "Point", "coordinates": [14.5395868575, 42.2286209317]}, "properties": {"species": "gallinaccio", "label": "Gallinaccio", "scientificName": "Cantharellus cibarius", "year": 2020, "eventDate": "2020-11-17", "source": "inaturalist"}}, {"type": "Feature", "geometry": {"type": "Point", "coordinates": [14.5365827834, 42.2283349337]}, "properties": {"species": "gallinaccio", "label": "Gallinaccio", "scientificName": "Cantharellus cibarius", "year": 2020, "eventDate": "2020-11-10", "source": "inaturalist"}}, {"type": "Feature", "geometry": {"type": "Point", "coordinates": [11.1935763806, 46.0055739175]}, "properties": {"species": "gallinaccio", "label": "Gallinaccio", "scientificName": "Cantharellus cibarius", "year": 2020, "eventDate": "2020-11-05", "source": "inaturalist"}}, {"type": "Feature", "geometry": {"type": "Point", "coordinates": [10.4045125875, 43.5226148857]}, "properties": {"species": "gallinaccio", "label": "Gallinaccio", "scientificName": "Cantharellus cibarius", "year": 2020, "eventDate": "2020-10-28", "source": "inaturalist"}}, {"type": "Feature", "geometry": {"type": "Point", "coordinates": [14.5376342093, 42.230003237]}, "properties": {"species": "gallinaccio", "label": "Gallinaccio", "scientificName": "Cantharellus cibarius", "year": 2020, "eventDate": "2020-10-22", "source": "inaturalist"}}, {"type": "Feature", "geometry": {"type": "Point", "coordinates": [14.537655667, 42.2311313027]}, "properties": {"species": "gallinaccio", "label": "Gallinaccio", "scientificName": "Cantharellus cibarius", "year": 2020, "eventDate": "2020-10-22", "source": "inaturalist"}}, {"type": "Feature", "geometry": {"type": "Point", "coordinates": [12.9652367416, 41.5951424047]}, "properties": {"species": "gallinaccio", "label": "Gallinaccio", "scientificName": "Cantharellus cibarius", "year": 2020, "eventDate": "2020-10-17", "source": "inaturalist"}}, {"type": "Feature", "geometry": {"type": "Point", "coordinates": [11.3660770719, 46.4698189646]}, "properties": {"species": "gallinaccio", "label": "Gallinaccio", "scientificName": "Cantharellus cibarius", "year": 2020, "eventDate": "2020-09-26", "source": "inaturalist"}}, {"type": "Feature", "geometry": {"type": "Point", "coordinates": [9.9661242527, 44.5637259877]}, "properties": {"species": "gallinaccio", "label": "Gallinaccio", "scientificName": "Cantharellus cibarius", "year": 2020, "eventDate": "2020-09-19", "source": "inaturalist"}}, {"type": "Feature", "geometry": {"type": "Point", "coordinates": [12.6804987107, 46.5623718957]}, "properties": {"species": "gallinaccio", "label": "Gallinaccio", "scientificName": "Cantharellus cibarius", "year": 2020, "eventDate": "2020-09-01", "source": "inaturalist"}}, {"type": "Feature", "geometry": {"type": "Point", "coordinates": [11.5199609469, 46.4495193928]}, "properties": {"species": "gallinaccio", "label": "Gallinaccio", "scientificName": "Cantharellus cibarius", "year": 2020, "eventDate": "2020-08-15", "source": "inaturalist"}}, {"type": "Feature", "geometry": {"type": "Point", "coordinates": [7.5037477222, 44.2944973904]}, "properties": {"species": "gallinaccio", "label": "Gallinaccio", "scientificName": "Cantharellus cibarius", "year": 2020, "eventDate": "2020-08-12", "source": "inaturalist"}}, {"type": "Feature", "geometry": {"type": "Point", "coordinates": [10.2255555556, 46.2355555556]}, "properties": {"species": "gallinaccio", "label": "Gallinaccio", "scientificName": "Cantharellus cibarius", "year": 2020, "eventDate": "2020-08-08", "source": "inaturalist"}}, {"type": "Feature", "geometry": {"type": "Point", "coordinates": [9.5209118801, 44.5740437332]}, "properties": {"species": "gallinaccio", "label": "Gallinaccio", "scientificName": "Cantharellus cibarius", "year": 2020, "eventDate": "2020-08-01", "source": "inaturalist"}}, {"type": "Feature", "geometry": {"type": "Point", "coordinates": [11.2292470931, 45.6883964536]}, "properties": {"species": "gallinaccio", "label": "Gallinaccio", "scientificName": "Cantharellus cibarius", "year": 2020, "eventDate": "2020-07-26", "source": "inaturalist"}}, {"type": "Feature", "geometry": {"type": "Point", "coordinates": [11.3153991697, 46.4953498839]}, "properties": {"species": "gallinaccio", "label": "Gallinaccio", "scientificName": "Cantharellus cibarius", "year": 2020, "eventDate": "2020-07-18", "source": "inaturalist"}}, {"type": "Feature", "geometry": {"type": "Point", "coordinates": [10.8161092027, 44.0614400449]}, "properties": {"species": "gallinaccio", "label": "Gallinaccio", "scientificName": "Cantharellus cibarius", "year": 2020, "eventDate": "2020-07-04", "source": "inaturalist"}}, {"type": "Feature", "geometry": {"type": "Point", "coordinates": [10.1752653345, 46.1527311053]}, "properties": {"species": "gallinaccio", "label": "Gallinaccio", "scientificName": "Cantharellus cibarius", "year": 2020, "eventDate": "2020-06-22", "source": "inaturalist"}}, {"type": "Feature", "geometry": {"type": "Point", "coordinates": [10.4052053857, 43.5233961864]}, "properties": {"species": "gallinaccio", "label": "Gallinaccio", "scientificName": "Cantharellus cibarius", "year": 2020, "eventDate": "2020-06-17", "source": "inaturalist"}}, {"type": "Feature", "geometry": {"type": "Point", "coordinates": [11.474394612, 44.2105651674]}, "properties": {"species": "gallinaccio", "label": "Gallinaccio", "scientificName": "Cantharellus cibarius", "year": 2020, "eventDate": "2020-06-13", "source": "inaturalist"}}, {"type": "Feature", "geometry": {"type": "Point", "coordinates": [11.5767414191, 43.4658428002]}, "properties": {"species": "gallinaccio", "label": "Gallinaccio", "scientificName": "Cantharellus cibarius", "year": 2020, "eventDate": "2020-01-04", "source": "inaturalist"}}, {"type": "Feature", "geometry": {"type": "Point", "coordinates": [13.719435, 45.5881049997]}, "properties": {"species": "gallinaccio", "label": "Gallinaccio", "scientificName": "Cantharellus cibarius", "year": 2019, "eventDate": "2019-12-14", "source": "inaturalist"}}, {"type": "Feature", "geometry": {"type": "Point", "coordinates": [11.8077745438, 43.0915756226]}, "properties": {"species": "gallinaccio", "label": "Gallinaccio", "scientificName": "Cantharellus cibarius", "year": 2019, "eventDate": "2019-12-03", "source": "inaturalist"}}, {"type": "Feature", "geometry": {"type": "Point", "coordinates": [11.3485473767, 44.0810145806]}, "properties": {"species": "gallinaccio", "label": "Gallinaccio", "scientificName": "Cantharellus cibarius", "year": 2019, "eventDate": "2019-10-31", "source": "inaturalist"}}, {"type": "Feature", "geometry": {"type": "Point", "coordinates": [10.9691116667, 44.0820805]}, "properties": {"species": "gallinaccio", "label": "Gallinaccio", "scientificName": "Cantharellus cibarius", "year": 2019, "eventDate": "2019-10-13", "source": "inaturalist"}}, {"type": "Feature", "geometry": {"type": "Point", "coordinates": [11.498541832, 45.5247993469]}, "properties": {"species": "gallinaccio", "label": "Gallinaccio", "scientificName": "Cantharellus cibarius", "year": 2019, "eventDate": "2019-10-08", "source": "inaturalist"}}, {"type": "Feature", "geometry": {"type": "Point", "coordinates": [9.6578482725, 46.139108059]}, "properties": {"species": "gallinaccio", "label": "Gallinaccio", "scientificName": "Cantharellus cibarius", "year": 2019, "eventDate": "2019-10-06", "source": "inaturalist"}}, {"type": "Feature", "geometry": {"type": "Point", "coordinates": [11.5259933283, 45.838929313]}, "properties": {"species": "gallinaccio", "label": "Gallinaccio", "scientificName": "Cantharellus cibarius", "year": 2019, "eventDate": "2019-09-14", "source": "inaturalist"}}, {"type": "Feature", "geometry": {"type": "Point", "coordinates": [8.1921305973, 46.0465171561]}, "properties": {"species": "gallinaccio", "label": "Gallinaccio", "scientificName": "Cantharellus cibarius", "year": 2019, "eventDate": "2019-09-08", "source": "inaturalist"}}, {"type": "Feature", "geometry": {"type": "Point", "coordinates": [10.6802473068, 44.1575126648]}, "properties": {"species": "gallinaccio", "label": "Gallinaccio", "scientificName": "Cantharellus cibarius", "year": 2019, "eventDate": "2019-08-30", "source": "inaturalist"}}, {"type": "Feature", "geometry": {"type": "Point", "coordinates": [9.6972956881, 46.0950431786]}, "properties": {"species": "gallinaccio", "label": "Gallinaccio", "scientificName": "Cantharellus cibarius", "year": 2019, "eventDate": "2019-08-21", "source": "inaturalist"}}, {"type": "Feature", "geometry": {"type": "Point", "coordinates": [11.041383, 46.172978]}, "properties": {"species": "gallinaccio", "label": "Gallinaccio", "scientificName": "Cantharellus cibarius", "year": 2019, "eventDate": "2019-08-18", "source": "inaturalist"}}, {"type": "Feature", "geometry": {"type": "Point", "coordinates": [9.5724576, 46.0376898]}, "properties": {"species": "gallinaccio", "label": "Gallinaccio", "scientificName": "Cantharellus cibarius", "year": 2019, "eventDate": "2019-07-21", "source": "inaturalist"}}, {"type": "Feature", "geometry": {"type": "Point", "coordinates": [9.2319660146, 45.9875014965]}, "properties": {"species": "gallinaccio", "label": "Gallinaccio", "scientificName": "Cantharellus cibarius", "year": 2019, "eventDate": "2019-07-04", "source": "inaturalist"}}, {"type": "Feature", "geometry": {"type": "Point", "coordinates": [10.661717193, 43.9101685148]}, "properties": {"species": "gallinaccio", "label": "Gallinaccio", "scientificName": "Cantharellus cibarius", "year": 2019, "eventDate": "2019-06-09", "source": "inaturalist"}}, {"type": "Feature", "geometry": {"type": "Point", "coordinates": [14.1512594222, 40.8458366392]}, "properties": {"species": "gallinaccio", "label": "Gallinaccio", "scientificName": "Cantharellus cibarius", "year": 2018, "eventDate": "2018-11-14", "source": "inaturalist"}}, {"type": "Feature", "geometry": {"type": "Point", "coordinates": [9.1158071067, 44.7311577062]}, "properties": {"species": "gallinaccio", "label": "Gallinaccio", "scientificName": "Cantharellus cibarius", "year": 2018, "eventDate": "2018-09-07", "source": "inaturalist"}}, {"type": "Feature", "geometry": {"type": "Point", "coordinates": [12.7006662, 41.7782232]}, "properties": {"species": "gallinaccio", "label": "Gallinaccio", "scientificName": "Cantharellus cibarius", "year": 2018, "eventDate": "2018-09-05", "source": "inaturalist"}}, {"type": "Feature", "geometry": {"type": "Point", "coordinates": [12.7039456, 41.769962]}, "properties": {"species": "gallinaccio", "label": "Gallinaccio", "scientificName": "Cantharellus cibarius", "year": 2018, "eventDate": "2018-09-05", "source": "inaturalist"}}, {"type": "Feature", "geometry": {"type": "Point", "coordinates": [7.7071300428, 45.7788424613]}, "properties": {"species": "gallinaccio", "label": "Gallinaccio", "scientificName": "Cantharellus cibarius", "year": 2018, "eventDate": "2018-08-13", "source": "inaturalist"}}, {"type": "Feature", "geometry": {"type": "Point", "coordinates": [11.4321133333, 46.5626]}, "properties": {"species": "gallinaccio", "label": "Gallinaccio", "scientificName": "Cantharellus cibarius", "year": 2018, "eventDate": "2018-08-01", "source": "inaturalist"}}, {"type": "Feature", "geometry": {"type": "Point", "coordinates": [12.2961083333, 46.717305]}, "properties": {"species": "gallinaccio", "label": "Gallinaccio", "scientificName": "Cantharellus cibarius", "year": 2018, "eventDate": "2018-07-07", "source": "inaturalist"}}, {"type": "Feature", "geometry": {"type": "Point", "coordinates": [10.1764335203, 46.0123463535]}, "properties": {"species": "gallinaccio", "label": "Gallinaccio", "scientificName": "Cantharellus cibarius", "year": 2016, "eventDate": "2016-09-10", "source": "inaturalist"}}, {"type": "Feature", "geometry": {"type": "Point", "coordinates": [11.3060993201, 46.8517410092]}, "properties": {"species": "gallinaccio", "label": "Gallinaccio", "scientificName": "Cantharellus cibarius", "year": 2016, "eventDate": "2016-08-31", "source": "inaturalist"}}, {"type": "Feature", "geometry": {"type": "Point", "coordinates": [8.6379261, 40.1946995]}, "properties": {"species": "gallinaccio", "label": "Gallinaccio", "scientificName": "Cantharellus cibarius", "year": 2016, "eventDate": "2016-05-11", "source": "inaturalist"}}, {"type": "Feature", "geometry": {"type": "Point", "coordinates": [15.0416617775, 37.9715243107]}, "properties": {"species": "gallinaccio", "label": "Gallinaccio", "scientificName": "Cantharellus cibarius", "year": 2015, "eventDate": "2015-10-18", "source": "inaturalist"}}, {"type": "Feature", "geometry": {"type": "Point", "coordinates": [11.8211415651, 45.8504557935]}, "properties": {"species": "gallinaccio", "label": "Gallinaccio", "scientificName": "Cantharellus cibarius", "year": 2013, "eventDate": "2013-11-27", "source": "inaturalist"}}, {"type": "Feature", "geometry": {"type": "Point", "coordinates": [9.077, 40.858]}, "properties": {"species": "gallinaccio", "label": "Gallinaccio", "scientificName": "Cantharellus cibarius", "year": 2013, "eventDate": "2013-11-08", "source": "inaturalist"}}, {"type": "Feature", "geometry": {"type": "Point", "coordinates": [7.9183603004, 45.5775163171]}, "properties": {"species": "gallinaccio", "label": "Gallinaccio", "scientificName": "Cantharellus cibarius", "year": 2011, "eventDate": "2011-07-22", "source": "inaturalist"}}, {"type": "Feature", "geometry": {"type": "Point", "coordinates": [7.9, 45.5833333]}, "properties": {"species": "gallinaccio", "label": "Gallinaccio", "scientificName": "Cantharellus cibarius", "year": 2011, "eventDate": "2011-07-22", "source": "inaturalist"}}, {"type": "Feature", "geometry": {"type": "Point", "coordinates": [10.408037, 43.5222436]}, "properties": {"species": "gallinaccio", "label": "Gallinaccio", "scientificName": "Cantharellus cibarius", "year": 2008, "eventDate": "2008-06-17", "source": "inaturalist"}}, {"type": "Feature", "geometry": {"type": "Point", "coordinates": [10.6856367, 46.4936667]}, "properties": {"species": "gallinaccio", "label": "Gallinaccio", "scientificName": "Cantharellus cibarius", "year": 2006, "eventDate": "2006-08-21", "source": "inaturalist"}}, {"type": "Feature", "geometry": {"type": "Point", "coordinates": [11.205432114, 46.0292140358]}, "properties": {"species": "gallinaccio", "label": "Gallinaccio", "scientificName": "Cantharellus cibarius", "year": 2005, "eventDate": "2005-06-18", "source": "inaturalist"}}]}