{"type": "FeatureCollection", "generated_at": "2026-10-05T12:29:08", "grid_step_deg": 0.3, "features": [{"type": "Feature", "geometry": {"type": "Point", "coordinates": [11.9, 36.6]}, "properties": {"lat": 36.6, "lon": 11.9, "rain_source": "modello", "rain_gauge_count": 0, "rain_gauge_km": null, "elevation_m": null, "veg_class": "none", "vegetation_score": 0.1, "habitat_score": 0.06, "last_rain_date": "2026-09-20", "days_since_rain": 15, "rain_7d_mm": 0.0, "et0_7d_mm": 27.6, "humidity_pct": 68, "humidity_min_pct": 54, "soil_moisture": 0.0, "soil_moisture_deep": 0.0, "soil_temp_c": 25.7, "weather_score": 0.096, "daily_dates": ["2026-09-19", "2026-09-20", "2026-09-21", "2026-09-22", "2026-09-23", "2026-09-24", "2026-09-25", "2026-09-26", "2026-09-27", "2026-09-28", "2026-09-29", "2026-09-30", "2026-10-01", "2026-10-02", "2026-10-03", "2026-10-04", "2026-10-05"], "daily_precip_mm": [19.4, 5.5, 0.7, 0.2, 0.0, 0.0, 0.0, 0.0, 0.0, 0.0, 0.0, 0.0, 0.0, 0.0, 0.0, 0.0, 0.0], "daily_temp_mean_c": [25.3, 24.5, 24.9, 25.6, 25.0, 25.0, 25.2, 25.3, 24.2, 24.8, 25.0, 24.6, 24.5, 24.7, 25.0, 24.7, 24.8], "daily_et0_mm": [1.8, 3.4, 3.3, 4.3, 3.7, 4.0, 4.2, 5.2, 5.3, 4.5, 3.9, 3.5, 3.7, 3.5, 4.1, 4.5, 4.3]}}, {"type": "Feature", "geometry": {"type": "Point", "coordinates": [14.9, 36.6]}, "properties": {"lat": 36.6, "lon": 14.9, "rain_source": "modello", "rain_gauge_count": 0, "rain_gauge_km": null, "elevation_m": null, "veg_class": "none", "vegetation_score": 0.1, "habitat_score": 0.06, "last_rain_date": "2026-09-29", "days_since_rain": 6, "rain_7d_mm": 2.1, "et0_7d_mm": 30.5, "humidity_pct": 64, "humidity_min_pct": 53, "soil_moisture": 0.0, "soil_moisture_deep": 0.0, "soil_temp_c": 26.4, "weather_score": 0.283, "daily_dates": ["2026-09-19", "2026-09-20", "2026-09-21", "2026-09-22", "2026-09-23", "2026-09-24", "2026-09-25", "2026-09-26", "2026-09-27", "2026-09-28", "2026-09-29", "2026-09-30", "2026-10-01", "2026-10-02", "2026-10-03", "2026-10-04", "2026-10-05"], "daily_precip_mm": [12.0, 0.0, 0.2, 0.2, 1.6, 0.2, 13.0, 2.0, 0.0, 0.0, 1.4, 0.0, 0.0, 0.0, 0.7, 0.0, 0.0], "daily_temp_mean_c": [25.9, 25.5, 25.8, 25.8, 24.8, 24.7, 24.1, 22.9, 23.9, 24.0, 24.0, 24.3, 23.9, 24.2, 23.8, 24.0, 23.9], "daily_et0_mm": [2.5, 3.3, 4.3, 4.3, 4.9, 4.3, 3.6, 3.9, 5.2, 4.6, 3.8, 4.7, 4.7, 4.9, 4.1, 4.1, 4.1]}}, {"type": "Feature", "geometry": {"type": "Point", "coordinates": [14.6, 36.9]}, "properties": {"lat": 36.9, "lon": 14.6, "rain_source": "modello", "rain_gauge_count": 0, "rain_gauge_km": null, "elevation_m": 433.0, "veg_class": "none", "vegetation_score": 0.1, "habitat_score": 0.1, "last_rain_date": "2026-10-03", "days_since_rain": 2, "rain_7d_mm": 1.5, "et0_7d_mm": 23.3, "humidity_pct": 93, "humidity_min_pct": 45, "soil_moisture": 0.159, "soil_moisture_deep": 0.181, "soil_temp_c": 20.2, "weather_score": 0.617, "daily_dates": ["2026-09-19", "2026-09-20", "2026-09-21", "2026-09-22", "2026-09-23", "2026-09-24", "2026-09-25", "2026-09-26", "2026-09-27", "2026-09-28", "2026-09-29", "2026-09-30", "2026-10-01", "2026-10-02", "2026-10-03", "2026-10-04", "2026-10-05"], "daily_precip_mm": [11.6, 0.5, 0.5, 0.0, 0.8, 0.0, 10.2, 1.5, 0.0, 0.0, 0.4, 0.0, 0.0, 0.0, 1.0, 0.0, 0.0], "daily_temp_mean_c": [22.1, 22.3, 23.1, 23.5, 23.2, 21.4, 20.7, 20.9, 19.6, 20.2, 20.5, 20.8, 19.9, 20.5, 20.2, 19.8, 19.8], "daily_et0_mm": [1.7, 2.6, 4.1, 4.2, 3.4, 4.0, 2.8, 3.6, 3.9, 3.7, 3.2, 3.2, 3.6, 3.6, 2.9, 3.3, 3.4]}}, {"type": "Feature", "geometry": {"type": "Point", "coordinates": [14.9, 36.9]}, "properties": {"lat": 36.9, "lon": 14.9, "rain_source": "modello", "rain_gauge_count": 0, "rain_gauge_km": null, "elevation_m": 304.0, "veg_class": "none", "vegetation_score": 0.1, "habitat_score": 0.1, "last_rain_date": "2026-10-03", "days_since_rain": 2, "rain_7d_mm": 2.0, "et0_7d_mm": 22.0, "humidity_pct": 89, "humidity_min_pct": 35, "soil_moisture": 0.115, "soil_moisture_deep": 0.139, "soil_temp_c": 17.5, "weather_score": 0.571, "daily_dates": ["2026-09-19", "2026-09-20", "2026-09-21", "2026-09-22", "2026-09-23", "2026-09-24", "2026-09-25", "2026-09-26", "2026-09-27", "2026-09-28", "2026-09-29", "2026-09-30", "2026-10-01", "2026-10-02", "2026-10-03", "2026-10-04", "2026-10-05"], "daily_precip_mm": [3.3, 2.0, 0.3, 2.5, 0.2, 0.0, 6.3, 0.9, 0.0, 0.0, 0.6, 0.0, 0.1, 0.0, 1.2, 0.0, 0.1], "daily_temp_mean_c": [21.6, 21.5, 21.6, 21.9, 19.9, 19.5, 19.8, 18.8, 18.8, 18.8, 18.5, 18.6, 18.5, 18.8, 18.0, 18.2, 18.4], "daily_et0_mm": [2.2, 2.7, 3.1, 3.4, 2.9, 3.4, 3.1, 3.1, 3.6, 3.4, 2.7, 3.3, 3.5, 3.6, 2.8, 3.2, 2.9]}}, {"type": "Feature", "geometry": {"type": "Point", "coordinates": [13.7, 37.2]}, "properties": {"lat": 37.2, "lon": 13.7, "rain_source": "modello", "rain_gauge_count": 0, "rain_gauge_km": null, "elevation_m": null, "veg_class": "none", "vegetation_score": 0.1, "habitat_score": 0.06, "last_rain_date": "2026-09-19", "days_since_rain": 16, "rain_7d_mm": 0.8, "et0_7d_mm": 25.8, "humidity_pct": 70, "humidity_min_pct": 62, "soil_moisture": 0.0, "soil_moisture_deep": 0.0, "soil_temp_c": 25.6, "weather_score": 0.108, "daily_dates": ["2026-09-19", "2026-09-20", "2026-09-21", "2026-09-22", "2026-09-23", "2026-09-24", "2026-09-25", "2026-09-26", "2026-09-27", "2026-09-28", "2026-09-29", "2026-09-30", "2026-10-01", "2026-10-02", "2026-10-03", "2026-10-04", "2026-10-05"], "daily_precip_mm": [25.9, 0.2, 0.3, 0.2, 0.7, 0.0, 0.4, 0.3, 0.0, 0.0, 0.2, 0.0, 0.4, 0.0, 0.2, 0.1, 0.0], "daily_temp_mean_c": [24.8, 25.0, 25.5, 25.6, 24.7, 23.9, 23.9, 23.5, 23.3, 23.7, 23.9, 22.8, 23.6, 23.9, 23.4, 23.3, 23.1], "daily_et0_mm": [1.6, 3.0, 4.1, 4.4, 4.3, 3.9, 3.3, 4.1, 4.6, 4.0, 3.7, 3.5, 3.9, 4.0, 3.3, 3.6, 3.8]}}, {"type": "Feature", "geometry": {"type": "Point", "coordinates": [14.0, 37.2]}, "properties": {"lat": 37.2, "lon": 14.0, "rain_source": "modello", "rain_gauge_count": 0, "rain_gauge_km": null, "elevation_m": 65.0, "veg_class": "none", "vegetation_score": 0.1, "habitat_score": 0.1, "last_rain_date": "2026-09-25", "days_since_rain": 10, "rain_7d_mm": 0.4, "et0_7d_mm": 25.8, "humidity_pct": 70, "humidity_min_pct": 62, "soil_moisture": 0.0, "soil_moisture_deep": 0.0, "soil_temp_c": 25.6, "weather_score": 0.205, "daily_dates": ["2026-09-19", "2026-09-20", "2026-09-21", "2026-09-22", "2026-09-23", "2026-09-24", "2026-09-25", "2026-09-26", "2026-09-27", "2026-09-28", "2026-09-29", "2026-09-30", "2026-10-01", "2026-10-02", "2026-10-03", "2026-10-04", "2026-10-05"], "daily_precip_mm": [20.1, 0.2, 0.2, 0.0, 0.7, 0.0, 2.1, 0.2, 0.0, 0.0, 0.2, 0.0, 0.0, 0.0, 0.0, 0.2, 0.0], "daily_temp_mean_c": [24.8, 25.0, 25.5, 25.6, 24.7, 23.9, 23.9, 23.5, 23.3, 23.7, 23.9, 22.8, 23.6, 23.9, 23.4, 23.3, 23.1], "daily_et0_mm": [1.6, 3.0, 4.1, 4.4, 4.3, 3.9, 3.3, 4.1, 4.6, 4.0, 3.7, 3.5, 3.9, 4.0, 3.3, 3.6, 3.8]}}, {"type": "Feature", "geometry": {"type": "Point", "coordinates": [14.3, 37.2]}, "properties": {"lat": 37.2, "lon": 14.3, "rain_source": "modello", "rain_gauge_count": 0, "rain_gauge_km": null, "elevation_m": null, "veg_class": "broadleaf", "vegetation_score": 1.0, "habitat_score": 0.6, "last_rain_date": "2026-09-29", "days_since_rain": 6, "rain_7d_mm": 3.6, "et0_7d_mm": 23.3, "humidity_pct": 93, "humidity_min_pct": 45, "soil_moisture": 0.159, "soil_moisture_deep": 0.181, "soil_temp_c": 20.2, "weather_score": 0.435, "daily_dates": ["2026-09-19", "2026-09-20", "2026-09-21", "2026-09-22", "2026-09-23", "2026-09-24", "2026-09-25", "2026-09-26", "2026-09-27", "2026-09-28", "2026-09-29", "2026-09-30", "2026-10-01", "2026-10-02", "2026-10-03", "2026-10-04", "2026-10-05"], "daily_precip_mm": [19.0, 0.0, 0.3, 0.0, 1.5, 0.0, 3.2, 0.0, 0.0, 0.0, 2.1, 0.8, 0.1, 0.0, 0.5, 0.0, 0.0], "daily_temp_mean_c": [22.1, 22.3, 23.1, 23.5, 23.2, 21.4, 20.7, 20.9, 19.6, 20.2, 20.5, 20.8, 19.9, 20.5, 20.2, 19.8, 19.8], "daily_et0_mm": [1.7, 2.6, 4.1, 4.2, 3.4, 4.0, 2.8, 3.6, 3.9, 3.7, 3.2, 3.2, 3.6, 3.6, 2.9, 3.3, 3.4]}}, {"type": "Feature", "geometry": {"type": "Point", "coordinates": [14.6, 37.2]}, "properties": {"lat": 37.2, "lon": 14.6, "rain_source": "modello", "rain_gauge_count": 0, "rain_gauge_km": null, "elevation_m": 432.0, "veg_class": "none", "vegetation_score": 0.1, "habitat_score": 0.1, "last_rain_date": "2026-09-25", "days_since_rain": 10, "rain_7d_mm": 1.0, "et0_7d_mm": 23.3, "humidity_pct": 93, "humidity_min_pct": 45, "soil_moisture": 0.159, "soil_moisture_deep": 0.181, "soil_temp_c": 20.2, "weather_score": 0.333, "daily_dates": ["2026-09-19", "2026-09-20", "2026-09-21", "2026-09-22", "2026-09-23", "2026-09-24", "2026-09-25", "2026-09-26", "2026-09-27", "2026-09-28", "2026-09-29", "2026-09-30", "2026-10-01", "2026-10-02", "2026-10-03", "2026-10-04", "2026-10-05"], "daily_precip_mm": [9.7, 1.3, 0.4, 2.2, 0.2, 0.0, 6.2, 0.2, 0.0, 0.0, 0.4, 0.0, 0.0, 0.0, 0.5, 0.0, 0.0], "daily_temp_mean_c": [22.1, 22.3, 23.1, 23.5, 23.2, 21.4, 20.7, 20.9, 19.6, 20.2, 20.5, 20.8, 19.9, 20.5, 20.2, 19.8, 19.8], "daily_et0_mm": [1.7, 2.6, 4.1, 4.2, 3.4, 4.0, 2.8, 3.6, 3.9, 3.7, 3.2, 3.2, 3.6, 3.6, 2.9, 3.3, 3.4]}}, {"type": "Feature", "geometry": {"type": "Point", "coordinates": [14.9, 37.2]}, "properties": {"lat": 37.2, "lon": 14.9, "rain_source": "modello", "rain_gauge_count": 0, "rain_gauge_km": null, "elevation_m": null, "veg_class": "broadleaf", "vegetation_score": 1.0, "habitat_score": 0.6, "last_rain_date": "2026-09-26", "days_since_rain": 9, "rain_7d_mm": 0.0, "et0_7d_mm": 22.0, "humidity_pct": 89, "humidity_min_pct": 35, "soil_moisture": 0.115, "soil_moisture_deep": 0.139, "soil_temp_c": 17.5, "weather_score": 0.275, "daily_dates": ["2026-09-19", "2026-09-20", "2026-09-21", "2026-09-22", "2026-09-23", "2026-09-24", "2026-09-25", "2026-09-26", "2026-09-27", "2026-09-28", "2026-09-29", "2026-09-30", "2026-10-01", "2026-10-02", "2026-10-03", "2026-10-04", "2026-10-05"], "daily_precip_mm": [5.1, 2.0, 0.0, 4.7, 0.3, 0.0, 4.7, 2.7, 0.0, 0.0, 0.0, 0.0, 0.0, 0.0, 0.0, 0.0, 0.0], "daily_temp_mean_c": [21.6, 21.5, 21.6, 21.9, 19.9, 19.5, 19.8, 18.8, 18.8, 18.8, 18.5, 18.6, 18.5, 18.8, 18.0, 18.2, 18.4], "daily_et0_mm": [2.2, 2.7, 3.1, 3.4, 2.9, 3.4, 3.1, 3.1, 3.6, 3.4, 2.7, 3.3, 3.5, 3.6, 2.8, 3.2, 2.9]}}, {"type": "Feature", "geometry": {"type": "Point", "coordinates": [15.5, 37.2]}, "properties": {"lat": 37.2, "lon": 15.5, "rain_source": "modello", "rain_gauge_count": 0, "rain_gauge_km": null, "elevation_m": null, "veg_class": "none", "vegetation_score": 0.1, "habitat_score": 0.06, "last_rain_date": "2026-09-26", "days_since_rain": 9, "rain_7d_mm": 0.1, "et0_7d_mm": 30.6, "humidity_pct": 67, "humidity_min_pct": 49, "soil_moisture": 0.0, "soil_moisture_deep": 0.0, "soil_temp_c": 25.9, "weather_score": 0.195, "daily_dates": ["2026-09-19", "2026-09-20", "2026-09-21", "2026-09-22", "2026-09-23", "2026-09-24", "2026-09-25", "2026-09-26", "2026-09-27", "2026-09-28", "2026-09-29", "2026-09-30", "2026-10-01", "2026-10-02", "2026-10-03", "2026-10-04", "2026-10-05"], "daily_precip_mm": [1.8, 0.2, 0.0, 0.6, 0.7, 0.0, 0.8, 4.0, 0.0, 0.0, 0.0, 0.0, 0.0, 0.0, 0.1, 0.0, 0.0], "daily_temp_mean_c": [26.5, 26.1, 25.7, 25.6, 24.4, 24.3, 24.7, 22.9, 23.9, 23.8, 23.9, 24.4, 23.6, 24.5, 23.6, 23.8, 23.5], "daily_et0_mm": [3.0, 3.3, 4.2, 4.4, 5.1, 4.3, 4.0, 4.2, 5.5, 4.5, 3.8, 5.1, 4.8, 5.1, 4.0, 4.0, 3.7]}}, {"type": "Feature", "geometry": {"type": "Point", "coordinates": [13.4, 37.5]}, "properties": {"lat": 37.5, "lon": 13.4, "rain_source": "modello", "rain_gauge_count": 0, "rain_gauge_km": null, "elevation_m": 199.0, "veg_class": "none", "vegetation_score": 0.1, "habitat_score": 0.1, "last_rain_date": "2026-09-25", "days_since_rain": 10, "rain_7d_mm": 0.2, "et0_7d_mm": 23.2, "humidity_pct": 94, "humidity_min_pct": 38, "soil_moisture": 0.196, "soil_moisture_deep": 0.224, "soil_temp_c": 20.3, "weather_score": 0.365, "daily_dates": ["2026-09-19", "2026-09-20", "2026-09-21", "2026-09-22", "2026-09-23", "2026-09-24", "2026-09-25", "2026-09-26", "2026-09-27", "2026-09-28", "2026-09-29", "2026-09-30", "2026-10-01", "2026-10-02", "2026-10-03", "2026-10-04", "2026-10-05"], "daily_precip_mm": [17.0, 1.2, 0.4, 0.0, 0.5, 0.0, 1.8, 0.0, 0.0, 0.0, 0.2, 0.0, 0.0, 0.0, 0.0, 0.0, 0.0], "daily_temp_mean_c": [22.3, 22.9, 23.5, 23.6, 21.9, 20.0, 20.6, 21.1, 20.4, 20.6, 20.7, 21.2, 20.8, 20.7, 20.2, 19.8, 19.6], "daily_et0_mm": [1.4, 3.4, 3.6, 4.1, 3.1, 3.9, 2.7, 4.3, 3.6, 3.3, 3.2, 3.5, 3.3, 3.4, 3.1, 3.2, 3.4]}}, {"type": "Feature", "geometry": {"type": "Point", "coordinates": [13.7, 37.5]}, "properties": {"lat": 37.5, "lon": 13.7, "rain_source": "modello", "rain_gauge_count": 0, "rain_gauge_km": null, "elevation_m": 283.0, "veg_class": "none", "vegetation_score": 0.1, "habitat_score": 0.1, "last_rain_date": "2026-09-25", "days_since_rain": 10, "rain_7d_mm": 0.0, "et0_7d_mm": 23.2, "humidity_pct": 94, "humidity_min_pct": 38, "soil_moisture": 0.196, "soil_moisture_deep": 0.224, "soil_temp_c": 20.3, "weather_score": 0.363, "daily_dates": ["2026-09-19", "2026-09-20", "2026-09-21", "2026-09-22", "2026-09-23", "2026-09-24", "2026-09-25", "2026-09-26", "2026-09-27", "2026-09-28", "2026-09-29", "2026-09-30", "2026-10-01", "2026-10-02", "2026-10-03", "2026-10-04", "2026-10-05"], "daily_precip_mm": [6.3, 1.4, 0.3, 0.0, 0.4, 0.0, 2.6, 0.0, 0.0, 0.0, 0.0, 0.0, 0.0, 0.0, 0.0, 0.0, 0.0], "daily_temp_mean_c": [22.3, 22.9, 23.5, 23.6, 21.9, 20.0, 20.6, 21.1, 20.4, 20.6, 20.7, 21.2, 20.8, 20.7, 20.2, 19.8, 19.6], "daily_et0_mm": [1.4, 3.4, 3.6, 4.1, 3.1, 3.9, 2.7, 4.3, 3.6, 3.3, 3.2, 3.5, 3.3, 3.4, 3.1, 3.2, 3.4]}}, {"type": "Feature", "geometry": {"type": "Point", "coordinates": [14.0, 37.5]}, "properties": {"lat": 37.5, "lon": 14.0, "rain_source": "modello", "rain_gauge_count": 0, "rain_gauge_km": null, "elevation_m": 555.0, "veg_class": "none", "vegetation_score": 0.1, "habitat_score": 0.1, "last_rain_date": "2026-09-25", "days_since_rain": 10, "rain_7d_mm": 0.0, "et0_7d_mm": 25.0, "humidity_pct": 90, "humidity_min_pct": 32, "soil_moisture": 0.184, "soil_moisture_deep": 0.2, "soil_temp_c": 19.0, "weather_score": 0.338, "daily_dates": ["2026-09-19", "2026-09-20", "2026-09-21", "2026-09-22", "2026-09-23", "2026-09-24", "2026-09-25", "2026-09-26", "2026-09-27", "2026-09-28", "2026-09-29", "2026-09-30", "2026-10-01", "2026-10-02", "2026-10-03", "2026-10-04", "2026-10-05"], "daily_precip_mm": [10.9, 1.5, 0.4, 0.0, 0.4, 0.0, 1.8, 0.0, 0.0, 0.0, 0.0, 0.0, 0.0, 0.0, 0.0, 0.0, 0.0], "daily_temp_mean_c": [20.3, 21.2, 21.6, 21.4, 21.0, 19.4, 18.5, 19.1, 18.2, 19.5, 19.9, 19.5, 19.2, 19.3, 19.3, 19.5, 18.0], "daily_et0_mm": [1.6, 3.1, 3.3, 4.0, 3.7, 4.2, 2.7, 3.8, 3.7, 3.5, 3.5, 3.7, 3.7, 3.5, 3.3, 3.5, 3.7]}}, {"type": "Feature", "geometry": {"type": "Point", "coordinates": [14.3, 37.5]}, "properties": {"lat": 37.5, "lon": 14.3, "rain_source": "modello", "rain_gauge_count": 0, "rain_gauge_km": null, "elevation_m": 803.0, "veg_class": "none", "vegetation_score": 0.1, "habitat_score": 0.1, "last_rain_date": "2026-09-25", "days_since_rain": 10, "rain_7d_mm": 0.3, "et0_7d_mm": 25.3, "humidity_pct": 81, "humidity_min_pct": 23, "soil_moisture": 0.178, "soil_moisture_deep": 0.199, "soil_temp_c": 20.5, "weather_score": 0.312, "daily_dates": ["2026-09-19", "2026-09-20", "2026-09-21", "2026-09-22", "2026-09-23", "2026-09-24", "2026-09-25", "2026-09-26", "2026-09-27", "2026-09-28", "2026-09-29", "2026-09-30", "2026-10-01", "2026-10-02", "2026-10-03", "2026-10-04", "2026-10-05"], "daily_precip_mm": [7.5, 1.7, 1.2, 0.0, 0.4, 0.0, 1.9, 0.0, 0.0, 0.0, 0.0, 0.0, 0.0, 0.0, 0.3, 0.0, 0.0], "daily_temp_mean_c": [22.0, 22.1, 22.6, 22.6, 21.4, 19.8, 19.9, 20.2, 19.3, 20.0, 20.7, 20.1, 19.5, 20.1, 19.7, 20.3, 19.7], "daily_et0_mm": [1.9, 3.2, 3.4, 4.0, 3.3, 4.0, 3.3, 3.9, 3.9, 3.8, 3.8, 3.6, 3.8, 3.7, 3.6, 3.2, 3.7]}}, {"type": "Feature", "geometry": {"type": "Point", "coordinates": [14.6, 37.5]}, "properties": {"lat": 37.5, "lon": 14.6, "rain_source": "modello", "rain_gauge_count": 0, "rain_gauge_km": null, "elevation_m": 415.0, "veg_class": "none", "vegetation_score": 0.1, "habitat_score": 0.1, "last_rain_date": "2026-09-25", "days_since_rain": 10, "rain_7d_mm": 0.0, "et0_7d_mm": 25.3, "humidity_pct": 81, "humidity_min_pct": 23, "soil_moisture": 0.178, "soil_moisture_deep": 0.199, "soil_temp_c": 20.5, "weather_score": 0.309, "daily_dates": ["2026-09-19", "2026-09-20", "2026-09-21", "2026-09-22", "2026-09-23", "2026-09-24", "2026-09-25", "2026-09-26", "2026-09-27", "2026-09-28", "2026-09-29", "2026-09-30", "2026-10-01", "2026-10-02", "2026-10-03", "2026-10-04", "2026-10-05"], "daily_precip_mm": [4.1, 1.0, 0.5, 0.9, 0.4, 0.0, 1.2, 0.0, 0.0, 0.0, 0.0, 0.0, 0.0, 0.0, 0.0, 0.0, 0.0], "daily_temp_mean_c": [22.0, 22.1, 22.6, 22.6, 21.4, 19.8, 19.9, 20.2, 19.3, 20.0, 20.7, 20.1, 19.5, 20.1, 19.7, 20.3, 19.7], "daily_et0_mm": [1.9, 3.2, 3.4, 4.0, 3.3, 4.0, 3.3, 3.9, 3.9, 3.8, 3.8, 3.6, 3.8, 3.7, 3.6, 3.2, 3.7]}}, {"type": "Feature", "geometry": {"type": "Point", "coordinates": [14.9, 37.5]}, "properties": {"lat": 37.5, "lon": 14.9, "rain_source": "modello", "rain_gauge_count": 0, "rain_gauge_km": null, "elevation_m": 84.0, "veg_class": "none", "vegetation_score": 0.1, "habitat_score": 0.1, "last_rain_date": "2026-09-26", "days_since_rain": 9, "rain_7d_mm": 0.0, "et0_7d_mm": 24.5, "humidity_pct": 66, "humidity_min_pct": 39, "soil_moisture": 0.199, "soil_moisture_deep": 0.212, "soil_temp_c": 20.6, "weather_score": 0.285, "daily_dates": ["2026-09-19", "2026-09-20", "2026-09-21", "2026-09-22", "2026-09-23", "2026-09-24", "2026-09-25", "2026-09-26", "2026-09-27", "2026-09-28", "2026-09-29", "2026-09-30", "2026-10-01", "2026-10-02", "2026-10-03", "2026-10-04", "2026-10-05"], "daily_precip_mm": [1.8, 0.2, 0.2, 1.2, 0.2, 0.0, 0.3, 2.7, 0.0, 0.0, 0.0, 0.0, 0.0, 0.0, 0.0, 0.0, 0.0], "daily_temp_mean_c": [23.8, 23.4, 24.1, 23.5, 22.2, 21.0, 21.7, 20.8, 19.9, 20.8, 21.3, 20.6, 20.1, 20.4, 20.3, 20.3, 20.6], "daily_et0_mm": [2.5, 3.1, 3.8, 4.1, 3.1, 3.8, 3.3, 3.4, 3.4, 3.6, 3.5, 3.3, 3.6, 3.5, 3.3, 3.4, 3.7]}}, {"type": "Feature", "geometry": {"type": "Point", "coordinates": [12.5, 37.8]}, "properties": {"lat": 37.8, "lon": 12.5, "rain_source": "modello", "rain_gauge_count": 0, "rain_gauge_km": null, "elevation_m": 94.0, "veg_class": "none", "vegetation_score": 0.1, "habitat_score": 0.1, "last_rain_date": "2026-09-21", "days_since_rain": 14, "rain_7d_mm": 0.0, "et0_7d_mm": 24.6, "humidity_pct": 89, "humidity_min_pct": 47, "soil_moisture": 0.136, "soil_moisture_deep": 0.163, "soil_temp_c": 21.9, "weather_score": 0.235, "daily_dates": ["2026-09-19", "2026-09-20", "2026-09-21", "2026-09-22", "2026-09-23", "2026-09-24", "2026-09-25", "2026-09-26", "2026-09-27", "2026-09-28", "2026-09-29", "2026-09-30", "2026-10-01", "2026-10-02", "2026-10-03", "2026-10-04", "2026-10-05"], "daily_precip_mm": [3.0, 3.0, 1.7, 0.0, 0.2, 0.0, 0.2, 0.0, 0.0, 0.0, 0.0, 0.0, 0.0, 0.0, 0.0, 0.0, 0.0], "daily_temp_mean_c": [24.2, 23.6, 24.4, 24.8, 23.5, 21.9, 22.3, 23.4, 21.9, 22.0, 22.1, 22.0, 21.5, 21.3, 21.3, 21.2, 21.2], "daily_et0_mm": [2.2, 3.4, 3.8, 4.0, 3.7, 4.2, 3.0, 4.8, 4.4, 3.5, 3.5, 4.2, 3.7, 3.5, 3.3, 3.2, 3.2]}}, {"type": "Feature", "geometry": {"type": "Point", "coordinates": [12.8, 37.8]}, "properties": {"lat": 37.8, "lon": 12.8, "rain_source": "modello", "rain_gauge_count": 0, "rain_gauge_km": null, "elevation_m": 194.0, "veg_class": "none", "vegetation_score": 0.1, "habitat_score": 0.1, "last_rain_date": "2026-09-21", "days_since_rain": 14, "rain_7d_mm": 1.0, "et0_7d_mm": 26.4, "humidity_pct": 81, "humidity_min_pct": 40, "soil_moisture": 0.132, "soil_moisture_deep": 0.173, "soil_temp_c": 19.1, "weather_score": 0.222, "daily_dates": ["2026-09-19", "2026-09-20", "2026-09-21", "2026-09-22", "2026-09-23", "2026-09-24", "2026-09-25", "2026-09-26", "2026-09-27", "2026-09-28", "2026-09-29", "2026-09-30", "2026-10-01", "2026-10-02", "2026-10-03", "2026-10-04", "2026-10-05"], "daily_precip_mm": [12.1, 7.8, 1.2, 0.0, 0.4, 0.0, 0.9, 0.0, 0.0, 0.0, 0.3, 0.0, 0.2, 0.2, 0.1, 0.1, 0.0], "daily_temp_mean_c": [23.3, 21.7, 22.6, 22.8, 21.9, 19.3, 20.6, 21.6, 19.6, 19.6, 20.1, 19.9, 19.4, 19.4, 19.2, 19.1, 19.0], "daily_et0_mm": [2.4, 3.2, 3.4, 3.9, 4.0, 4.0, 3.0, 4.3, 3.9, 3.7, 3.8, 4.1, 3.7, 3.7, 3.8, 3.6, 3.7]}}, {"type": "Feature", "geometry": {"type": "Point", "coordinates": [13.1, 37.8]}, "properties": {"lat": 37.8, "lon": 13.1, "rain_source": "modello", "rain_gauge_count": 0, "rain_gauge_km": null, "elevation_m": 193.0, "veg_class": "none", "vegetation_score": 0.1, "habitat_score": 0.1, "last_rain_date": "2026-09-25", "days_since_rain": 10, "rain_7d_mm": 0.3, "et0_7d_mm": 26.4, "humidity_pct": 81, "humidity_min_pct": 40, "soil_moisture": 0.132, "soil_moisture_deep": 0.173, "soil_temp_c": 19.1, "weather_score": 0.276, "daily_dates": ["2026-09-19", "2026-09-20", "2026-09-21", "2026-09-22", "2026-09-23", "2026-09-24", "2026-09-25", "2026-09-26", "2026-09-27", "2026-09-28", "2026-09-29", "2026-09-30", "2026-10-01", "2026-10-02", "2026-10-03", "2026-10-04", "2026-10-05"], "daily_precip_mm": [7.5, 6.7, 1.3, 0.0, 0.1, 0.0, 1.0, 0.0, 0.0, 0.0, 0.0, 0.0, 0.2, 0.0, 0.0, 0.0, 0.1], "daily_temp_mean_c": [23.3, 21.7, 22.6, 22.8, 21.9, 19.3, 20.6, 21.6, 19.6, 19.6, 20.1, 19.9, 19.4, 19.4, 19.2, 19.1, 19.0], "daily_et0_mm": [2.4, 3.2, 3.4, 3.9, 4.0, 4.0, 3.0, 4.3, 3.9, 3.7, 3.8, 4.1, 3.7, 3.7, 3.8, 3.6, 3.7]}}, {"type": "Feature", "geometry": {"type": "Point", "coordinates": [13.4, 37.8]}, "properties": {"lat": 37.8, "lon": 13.4, "rain_source": "modello", "rain_gauge_count": 0, "rain_gauge_km": null, "elevation_m": 714.0, "veg_class": "none", "vegetation_score": 0.1, "habitat_score": 0.1, "last_rain_date": "2026-09-25", "days_since_rain": 10, "rain_7d_mm": 0.0, "et0_7d_mm": 27.6, "humidity_pct": 76, "humidity_min_pct": 37, "soil_moisture": 0.202, "soil_moisture_deep": 0.244, "soil_temp_c": 20.6, "weather_score": 0.324, "daily_dates": ["2026-09-19", "2026-09-20", "2026-09-21", "2026-09-22", "2026-09-23", "2026-09-24", "2026-09-25", "2026-09-26", "2026-09-27", "2026-09-28", "2026-09-29", "2026-09-30", "2026-10-01", "2026-10-02", "2026-10-03", "2026-10-04", "2026-10-05"], "daily_precip_mm": [10.4, 10.4, 0.8, 0.1, 0.5, 0.0, 2.0, 0.0, 0.0, 0.0, 0.0, 0.0, 0.0, 0.0, 0.0, 0.0, 0.0], "daily_temp_mean_c": [23.6, 22.2, 22.6, 22.6, 21.8, 20.4, 21.4, 20.7, 20.6, 20.5, 20.9, 21.0, 20.8, 20.8, 20.3, 20.1, 19.8], "daily_et0_mm": [2.0, 2.7, 3.3, 3.4, 3.6, 4.3, 2.9, 3.5, 3.6, 3.7, 3.7, 4.2, 4.0, 4.1, 3.9, 3.8, 3.9]}}, {"type": "Feature", "geometry": {"type": "Point", "coordinates": [13.7, 37.8]}, "properties": {"lat": 37.8, "lon": 13.7, "rain_source": "modello", "rain_gauge_count": 0, "rain_gauge_km": null, "elevation_m": 729.0, "veg_class": "none", "vegetation_score": 0.1, "habitat_score": 0.1, "last_rain_date": "2026-09-25", "days_since_rain": 10, "rain_7d_mm": 0.0, "et0_7d_mm": 27.6, "humidity_pct": 76, "humidity_min_pct": 37, "soil_moisture": 0.202, "soil_moisture_deep": 0.244, "soil_temp_c": 20.6, "weather_score": 0.324, "daily_dates": ["2026-09-19", "2026-09-20", "2026-09-21", "2026-09-22", "2026-09-23", "2026-09-24", "2026-09-25", "2026-09-26", "2026-09-27", "2026-09-28", "2026-09-29", "2026-09-30", "2026-10-01", "2026-10-02", "2026-10-03", "2026-10-04", "2026-10-05"], "daily_precip_mm": [5.5, 4.9, 0.2, 0.0, 0.3, 0.0, 3.6, 0.0, 0.0, 0.0, 0.0, 0.0, 0.0, 0.0, 0.0, 0.0, 0.0], "daily_temp_mean_c": [23.6, 22.2, 22.6, 22.6, 21.8, 20.4, 21.4, 20.7, 20.6, 20.5, 20.9, 21.0, 20.8, 20.8, 20.3, 20.1, 19.8], "daily_et0_mm": [2.0, 2.7, 3.3, 3.4, 3.6, 4.3, 2.9, 3.5, 3.6, 3.7, 3.7, 4.2, 4.0, 4.1, 3.9, 3.8, 3.9]}}, {"type": "Feature", "geometry": {"type": "Point", "coordinates": [14.0, 37.8]}, "properties": {"lat": 37.8, "lon": 14.0, "rain_source": "modello", "rain_gauge_count": 0, "rain_gauge_km": null, "elevation_m": 646.0, "veg_class": "none", "vegetation_score": 0.1, "habitat_score": 0.1, "last_rain_date": "2026-09-25", "days_since_rain": 10, "rain_7d_mm": 0.0, "et0_7d_mm": 27.4, "humidity_pct": 52, "humidity_min_pct": 40, "soil_moisture": 0.192, "soil_moisture_deep": 0.217, "soil_temp_c": 19.8, "weather_score": 0.244, "daily_dates": ["2026-09-19", "2026-09-20", "2026-09-21", "2026-09-22", "2026-09-23", "2026-09-24", "2026-09-25", "2026-09-26", "2026-09-27", "2026-09-28", "2026-09-29", "2026-09-30", "2026-10-01", "2026-10-02", "2026-10-03", "2026-10-04", "2026-10-05"], "daily_precip_mm": [6.7, 5.0, 1.3, 0.5, 1.9, 0.0, 2.7, 0.2, 0.0, 0.0, 0.0, 0.0, 0.0, 0.0, 0.0, 0.0, 0.0], "daily_temp_mean_c": [22.1, 20.4, 20.8, 20.5, 19.8, 19.0, 19.9, 18.6, 18.8, 18.9, 19.4, 19.5, 19.3, 19.3, 18.9, 18.7, 18.5], "daily_et0_mm": [2.3, 2.3, 2.9, 3.1, 3.3, 4.1, 3.2, 3.5, 3.9, 3.5, 3.5, 4.3, 3.9, 4.0, 3.9, 3.7, 4.0]}}, {"type": "Feature", "geometry": {"type": "Point", "coordinates": [14.3, 37.8]}, "properties": {"lat": 37.8, "lon": 14.3, "rain_source": "modello", "rain_gauge_count": 0, "rain_gauge_km": null, "elevation_m": 717.0, "veg_class": "none", "vegetation_score": 0.1, "habitat_score": 0.1, "last_rain_date": "2026-09-23", "days_since_rain": 12, "rain_7d_mm": 0.0, "et0_7d_mm": 25.3, "humidity_pct": 60, "humidity_min_pct": 44, "soil_moisture": 0.183, "soil_moisture_deep": 0.209, "soil_temp_c": 17.6, "weather_score": 0.198, "daily_dates": ["2026-09-19", "2026-09-20", "2026-09-21", "2026-09-22", "2026-09-23", "2026-09-24", "2026-09-25", "2026-09-26", "2026-09-27", "2026-09-28", "2026-09-29", "2026-09-30", "2026-10-01", "2026-10-02", "2026-10-03", "2026-10-04", "2026-10-05"], "daily_precip_mm": [4.2, 4.2, 1.2, 0.9, 1.9, 0.0, 0.4, 0.2, 0.0, 0.0, 0.0, 0.0, 0.0, 0.0, 0.0, 0.0, 0.0], "daily_temp_mean_c": [21.3, 20.0, 20.0, 19.6, 18.9, 17.9, 18.6, 17.6, 17.5, 17.9, 18.6, 17.8, 17.6, 17.9, 17.9, 18.0, 17.1], "daily_et0_mm": [2.3, 2.3, 2.6, 2.8, 2.9, 3.7, 3.0, 3.5, 3.5, 3.1, 3.2, 3.8, 3.6, 3.7, 3.6, 3.6, 3.9]}}, {"type": "Feature", "geometry": {"type": "Point", "coordinates": [14.6, 37.8]}, "properties": {"lat": 37.8, "lon": 14.6, "rain_source": "modello", "rain_gauge_count": 0, "rain_gauge_km": null, "elevation_m": 835.0, "veg_class": "none", "vegetation_score": 0.1, "habitat_score": 0.1, "last_rain_date": "2026-09-23", "days_since_rain": 12, "rain_7d_mm": 0.0, "et0_7d_mm": 25.3, "humidity_pct": 60, "humidity_min_pct": 44, "soil_moisture": 0.183, "soil_moisture_deep": 0.209, "soil_temp_c": 17.6, "weather_score": 0.198, "daily_dates": ["2026-09-19", "2026-09-20", "2026-09-21", "2026-09-22", "2026-09-23", "2026-09-24", "2026-09-25", "2026-09-26", "2026-09-27", "2026-09-28", "2026-09-29", "2026-09-30", "2026-10-01", "2026-10-02", "2026-10-03", "2026-10-04", "2026-10-05"], "daily_precip_mm": [4.1, 3.3, 1.0, 0.0, 2.2, 0.0, 0.2, 0.3, 0.0, 0.0, 0.0, 0.0, 0.0, 0.0, 0.0, 0.0, 0.0], "daily_temp_mean_c": [21.3, 20.0, 20.0, 19.6, 18.9, 17.9, 18.6, 17.6, 17.5, 17.9, 18.6, 17.8, 17.6, 17.9, 17.9, 18.0, 17.1], "daily_et0_mm": [2.3, 2.3, 2.6, 2.8, 2.9, 3.7, 3.0, 3.5, 3.5, 3.1, 3.2, 3.8, 3.6, 3.7, 3.6, 3.6, 3.9]}}, {"type": "Feature", "geometry": {"type": "Point", "coordinates": [14.9, 37.8]}, "properties": {"lat": 37.8, "lon": 14.9, "rain_source": "modello", "rain_gauge_count": 0, "rain_gauge_km": null, "elevation_m": 1162.0, "veg_class": "broadleaf", "vegetation_score": 1.0, "habitat_score": 1.0, "last_rain_date": "2026-09-23", "days_since_rain": 12, "rain_7d_mm": 1.6, "et0_7d_mm": 23.0, "humidity_pct": 84, "humidity_min_pct": 42, "soil_moisture": 0.194, "soil_moisture_deep": 0.212, "soil_temp_c": 13.8, "weather_score": 0.284, "daily_dates": ["2026-09-19", "2026-09-20", "2026-09-21", "2026-09-22", "2026-09-23", "2026-09-24", "2026-09-25", "2026-09-26", "2026-09-27", "2026-09-28", "2026-09-29", "2026-09-30", "2026-10-01", "2026-10-02", "2026-10-03", "2026-10-04", "2026-10-05"], "daily_precip_mm": [2.2, 12.9, 4.5, 1.8, 4.2, 0.4, 0.3, 0.0, 0.2, 0.7, 0.5, 0.3, 0.0, 0.0, 0.4, 0.3, 0.1], "daily_temp_mean_c": [18.9, 18.4, 18.3, 17.7, 16.2, 14.6, 15.2, 14.8, 14.7, 14.7, 15.4, 14.7, 15.1, 15.2, 14.4, 14.5, 14.2], "daily_et0_mm": [2.0, 2.2, 2.7, 2.6, 2.5, 3.5, 2.3, 3.1, 3.0, 2.7, 3.1, 3.4, 3.3, 3.4, 3.2, 3.2, 3.3]}}, {"type": "Feature", "geometry": {"type": "Point", "coordinates": [15.2, 37.8]}, "properties": {"lat": 37.8, "lon": 15.2, "rain_source": "modello", "rain_gauge_count": 0, "rain_gauge_km": null, "elevation_m": 100.0, "veg_class": "none", "vegetation_score": 0.1, "habitat_score": 0.1, "last_rain_date": "2026-09-26", "days_since_rain": 9, "rain_7d_mm": 0.0, "et0_7d_mm": 23.0, "humidity_pct": 84, "humidity_min_pct": 42, "soil_moisture": 0.194, "soil_moisture_deep": 0.212, "soil_temp_c": 13.8, "weather_score": 0.331, "daily_dates": ["2026-09-19", "2026-09-20", "2026-09-21", "2026-09-22", "2026-09-23", "2026-09-24", "2026-09-25", "2026-09-26", "2026-09-27", "2026-09-28", "2026-09-29", "2026-09-30", "2026-10-01", "2026-10-02", "2026-10-03", "2026-10-04", "2026-10-05"], "daily_precip_mm": [1.4, 2.9, 0.0, 6.4, 0.7, 0.0, 0.3, 2.5, 0.0, 0.0, 0.0, 0.0, 0.0, 0.0, 0.0, 0.0, 0.0], "daily_temp_mean_c": [18.9, 18.4, 18.3, 17.7, 16.2, 14.6, 15.2, 14.8, 14.7, 14.7, 15.4, 14.7, 15.1, 15.2, 14.4, 14.5, 14.2], "daily_et0_mm": [2.0, 2.2, 2.7, 2.6, 2.5, 3.5, 2.3, 3.1, 3.0, 2.7, 3.1, 3.4, 3.3, 3.4, 3.2, 3.2, 3.3]}}, {"type": "Feature", "geometry": {"type": "Point", "coordinates": [13.1, 38.1]}, "properties": {"lat": 38.1, "lon": 13.1, "rain_source": "modello", "rain_gauge_count": 0, "rain_gauge_km": null, "elevation_m": 510.0, "veg_class": "none", "vegetation_score": 0.1, "habitat_score": 0.1, "last_rain_date": "2026-09-20", "days_since_rain": 15, "rain_7d_mm": 0.0, "et0_7d_mm": 26.4, "humidity_pct": 81, "humidity_min_pct": 40, "soil_moisture": 0.132, "soil_moisture_deep": 0.173, "soil_temp_c": 19.1, "weather_score": 0.174, "daily_dates": ["2026-09-19", "2026-09-20", "2026-09-21", "2026-09-22", "2026-09-23", "2026-09-24", "2026-09-25", "2026-09-26", "2026-09-27", "2026-09-28", "2026-09-29", "2026-09-30", "2026-10-01", "2026-10-02", "2026-10-03", "2026-10-04", "2026-10-05"], "daily_precip_mm": [5.5, 7.7, 0.3, 0.0, 0.2, 0.0, 0.2, 0.0, 0.0, 0.0, 0.0, 0.0, 0.0, 0.0, 0.0, 0.0, 0.0], "daily_temp_mean_c": [23.3, 21.7, 22.6, 22.8, 21.9, 19.3, 20.6, 21.6, 19.6, 19.6, 20.1, 19.9, 19.4, 19.4, 19.2, 19.1, 19.0], "daily_et0_mm": [2.4, 3.2, 3.4, 3.9, 4.0, 4.0, 3.0, 4.3, 3.9, 3.7, 3.8, 4.1, 3.7, 3.7, 3.8, 3.6, 3.7]}}, {"type": "Feature", "geometry": {"type": "Point", "coordinates": [13.4, 38.1]}, "properties": {"lat": 38.1, "lon": 13.4, "rain_source": "modello", "rain_gauge_count": 0, "rain_gauge_km": null, "elevation_m": 7.0, "veg_class": "none", "vegetation_score": 0.1, "habitat_score": 0.048, "last_rain_date": "2026-09-23", "days_since_rain": 12, "rain_7d_mm": 0.0, "et0_7d_mm": 27.6, "humidity_pct": 76, "humidity_min_pct": 37, "soil_moisture": 0.202, "soil_moisture_deep": 0.244, "soil_temp_c": 20.6, "weather_score": 0.264, "daily_dates": ["2026-09-19", "2026-09-20", "2026-09-21", "2026-09-22", "2026-09-23", "2026-09-24", "2026-09-25", "2026-09-26", "2026-09-27", "2026-09-28", "2026-09-29", "2026-09-30", "2026-10-01", "2026-10-02", "2026-10-03", "2026-10-04", "2026-10-05"], "daily_precip_mm": [5.7, 6.2, 0.6, 0.0, 1.1, 0.0, 0.2, 0.5, 0.0, 0.0, 0.0, 0.0, 0.0, 0.0, 0.0, 0.0, 0.0], "daily_temp_mean_c": [23.6, 22.2, 22.6, 22.6, 21.8, 20.4, 21.4, 20.7, 20.6, 20.5, 20.9, 21.0, 20.8, 20.8, 20.3, 20.1, 19.8], "daily_et0_mm": [2.0, 2.7, 3.3, 3.4, 3.6, 4.3, 2.9, 3.5, 3.6, 3.7, 3.7, 4.2, 4.0, 4.1, 3.9, 3.8, 3.9]}}, {"type": "Feature", "geometry": {"type": "Point", "coordinates": [14.9, 38.1]}, "properties": {"lat": 38.1, "lon": 14.9, "rain_source": "modello", "rain_gauge_count": 0, "rain_gauge_km": null, "elevation_m": 550.0, "veg_class": "none", "vegetation_score": 0.1, "habitat_score": 0.1, "last_rain_date": "2026-09-23", "days_since_rain": 12, "rain_7d_mm": 0.0, "et0_7d_mm": 23.0, "humidity_pct": 84, "humidity_min_pct": 42, "soil_moisture": 0.194, "soil_moisture_deep": 0.212, "soil_temp_c": 13.8, "weather_score": 0.271, "daily_dates": ["2026-09-19", "2026-09-20", "2026-09-21", "2026-09-22", "2026-09-23", "2026-09-24", "2026-09-25", "2026-09-26", "2026-09-27", "2026-09-28", "2026-09-29", "2026-09-30", "2026-10-01", "2026-10-02", "2026-10-03", "2026-10-04", "2026-10-05"], "daily_precip_mm": [6.1, 4.1, 0.7, 1.6, 5.9, 0.0, 0.4, 0.4, 0.0, 0.0, 0.0, 0.0, 0.0, 0.0, 0.0, 0.0, 0.0], "daily_temp_mean_c": [18.9, 18.4, 18.3, 17.7, 16.2, 14.6, 15.2, 14.8, 14.7, 14.7, 15.4, 14.7, 15.1, 15.2, 14.4, 14.5, 14.2], "daily_et0_mm": [2.0, 2.2, 2.7, 2.6, 2.5, 3.5, 2.3, 3.1, 3.0, 2.7, 3.1, 3.4, 3.3, 3.4, 3.2, 3.2, 3.3]}}, {"type": "Feature", "geometry": {"type": "Point", "coordinates": [15.2, 38.1]}, "properties": {"lat": 38.1, "lon": 15.2, "rain_source": "modello", "rain_gauge_count": 0, "rain_gauge_km": null, "elevation_m": 252.0, "veg_class": "none", "vegetation_score": 0.1, "habitat_score": 0.1, "last_rain_date": "2026-09-23", "days_since_rain": 12, "rain_7d_mm": 0.3, "et0_7d_mm": 23.0, "humidity_pct": 84, "humidity_min_pct": 42, "soil_moisture": 0.194, "soil_moisture_deep": 0.212, "soil_temp_c": 13.8, "weather_score": 0.274, "daily_dates": ["2026-09-19", "2026-09-20", "2026-09-21", "2026-09-22", "2026-09-23", "2026-09-24", "2026-09-25", "2026-09-26", "2026-09-27", "2026-09-28", "2026-09-29", "2026-09-30", "2026-10-01", "2026-10-02", "2026-10-03", "2026-10-04", "2026-10-05"], "daily_precip_mm": [3.2, 8.5, 0.1, 5.3, 1.5, 0.0, 0.3, 0.0, 0.0, 0.0, 0.2, 0.0, 0.0, 0.0, 0.2, 0.0, 0.0], "daily_temp_mean_c": [18.9, 18.4, 18.3, 17.7, 16.2, 14.6, 15.2, 14.8, 14.7, 14.7, 15.4, 14.7, 15.1, 15.2, 14.4, 14.5, 14.2], "daily_et0_mm": [2.0, 2.2, 2.7, 2.6, 2.5, 3.5, 2.3, 3.1, 3.0, 2.7, 3.1, 3.4, 3.3, 3.4, 3.2, 3.2, 3.3]}}, {"type": "Feature", "geometry": {"type": "Point", "coordinates": [15.5, 38.1]}, "properties": {"lat": 38.1, "lon": 15.5, "rain_source": "modello", "rain_gauge_count": 0, "rain_gauge_km": null, "elevation_m": 118.0, "veg_class": "none", "vegetation_score": 0.1, "habitat_score": 0.1, "last_rain_date": "2026-09-26", "days_since_rain": 9, "rain_7d_mm": 0.0, "et0_7d_mm": 28.1, "humidity_pct": 77, "humidity_min_pct": 31, "soil_moisture": 0.092, "soil_moisture_deep": 0.11, "soil_temp_c": 21.6, "weather_score": 0.224, "daily_dates": ["2026-09-19", "2026-09-20", "2026-09-21", "2026-09-22", "2026-09-23", "2026-09-24", "2026-09-25", "2026-09-26", "2026-09-27", "2026-09-28", "2026-09-29", "2026-09-30", "2026-10-01", "2026-10-02", "2026-10-03", "2026-10-04", "2026-10-05"], "daily_precip_mm": [0.6, 4.6, 0.0, 1.3, 1.7, 0.0, 0.0, 1.2, 0.0, 0.0, 0.0, 0.0, 0.0, 0.0, 0.0, 0.0, 0.0], "daily_temp_mean_c": [26.0, 25.0, 25.6, 25.1, 22.9, 22.4, 22.6, 22.0, 22.4, 22.9, 22.9, 22.8, 23.2, 23.2, 22.1, 22.0, 22.3], "daily_et0_mm": [2.7, 2.8, 4.0, 4.0, 2.8, 4.3, 2.9, 4.3, 4.6, 3.8, 3.8, 3.8, 4.8, 4.2, 3.6, 3.8, 4.1]}}, {"type": "Feature", "geometry": {"type": "Point", "coordinates": [15.8, 38.1]}, "properties": {"lat": 38.1, "lon": 15.8, "rain_source": "modello", "rain_gauge_count": 0, "rain_gauge_km": null, "elevation_m": 1245.0, "veg_class": "none", "vegetation_score": 0.1, "habitat_score": 0.1, "last_rain_date": "2026-09-26", "days_since_rain": 9, "rain_7d_mm": 1.0, "et0_7d_mm": 23.9, "humidity_pct": 61, "humidity_min_pct": 18, "soil_moisture": 0.129, "soil_moisture_deep": 0.139, "soil_temp_c": 14.9, "weather_score": 0.215, "daily_dates": ["2026-09-19", "2026-09-20", "2026-09-21", "2026-09-22", "2026-09-23", "2026-09-24", "2026-09-25", "2026-09-26", "2026-09-27", "2026-09-28", "2026-09-29", "2026-09-30", "2026-10-01", "2026-10-02", "2026-10-03", "2026-10-04", "2026-10-05"], "daily_precip_mm": [0.8, 23.2, 3.3, 2.1, 3.6, 0.0, 0.0, 1.4, 0.1, 0.2, 0.1, 0.2, 0.2, 0.5, 0.0, 0.0, 0.0], "daily_temp_mean_c": [20.7, 19.9, 19.8, 19.0, 16.8, 16.6, 16.9, 15.9, 16.4, 16.9, 17.3, 17.0, 17.1, 17.2, 16.6, 16.7, 16.6], "daily_et0_mm": [2.7, 2.4, 3.2, 2.7, 2.4, 3.6, 2.9, 2.8, 3.2, 3.2, 3.1, 3.5, 3.2, 3.3, 3.6, 3.4, 3.9]}}, {"type": "Feature", "geometry": {"type": "Point", "coordinates": [16.1, 38.1]}, "properties": {"lat": 38.1, "lon": 16.1, "rain_source": "modello", "rain_gauge_count": 0, "rain_gauge_km": null, "elevation_m": 165.0, "veg_class": "none", "vegetation_score": 0.1, "habitat_score": 0.1, "last_rain_date": "2026-09-25", "days_since_rain": 10, "rain_7d_mm": 0.0, "et0_7d_mm": 23.9, "humidity_pct": 61, "humidity_min_pct": 18, "soil_moisture": 0.129, "soil_moisture_deep": 0.139, "soil_temp_c": 14.9, "weather_score": 0.207, "daily_dates": ["2026-09-19", "2026-09-20", "2026-09-21", "2026-09-22", "2026-09-23", "2026-09-24", "2026-09-25", "2026-09-26", "2026-09-27", "2026-09-28", "2026-09-29", "2026-09-30", "2026-10-01", "2026-10-02", "2026-10-03", "2026-10-04", "2026-10-05"], "daily_precip_mm": [0.2, 5.6, 1.6, 7.7, 0.4, 0.0, 3.3, 0.8, 0.0, 0.0, 0.0, 0.0, 0.0, 0.0, 0.0, 0.0, 0.0], "daily_temp_mean_c": [20.7, 19.9, 19.8, 19.0, 16.8, 16.6, 16.9, 15.9, 16.4, 16.9, 17.3, 17.0, 17.1, 17.2, 16.6, 16.7, 16.6], "daily_et0_mm": [2.7, 2.4, 3.2, 2.7, 2.4, 3.6, 2.9, 2.8, 3.2, 3.2, 3.1, 3.5, 3.2, 3.3, 3.6, 3.4, 3.9]}}, {"type": "Feature", "geometry": {"type": "Point", "coordinates": [16.1, 38.4]}, "properties": {"lat": 38.4, "lon": 16.1, "rain_source": "modello", "rain_gauge_count": 0, "rain_gauge_km": null, "elevation_m": 340.0, "veg_class": "none", "vegetation_score": 0.1, "habitat_score": 0.1, "last_rain_date": "2026-09-25", "days_since_rain": 10, "rain_7d_mm": 0.0, "et0_7d_mm": 25.0, "humidity_pct": 85, "humidity_min_pct": 23, "soil_moisture": 0.178, "soil_moisture_deep": 0.188, "soil_temp_c": 18.0, "weather_score": 0.317, "daily_dates": ["2026-09-19", "2026-09-20", "2026-09-21", "2026-09-22", "2026-09-23", "2026-09-24", "2026-09-25", "2026-09-26", "2026-09-27", "2026-09-28", "2026-09-29", "2026-09-30", "2026-10-01", "2026-10-02", "2026-10-03", "2026-10-04", "2026-10-05"], "daily_precip_mm": [0.0, 6.6, 0.4, 7.2, 0.2, 0.0, 1.9, 0.1, 0.0, 0.0, 0.0, 0.0, 0.0, 0.0, 0.0, 0.0, 0.0], "daily_temp_mean_c": [24.0, 23.9, 23.0, 21.9, 20.3, 18.8, 18.9, 20.0, 19.0, 19.8, 19.6, 19.5, 19.3, 19.6, 18.6, 18.1, 18.1], "daily_et0_mm": [3.1, 3.2, 3.2, 1.9, 3.4, 3.9, 2.4, 3.8, 3.5, 3.5, 3.4, 3.5, 3.5, 3.7, 3.6, 4.0, 3.4]}}, {"type": "Feature", "geometry": {"type": "Point", "coordinates": [16.4, 38.4]}, "properties": {"lat": 38.4, "lon": 16.4, "rain_source": "modello", "rain_gauge_count": 0, "rain_gauge_km": null, "elevation_m": 172.0, "veg_class": "none", "vegetation_score": 0.1, "habitat_score": 0.1, "last_rain_date": "2026-09-25", "days_since_rain": 10, "rain_7d_mm": 0.1, "et0_7d_mm": 28.9, "humidity_pct": 54, "humidity_min_pct": 28, "soil_moisture": 0.108, "soil_moisture_deep": 0.12, "soil_temp_c": 18.5, "weather_score": 0.17, "daily_dates": ["2026-09-19", "2026-09-20", "2026-09-21", "2026-09-22", "2026-09-23", "2026-09-24", "2026-09-25", "2026-09-26", "2026-09-27", "2026-09-28", "2026-09-29", "2026-09-30", "2026-10-01", "2026-10-02", "2026-10-03", "2026-10-04", "2026-10-05"], "daily_precip_mm": [0.2, 2.4, 0.5, 6.8, 0.0, 0.0, 5.1, 0.0, 0.0, 0.0, 0.0, 0.1, 0.0, 0.0, 0.0, 0.0, 0.0], "daily_temp_mean_c": [23.5, 22.5, 22.5, 22.6, 19.4, 18.6, 19.1, 18.7, 19.2, 19.5, 20.1, 19.7, 19.9, 19.8, 19.1, 18.8, 19.4], "daily_et0_mm": [3.1, 2.8, 3.4, 3.4, 4.5, 3.8, 2.4, 3.8, 4.1, 3.9, 4.4, 4.0, 4.2, 3.9, 4.2, 4.2, 4.0]}}, {"type": "Feature", "geometry": {"type": "Point", "coordinates": [16.1, 38.7]}, "properties": {"lat": 38.7, "lon": 16.1, "rain_source": "modello", "rain_gauge_count": 0, "rain_gauge_km": null, "elevation_m": 97.0, "veg_class": "none", "vegetation_score": 0.1, "habitat_score": 0.1, "last_rain_date": "2026-09-25", "days_since_rain": 10, "rain_7d_mm": 0.0, "et0_7d_mm": 25.0, "humidity_pct": 85, "humidity_min_pct": 23, "soil_moisture": 0.178, "soil_moisture_deep": 0.188, "soil_temp_c": 18.0, "weather_score": 0.317, "daily_dates": ["2026-09-19", "2026-09-20", "2026-09-21", "2026-09-22", "2026-09-23", "2026-09-24", "2026-09-25", "2026-09-26", "2026-09-27", "2026-09-28", "2026-09-29", "2026-09-30", "2026-10-01", "2026-10-02", "2026-10-03", "2026-10-04", "2026-10-05"], "daily_precip_mm": [0.0, 2.9, 0.6, 5.5, 0.0, 0.0, 3.4, 0.0, 0.0, 0.0, 0.0, 0.0, 0.0, 0.0, 0.0, 0.0, 0.0], "daily_temp_mean_c": [24.0, 23.9, 23.0, 21.9, 20.3, 18.8, 18.9, 20.0, 19.0, 19.8, 19.6, 19.5, 19.3, 19.6, 18.6, 18.1, 18.1], "daily_et0_mm": [3.1, 3.2, 3.2, 1.9, 3.4, 3.9, 2.4, 3.8, 3.5, 3.5, 3.4, 3.5, 3.5, 3.7, 3.6, 4.0, 3.4]}}, {"type": "Feature", "geometry": {"type": "Point", "coordinates": [16.4, 38.7]}, "properties": {"lat": 38.7, "lon": 16.4, "rain_source": "modello", "rain_gauge_count": 0, "rain_gauge_km": null, "elevation_m": 507.0, "veg_class": "none", "vegetation_score": 0.1, "habitat_score": 0.1, "last_rain_date": "2026-09-25", "days_since_rain": 10, "rain_7d_mm": 0.0, "et0_7d_mm": 28.9, "humidity_pct": 54, "humidity_min_pct": 28, "soil_moisture": 0.108, "soil_moisture_deep": 0.12, "soil_temp_c": 18.5, "weather_score": 0.169, "daily_dates": ["2026-09-19", "2026-09-20", "2026-09-21", "2026-09-22", "2026-09-23", "2026-09-24", "2026-09-25", "2026-09-26", "2026-09-27", "2026-09-28", "2026-09-29", "2026-09-30", "2026-10-01", "2026-10-02", "2026-10-03", "2026-10-04", "2026-10-05"], "daily_precip_mm": [0.0, 4.6, 0.5, 8.3, 0.0, 0.0, 6.0, 0.0, 0.0, 0.0, 0.0, 0.0, 0.0, 0.0, 0.0, 0.0, 0.0], "daily_temp_mean_c": [23.5, 22.5, 22.5, 22.6, 19.4, 18.6, 19.1, 18.7, 19.2, 19.5, 20.1, 19.7, 19.9, 19.8, 19.1, 18.8, 19.4], "daily_et0_mm": [3.1, 2.8, 3.4, 3.4, 4.5, 3.8, 2.4, 3.8, 4.1, 3.9, 4.4, 4.0, 4.2, 3.9, 4.2, 4.2, 4.0]}}, {"type": "Feature", "geometry": {"type": "Point", "coordinates": [8.6, 39.0]}, "properties": {"lat": 39.0, "lon": 8.6, "rain_source": "misto", "rain_gauge_count": 3, "rain_gauge_km": 3.3, "elevation_m": 3.0, "veg_class": "none", "vegetation_score": 0.1, "habitat_score": 0.044, "last_rain_date": null, "days_since_rain": null, "rain_7d_mm": 0.0, "et0_7d_mm": 31.8, "humidity_pct": 80, "humidity_min_pct": 50, "soil_moisture": 0.094, "soil_moisture_deep": 0.099, "soil_temp_c": 25.2, "weather_score": 0.129, "daily_dates": ["2026-09-19", "2026-09-20", "2026-09-21", "2026-09-22", "2026-09-23", "2026-09-24", "2026-09-25", "2026-09-26", "2026-09-27", "2026-09-28", "2026-09-29", "2026-09-30", "2026-10-01", "2026-10-02", "2026-10-03", "2026-10-04", "2026-10-05"], "daily_precip_mm": [0.0, 0.1, 0.0, 0.0, 0.0, 0.3, 0.0, 0.0, 0.0, 0.0, 0.0, 0.0, 0.0, 0.0, 0.0, 0.0, 0.0], "daily_temp_mean_c": [24.7, 24.9, 24.9, 25.2, 25.3, 24.8, 25.4, 25.1, 24.9, 24.5, 25.3, 25.1, 24.8, 24.8, 24.8, 25.3, 25.3], "daily_et0_mm": [3.5, 4.3, 4.0, 4.0, 3.8, 3.4, 4.3, 3.4, 4.0, 4.5, 5.0, 4.4, 4.0, 4.2, 4.9, 5.1, 4.1]}}, {"type": "Feature", "geometry": {"type": "Point", "coordinates": [8.9, 39.0]}, "properties": {"lat": 39.0, "lon": 8.9, "rain_source": "misto", "rain_gauge_count": 3, "rain_gauge_km": 1.9, "elevation_m": 405.0, "veg_class": "broadleaf", "vegetation_score": 1.0, "habitat_score": 1.0, "last_rain_date": "2026-09-24", "days_since_rain": 11, "rain_7d_mm": 0.0, "et0_7d_mm": 28.1, "humidity_pct": 85, "humidity_min_pct": 50, "soil_moisture": 0.103, "soil_moisture_deep": 0.116, "soil_temp_c": 24.7, "weather_score": 0.19, "daily_dates": ["2026-09-19", "2026-09-20", "2026-09-21", "2026-09-22", "2026-09-23", "2026-09-24", "2026-09-25", "2026-09-26", "2026-09-27", "2026-09-28", "2026-09-29", "2026-09-30", "2026-10-01", "2026-10-02", "2026-10-03", "2026-10-04", "2026-10-05"], "daily_precip_mm": [0.0, 3.3, 0.0, 0.0, 1.5, 8.2, 0.0, 0.0, 0.0, 0.0, 0.0, 0.0, 0.0, 0.0, 0.0, 0.0, 0.0], "daily_temp_mean_c": [24.5, 24.1, 24.9, 24.1, 24.8, 24.8, 24.4, 24.9, 23.6, 23.9, 25.1, 24.9, 24.7, 24.8, 24.5, 24.7, 24.9], "daily_et0_mm": [3.5, 3.6, 4.3, 4.0, 3.9, 3.7, 4.0, 4.1, 3.6, 4.1, 4.4, 3.9, 3.9, 4.2, 4.0, 4.3, 3.4]}}, {"type": "Feature", "geometry": {"type": "Point", "coordinates": [16.4, 39.0]}, "properties": {"lat": 39.0, "lon": 16.4, "rain_source": "modello", "rain_gauge_count": 0, "rain_gauge_km": null, "elevation_m": 1099.0, "veg_class": "broadleaf", "vegetation_score": 1.0, "habitat_score": 1.0, "last_rain_date": "2026-09-25", "days_since_rain": 10, "rain_7d_mm": 0.0, "et0_7d_mm": 22.1, "humidity_pct": 85, "humidity_min_pct": 39, "soil_moisture": 0.15, "soil_moisture_deep": 0.184, "soil_temp_c": 14.2, "weather_score": 0.299, "daily_dates": ["2026-09-19", "2026-09-20", "2026-09-21", "2026-09-22", "2026-09-23", "2026-09-24", "2026-09-25", "2026-09-26", "2026-09-27", "2026-09-28", "2026-09-29", "2026-09-30", "2026-10-01", "2026-10-02", "2026-10-03", "2026-10-04", "2026-10-05"], "daily_precip_mm": [0.0, 16.2, 0.9, 15.0, 0.0, 0.0, 7.5, 0.1, 0.0, 0.0, 0.0, 0.0, 0.0, 0.0, 0.0, 0.0, 0.0], "daily_temp_mean_c": [19.8, 19.1, 18.5, 17.7, 15.5, 14.9, 15.5, 13.9, 15.0, 15.3, 15.9, 15.5, 15.6, 15.5, 15.1, 15.0, 15.0], "daily_et0_mm": [2.9, 2.8, 2.8, 2.4, 4.2, 3.4, 1.9, 3.3, 3.0, 3.0, 3.2, 3.0, 3.2, 2.8, 3.4, 3.6, 2.9]}}, {"type": "Feature", "geometry": {"type": "Point", "coordinates": [16.7, 39.0]}, "properties": {"lat": 39.0, "lon": 16.7, "rain_source": "modello", "rain_gauge_count": 0, "rain_gauge_km": null, "elevation_m": 582.0, "veg_class": "broadleaf", "vegetation_score": 1.0, "habitat_score": 1.0, "last_rain_date": "2026-09-25", "days_since_rain": 10, "rain_7d_mm": 0.2, "et0_7d_mm": 22.1, "humidity_pct": 85, "humidity_min_pct": 39, "soil_moisture": 0.15, "soil_moisture_deep": 0.184, "soil_temp_c": 14.2, "weather_score": 0.301, "daily_dates": ["2026-09-19", "2026-09-20", "2026-09-21", "2026-09-22", "2026-09-23", "2026-09-24", "2026-09-25", "2026-09-26", "2026-09-27", "2026-09-28", "2026-09-29", "2026-09-30", "2026-10-01", "2026-10-02", "2026-10-03", "2026-10-04", "2026-10-05"], "daily_precip_mm": [0.0, 12.9, 6.7, 3.7, 0.0, 0.0, 4.9, 0.0, 0.0, 0.1, 0.0, 0.0, 0.0, 0.0, 0.0, 0.0, 0.2], "daily_temp_mean_c": [19.8, 19.1, 18.5, 17.7, 15.5, 14.9, 15.5, 13.9, 15.0, 15.3, 15.9, 15.5, 15.6, 15.5, 15.1, 15.0, 15.0], "daily_et0_mm": [2.9, 2.8, 2.8, 2.4, 4.2, 3.4, 1.9, 3.3, 3.0, 3.0, 3.2, 3.0, 3.2, 2.8, 3.4, 3.6, 2.9]}}, {"type": "Feature", "geometry": {"type": "Point", "coordinates": [17.0, 39.0]}, "properties": {"lat": 39.0, "lon": 17.0, "rain_source": "modello", "rain_gauge_count": 0, "rain_gauge_km": null, "elevation_m": 139.0, "veg_class": "none", "vegetation_score": 0.1, "habitat_score": 0.1, "last_rain_date": "2026-09-25", "days_since_rain": 10, "rain_7d_mm": 0.0, "et0_7d_mm": 28.8, "humidity_pct": 78, "humidity_min_pct": 32, "soil_moisture": 0.202, "soil_moisture_deep": 0.265, "soil_temp_c": 19.2, "weather_score": 0.336, "daily_dates": ["2026-09-19", "2026-09-20", "2026-09-21", "2026-09-22", "2026-09-23", "2026-09-24", "2026-09-25", "2026-09-26", "2026-09-27", "2026-09-28", "2026-09-29", "2026-09-30", "2026-10-01", "2026-10-02", "2026-10-03", "2026-10-04", "2026-10-05"], "daily_precip_mm": [0.0, 0.2, 0.2, 0.3, 0.0, 0.0, 1.6, 0.0, 0.0, 0.0, 0.0, 0.0, 0.0, 0.0, 0.0, 0.0, 0.0], "daily_temp_mean_c": [24.5, 23.8, 23.0, 22.4, 20.0, 19.2, 19.1, 19.3, 20.4, 20.3, 20.7, 20.8, 20.8, 20.5, 19.5, 18.9, 19.1], "daily_et0_mm": [3.3, 3.2, 3.1, 4.6, 5.7, 3.9, 2.0, 4.7, 4.5, 4.2, 4.5, 4.4, 4.7, 4.0, 4.2, 3.8, 3.2]}}, {"type": "Feature", "geometry": {"type": "Point", "coordinates": [8.6, 39.3]}, "properties": {"lat": 39.3, "lon": 8.6, "rain_source": "misto", "rain_gauge_count": 3, "rain_gauge_km": 3.2, "elevation_m": 138.0, "veg_class": "none", "vegetation_score": 0.1, "habitat_score": 0.1, "last_rain_date": null, "days_since_rain": null, "rain_7d_mm": 0.0, "et0_7d_mm": 28.4, "humidity_pct": 84, "humidity_min_pct": 37, "soil_moisture": 0.101, "soil_moisture_deep": 0.105, "soil_temp_c": 21.8, "weather_score": 0.142, "daily_dates": ["2026-09-19", "2026-09-20", "2026-09-21", "2026-09-22", "2026-09-23", "2026-09-24", "2026-09-25", "2026-09-26", "2026-09-27", "2026-09-28", "2026-09-29", "2026-09-30", "2026-10-01", "2026-10-02", "2026-10-03", "2026-10-04", "2026-10-05"], "daily_precip_mm": [0.0, 0.0, 0.0, 0.0, 0.0, 0.0, 0.0, 0.0, 0.0, 0.0, 0.0, 0.0, 0.0, 0.0, 0.0, 0.0, 0.0], "daily_temp_mean_c": [20.3, 21.0, 21.3, 21.1, 21.8, 21.1, 21.3, 21.3, 20.5, 21.2, 22.3, 21.9, 21.7, 21.9, 22.1, 22.8, 23.2], "daily_et0_mm": [3.2, 3.9, 3.4, 3.8, 3.6, 3.2, 3.5, 3.8, 3.0, 4.0, 4.3, 3.6, 3.3, 3.7, 4.9, 5.1, 3.5]}}, {"type": "Feature", "geometry": {"type": "Point", "coordinates": [8.9, 39.3]}, "properties": {"lat": 39.3, "lon": 8.9, "rain_source": "misto", "rain_gauge_count": 3, "rain_gauge_km": 2.4, "elevation_m": 25.0, "veg_class": "none", "vegetation_score": 0.1, "habitat_score": 0.07, "last_rain_date": "2026-09-20", "days_since_rain": 15, "rain_7d_mm": 0.0, "et0_7d_mm": 27.3, "humidity_pct": 82, "humidity_min_pct": 34, "soil_moisture": 0.158, "soil_moisture_deep": 0.199, "soil_temp_c": 23.9, "weather_score": 0.2, "daily_dates": ["2026-09-19", "2026-09-20", "2026-09-21", "2026-09-22", "2026-09-23", "2026-09-24", "2026-09-25", "2026-09-26", "2026-09-27", "2026-09-28", "2026-09-29", "2026-09-30", "2026-10-01", "2026-10-02", "2026-10-03", "2026-10-04", "2026-10-05"], "daily_precip_mm": [0.0, 8.1, 0.0, 0.0, 0.0, 0.0, 0.0, 0.0, 0.0, 0.0, 0.0, 0.0, 0.0, 0.0, 0.0, 0.0, 0.0], "daily_temp_mean_c": [23.1, 23.6, 23.4, 23.6, 24.4, 24.1, 23.6, 24.3, 23.3, 22.7, 23.0, 22.6, 22.8, 22.6, 22.1, 23.1, 23.0], "daily_et0_mm": [4.1, 3.7, 4.4, 4.1, 4.0, 3.6, 4.3, 4.4, 4.1, 4.2, 4.2, 3.6, 3.5, 3.9, 4.2, 4.2, 3.6]}}, {"type": "Feature", "geometry": {"type": "Point", "coordinates": [9.2, 39.3]}, "properties": {"lat": 39.3, "lon": 9.2, "rain_source": "misto", "rain_gauge_count": 3, "rain_gauge_km": 1.5, "elevation_m": 123.0, "veg_class": "none", "vegetation_score": 0.1, "habitat_score": 0.1, "last_rain_date": null, "days_since_rain": null, "rain_7d_mm": 0.0, "et0_7d_mm": 27.3, "humidity_pct": 82, "humidity_min_pct": 34, "soil_moisture": 0.158, "soil_moisture_deep": 0.199, "soil_temp_c": 23.9, "weather_score": 0.2, "daily_dates": ["2026-09-19", "2026-09-20", "2026-09-21", "2026-09-22", "2026-09-23", "2026-09-24", "2026-09-25", "2026-09-26", "2026-09-27", "2026-09-28", "2026-09-29", "2026-09-30", "2026-10-01", "2026-10-02", "2026-10-03", "2026-10-04", "2026-10-05"], "daily_precip_mm": [0.0, 0.1, 0.0, 0.0, 0.0, 0.0, 0.0, 0.0, 0.0, 0.0, 0.0, 0.0, 0.0, 0.0, 0.0, 0.0, 0.0], "daily_temp_mean_c": [23.1, 23.6, 23.4, 23.6, 24.4, 24.1, 23.6, 24.3, 23.3, 22.7, 23.0, 22.6, 22.8, 22.6, 22.1, 23.1, 23.0], "daily_et0_mm": [4.1, 3.7, 4.4, 4.1, 4.0, 3.6, 4.3, 4.4, 4.1, 4.2, 4.2, 3.6, 3.5, 3.9, 4.2, 4.2, 3.6]}}, {"type": "Feature", "geometry": {"type": "Point", "coordinates": [9.5, 39.3]}, "properties": {"lat": 39.3, "lon": 9.5, "rain_source": "misto", "rain_gauge_count": 3, "rain_gauge_km": 6.9, "elevation_m": 80.0, "veg_class": "none", "vegetation_score": 0.1, "habitat_score": 0.1, "last_rain_date": "2026-09-23", "days_since_rain": 12, "rain_7d_mm": 0.2, "et0_7d_mm": 21.4, "humidity_pct": 92, "humidity_min_pct": 59, "soil_moisture": 0.098, "soil_moisture_deep": 0.101, "soil_temp_c": 21.0, "weather_score": 0.204, "daily_dates": ["2026-09-19", "2026-09-20", "2026-09-21", "2026-09-22", "2026-09-23", "2026-09-24", "2026-09-25", "2026-09-26", "2026-09-27", "2026-09-28", "2026-09-29", "2026-09-30", "2026-10-01", "2026-10-02", "2026-10-03", "2026-10-04", "2026-10-05"], "daily_precip_mm": [7.3, 7.7, 0.0, 0.0, 26.2, 0.1, 0.0, 0.0, 0.0, 0.0, 0.0, 0.0, 0.0, 0.0, 0.0, 0.2, 0.0], "daily_temp_mean_c": [21.5, 22.1, 22.1, 22.1, 21.8, 22.8, 22.6, 21.9, 20.5, 20.0, 21.5, 20.8, 21.1, 20.1, 20.9, 21.3, 21.4], "daily_et0_mm": [2.6, 2.9, 3.7, 3.6, 3.2, 3.4, 3.6, 3.8, 3.4, 3.5, 3.6, 2.8, 3.2, 3.2, 3.2, 2.6, 2.7]}}, {"type": "Feature", "geometry": {"type": "Point", "coordinates": [16.1, 39.3]}, "properties": {"lat": 39.3, "lon": 16.1, "rain_source": "modello", "rain_gauge_count": 0, "rain_gauge_km": null, "elevation_m": 826.0, "veg_class": "mixed", "vegetation_score": 1.0, "habitat_score": 1.0, "last_rain_date": "2026-09-25", "days_since_rain": 10, "rain_7d_mm": 0.0, "et0_7d_mm": 26.4, "humidity_pct": 60, "humidity_min_pct": 25, "soil_moisture": 0.159, "soil_moisture_deep": 0.196, "soil_temp_c": 15.8, "weather_score": 0.24, "daily_dates": ["2026-09-19", "2026-09-20", "2026-09-21", "2026-09-22", "2026-09-23", "2026-09-24", "2026-09-25", "2026-09-26", "2026-09-27", "2026-09-28", "2026-09-29", "2026-09-30", "2026-10-01", "2026-10-02", "2026-10-03", "2026-10-04", "2026-10-05"], "daily_precip_mm": [0.0, 2.6, 0.7, 1.0, 0.0, 0.0, 10.7, 0.0, 0.0, 0.0, 0.0, 0.0, 0.0, 0.0, 0.0, 0.0, 0.0], "daily_temp_mean_c": [20.5, 20.8, 20.1, 19.8, 17.3, 17.2, 16.8, 16.7, 17.7, 18.2, 18.9, 19.1, 19.2, 18.9, 18.4, 17.6, 17.0], "daily_et0_mm": [2.7, 3.0, 2.5, 3.2, 4.7, 3.8, 1.8, 4.1, 3.8, 3.9, 4.0, 3.9, 4.0, 3.7, 4.0, 3.8, 2.8]}}, {"type": "Feature", "geometry": {"type": "Point", "coordinates": [16.4, 39.3]}, "properties": {"lat": 39.3, "lon": 16.4, "rain_source": "modello", "rain_gauge_count": 0, "rain_gauge_km": null, "elevation_m": 1653.0, "veg_class": "broadleaf", "vegetation_score": 1.0, "habitat_score": 0.557, "last_rain_date": "2026-09-25", "days_since_rain": 10, "rain_7d_mm": 0.0, "et0_7d_mm": 23.3, "humidity_pct": 89, "humidity_min_pct": 31, "soil_moisture": 0.158, "soil_moisture_deep": 0.185, "soil_temp_c": 12.3, "weather_score": 0.315, "daily_dates": ["2026-09-19", "2026-09-20", "2026-09-21", "2026-09-22", "2026-09-23", "2026-09-24", "2026-09-25", "2026-09-26", "2026-09-27", "2026-09-28", "2026-09-29", "2026-09-30", "2026-10-01", "2026-10-02", "2026-10-03", "2026-10-04", "2026-10-05"], "daily_precip_mm": [0.0, 8.2, 0.0, 0.6, 0.0, 0.0, 7.3, 0.2, 0.2, 0.0, 0.0, 0.0, 0.0, 0.0, 0.0, 0.0, 0.0], "daily_temp_mean_c": [18.0, 17.4, 17.8, 15.9, 12.2, 13.6, 13.8, 11.6, 13.0, 13.7, 14.1, 13.9, 14.2, 14.1, 13.2, 13.1, 13.6], "daily_et0_mm": [3.0, 2.7, 3.0, 2.5, 3.4, 3.5, 1.4, 2.2, 2.6, 3.3, 3.4, 3.2, 3.4, 3.3, 3.4, 3.3, 3.3]}}, {"type": "Feature", "geometry": {"type": "Point", "coordinates": [16.7, 39.3]}, "properties": {"lat": 39.3, "lon": 16.7, "rain_source": "modello", "rain_gauge_count": 0, "rain_gauge_km": null, "elevation_m": 1167.0, "veg_class": "mixed", "vegetation_score": 1.0, "habitat_score": 1.0, "last_rain_date": "2026-09-26", "days_since_rain": 9, "rain_7d_mm": 0.0, "et0_7d_mm": 23.3, "humidity_pct": 89, "humidity_min_pct": 31, "soil_moisture": 0.158, "soil_moisture_deep": 0.185, "soil_temp_c": 12.3, "weather_score": 0.315, "daily_dates": ["2026-09-19", "2026-09-20", "2026-09-21", "2026-09-22", "2026-09-23", "2026-09-24", "2026-09-25", "2026-09-26", "2026-09-27", "2026-09-28", "2026-09-29", "2026-09-30", "2026-10-01", "2026-10-02", "2026-10-03", "2026-10-04", "2026-10-05"], "daily_precip_mm": [1.2, 19.5, 1.6, 1.9, 0.0, 0.0, 8.4, 1.0, 0.3, 0.0, 0.0, 0.0, 0.0, 0.0, 0.0, 0.0, 0.0], "daily_temp_mean_c": [18.0, 17.4, 17.8, 15.9, 12.2, 13.6, 13.8, 11.6, 13.0, 13.7, 14.1, 13.9, 14.2, 14.1, 13.2, 13.1, 13.6], "daily_et0_mm": [3.0, 2.7, 3.0, 2.5, 3.4, 3.5, 1.4, 2.2, 2.6, 3.3, 3.4, 3.2, 3.4, 3.3, 3.4, 3.3, 3.3]}}, {"type": "Feature", "geometry": {"type": "Point", "coordinates": [17.0, 39.3]}, "properties": {"lat": 39.3, "lon": 17.0, "rain_source": "modello", "rain_gauge_count": 0, "rain_gauge_km": null, "elevation_m": 280.0, "veg_class": "broadleaf", "vegetation_score": 1.0, "habitat_score": 1.0, "last_rain_date": "2026-09-25", "days_since_rain": 10, "rain_7d_mm": 0.0, "et0_7d_mm": 27.6, "humidity_pct": 72, "humidity_min_pct": 32, "soil_moisture": 0.109, "soil_moisture_deep": 0.138, "soil_temp_c": 20.3, "weather_score": 0.225, "daily_dates": ["2026-09-19", "2026-09-20", "2026-09-21", "2026-09-22", "2026-09-23", "2026-09-24", "2026-09-25", "2026-09-26", "2026-09-27", "2026-09-28", "2026-09-29", "2026-09-30", "2026-10-01", "2026-10-02", "2026-10-03", "2026-10-04", "2026-10-05"], "daily_precip_mm": [0.0, 0.3, 0.0, 0.3, 0.0, 0.0, 2.4, 0.3, 0.0, 0.0, 0.0, 0.0, 0.0, 0.0, 0.0, 0.0, 0.0], "daily_temp_mean_c": [25.5, 24.3, 24.7, 23.9, 21.4, 20.8, 20.4, 20.9, 22.0, 21.9, 22.2, 22.2, 22.1, 21.7, 21.1, 20.8, 20.7], "daily_et0_mm": [3.5, 3.2, 4.0, 4.6, 5.8, 4.3, 2.0, 4.5, 4.7, 4.2, 4.1, 4.1, 4.0, 3.7, 3.9, 4.1, 3.7]}}, {"type": "Feature", "geometry": {"type": "Point", "coordinates": [8.6, 39.6]}, "properties": {"lat": 39.6, "lon": 8.6, "rain_source": "misto", "rain_gauge_count": 3, "rain_gauge_km": 5.5, "elevation_m": 148.0, "veg_class": "none", "vegetation_score": 0.1, "habitat_score": 0.1, "last_rain_date": null, "days_since_rain": null, "rain_7d_mm": 0.2, "et0_7d_mm": 28.4, "humidity_pct": 84, "humidity_min_pct": 37, "soil_moisture": 0.101, "soil_moisture_deep": 0.105, "soil_temp_c": 21.8, "weather_score": 0.144, "daily_dates": ["2026-09-19", "2026-09-20", "2026-09-21", "2026-09-22", "2026-09-23", "2026-09-24", "2026-09-25", "2026-09-26", "2026-09-27", "2026-09-28", "2026-09-29", "2026-09-30", "2026-10-01", "2026-10-02", "2026-10-03", "2026-10-04", "2026-10-05"], "daily_precip_mm": [0.0, 0.3, 0.0, 0.0, 0.0, 0.0, 0.0, 0.0, 0.0, 0.0, 0.0, 0.0, 0.0, 0.0, 0.0, 0.0, 0.2], "daily_temp_mean_c": [20.3, 21.0, 21.3, 21.1, 21.8, 21.1, 21.3, 21.3, 20.5, 21.2, 22.3, 21.9, 21.7, 21.9, 22.1, 22.8, 23.2], "daily_et0_mm": [3.2, 3.9, 3.4, 3.8, 3.6, 3.2, 3.5, 3.8, 3.0, 4.0, 4.3, 3.6, 3.3, 3.7, 4.9, 5.1, 3.5]}}, {"type": "Feature", "geometry": {"type": "Point", "coordinates": [8.9, 39.6]}, "properties": {"lat": 39.6, "lon": 8.9, "rain_source": "misto", "rain_gauge_count": 3, "rain_gauge_km": 4.0, "elevation_m": 218.0, "veg_class": "none", "vegetation_score": 0.1, "habitat_score": 0.1, "last_rain_date": "2026-09-20", "days_since_rain": 15, "rain_7d_mm": 0.2, "et0_7d_mm": 27.3, "humidity_pct": 82, "humidity_min_pct": 34, "soil_moisture": 0.158, "soil_moisture_deep": 0.199, "soil_temp_c": 23.9, "weather_score": 0.202, "daily_dates": ["2026-09-19", "2026-09-20", "2026-09-21", "2026-09-22", "2026-09-23", "2026-09-24", "2026-09-25", "2026-09-26", "2026-09-27", "2026-09-28", "2026-09-29", "2026-09-30", "2026-10-01", "2026-10-02", "2026-10-03", "2026-10-04", "2026-10-05"], "daily_precip_mm": [0.0, 47.6, 0.2, 0.0, 0.0, 0.2, 0.0, 0.0, 0.0, 0.0, 0.0, 0.0, 0.0, 0.0, 0.0, 0.0, 0.2], "daily_temp_mean_c": [23.1, 23.6, 23.4, 23.6, 24.4, 24.1, 23.6, 24.3, 23.3, 22.7, 23.0, 22.6, 22.8, 22.6, 22.1, 23.1, 23.0], "daily_et0_mm": [4.1, 3.7, 4.4, 4.1, 4.0, 3.6, 4.3, 4.4, 4.1, 4.2, 4.2, 3.6, 3.5, 3.9, 4.2, 4.2, 3.6]}}, {"type": "Feature", "geometry": {"type": "Point", "coordinates": [9.2, 39.6]}, "properties": {"lat": 39.6, "lon": 9.2, "rain_source": "misto", "rain_gauge_count": 3, "rain_gauge_km": 3.0, "elevation_m": 435.0, "veg_class": "none", "vegetation_score": 0.1, "habitat_score": 0.1, "last_rain_date": "2026-09-23", "days_since_rain": 12, "rain_7d_mm": 0.0, "et0_7d_mm": 27.3, "humidity_pct": 82, "humidity_min_pct": 34, "soil_moisture": 0.158, "soil_moisture_deep": 0.199, "soil_temp_c": 23.9, "weather_score": 0.24, "daily_dates": ["2026-09-19", "2026-09-20", "2026-09-21", "2026-09-22", "2026-09-23", "2026-09-24", "2026-09-25", "2026-09-26", "2026-09-27", "2026-09-28", "2026-09-29", "2026-09-30", "2026-10-01", "2026-10-02", "2026-10-03", "2026-10-04", "2026-10-05"], "daily_precip_mm": [0.0, 0.2, 0.0, 0.3, 15.1, 0.2, 0.0, 0.0, 0.0, 0.0, 0.0, 0.0, 0.0, 0.0, 0.0, 0.0, 0.0], "daily_temp_mean_c": [23.1, 23.6, 23.4, 23.6, 24.4, 24.1, 23.6, 24.3, 23.3, 22.7, 23.0, 22.6, 22.8, 22.6, 22.1, 23.1, 23.0], "daily_et0_mm": [4.1, 3.7, 4.4, 4.1, 4.0, 3.6, 4.3, 4.4, 4.1, 4.2, 4.2, 3.6, 3.5, 3.9, 4.2, 4.2, 3.6]}}, {"type": "Feature", "geometry": {"type": "Point", "coordinates": [9.5, 39.6]}, "properties": {"lat": 39.6, "lon": 9.5, "rain_source": "misto", "rain_gauge_count": 3, "rain_gauge_km": 8.1, "elevation_m": 496.0, "veg_class": "none", "vegetation_score": 0.1, "habitat_score": 0.1, "last_rain_date": "2026-09-24", "days_since_rain": 11, "rain_7d_mm": 0.7, "et0_7d_mm": 21.4, "humidity_pct": 92, "humidity_min_pct": 59, "soil_moisture": 0.098, "soil_moisture_deep": 0.101, "soil_temp_c": 21.0, "weather_score": 0.208, "daily_dates": ["2026-09-19", "2026-09-20", "2026-09-21", "2026-09-22", "2026-09-23", "2026-09-24", "2026-09-25", "2026-09-26", "2026-09-27", "2026-09-28", "2026-09-29", "2026-09-30", "2026-10-01", "2026-10-02", "2026-10-03", "2026-10-04", "2026-10-05"], "daily_precip_mm": [3.3, 0.6, 0.0, 0.0, 19.7, 4.3, 0.1, 0.0, 0.0, 0.0, 0.0, 0.1, 0.0, 0.1, 0.0, 0.2, 0.3], "daily_temp_mean_c": [21.5, 22.1, 22.1, 22.1, 21.8, 22.8, 22.6, 21.9, 20.5, 20.0, 21.5, 20.8, 21.1, 20.1, 20.9, 21.3, 21.4], "daily_et0_mm": [2.6, 2.9, 3.7, 3.6, 3.2, 3.4, 3.6, 3.8, 3.4, 3.5, 3.6, 2.8, 3.2, 3.2, 3.2, 2.6, 2.7]}}, {"type": "Feature", "geometry": {"type": "Point", "coordinates": [16.1, 39.6]}, "properties": {"lat": 39.6, "lon": 16.1, "rain_source": "modello", "rain_gauge_count": 0, "rain_gauge_km": null, "elevation_m": 241.0, "veg_class": "none", "vegetation_score": 0.1, "habitat_score": 0.1, "last_rain_date": "2026-09-25", "days_since_rain": 10, "rain_7d_mm": 0.0, "et0_7d_mm": 26.4, "humidity_pct": 60, "humidity_min_pct": 25, "soil_moisture": 0.159, "soil_moisture_deep": 0.196, "soil_temp_c": 15.8, "weather_score": 0.24, "daily_dates": ["2026-09-19", "2026-09-20", "2026-09-21", "2026-09-22", "2026-09-23", "2026-09-24", "2026-09-25", "2026-09-26", "2026-09-27", "2026-09-28", "2026-09-29", "2026-09-30", "2026-10-01", "2026-10-02", "2026-10-03", "2026-10-04", "2026-10-05"], "daily_precip_mm": [0.0, 1.8, 0.0, 0.9, 0.0, 0.0, 10.3, 0.0, 0.0, 0.0, 0.0, 0.0, 0.0, 0.0, 0.0, 0.0, 0.0], "daily_temp_mean_c": [20.5, 20.8, 20.1, 19.8, 17.3, 17.2, 16.8, 16.7, 17.7, 18.2, 18.9, 19.1, 19.2, 18.9, 18.4, 17.6, 17.0], "daily_et0_mm": [2.7, 3.0, 2.5, 3.2, 4.7, 3.8, 1.8, 4.1, 3.8, 3.9, 4.0, 3.9, 4.0, 3.7, 4.0, 3.8, 2.8]}}, {"type": "Feature", "geometry": {"type": "Point", "coordinates": [16.4, 39.6]}, "properties": {"lat": 39.6, "lon": 16.4, "rain_source": "modello", "rain_gauge_count": 0, "rain_gauge_km": null, "elevation_m": 200.0, "veg_class": "none", "vegetation_score": 0.1, "habitat_score": 0.1, "last_rain_date": "2026-09-25", "days_since_rain": 10, "rain_7d_mm": 0.0, "et0_7d_mm": 23.3, "humidity_pct": 89, "humidity_min_pct": 31, "soil_moisture": 0.158, "soil_moisture_deep": 0.185, "soil_temp_c": 12.3, "weather_score": 0.315, "daily_dates": ["2026-09-19", "2026-09-20", "2026-09-21", "2026-09-22", "2026-09-23", "2026-09-24", "2026-09-25", "2026-09-26", "2026-09-27", "2026-09-28", "2026-09-29", "2026-09-30", "2026-10-01", "2026-10-02", "2026-10-03", "2026-10-04", "2026-10-05"], "daily_precip_mm": [0.0, 1.5, 0.5, 2.1, 0.0, 0.0, 11.1, 0.5, 0.1, 0.0, 0.0, 0.0, 0.0, 0.0, 0.0, 0.0, 0.0], "daily_temp_mean_c": [18.0, 17.4, 17.8, 15.9, 12.2, 13.6, 13.8, 11.6, 13.0, 13.7, 14.1, 13.9, 14.2, 14.1, 13.2, 13.1, 13.6], "daily_et0_mm": [3.0, 2.7, 3.0, 2.5, 3.4, 3.5, 1.4, 2.2, 2.6, 3.3, 3.4, 3.2, 3.4, 3.3, 3.4, 3.3, 3.3]}}, {"type": "Feature", "geometry": {"type": "Point", "coordinates": [16.7, 39.6]}, "properties": {"lat": 39.6, "lon": 16.7, "rain_source": "modello", "rain_gauge_count": 0, "rain_gauge_km": null, "elevation_m": 45.0, "veg_class": "none", "vegetation_score": 0.1, "habitat_score": 0.094, "last_rain_date": "2026-09-25", "days_since_rain": 10, "rain_7d_mm": 0.1, "et0_7d_mm": 23.3, "humidity_pct": 89, "humidity_min_pct": 31, "soil_moisture": 0.158, "soil_moisture_deep": 0.185, "soil_temp_c": 12.3, "weather_score": 0.316, "daily_dates": ["2026-09-19", "2026-09-20", "2026-09-21", "2026-09-22", "2026-09-23", "2026-09-24", "2026-09-25", "2026-09-26", "2026-09-27", "2026-09-28", "2026-09-29", "2026-09-30", "2026-10-01", "2026-10-02", "2026-10-03", "2026-10-04", "2026-10-05"], "daily_precip_mm": [0.0, 1.4, 0.0, 1.2, 0.0, 0.0, 6.3, 0.9, 0.3, 0.0, 0.0, 0.1, 0.0, 0.0, 0.0, 0.0, 0.0], "daily_temp_mean_c": [18.0, 17.4, 17.8, 15.9, 12.2, 13.6, 13.8, 11.6, 13.0, 13.7, 14.1, 13.9, 14.2, 14.1, 13.2, 13.1, 13.6], "daily_et0_mm": [3.0, 2.7, 3.0, 2.5, 3.4, 3.5, 1.4, 2.2, 2.6, 3.3, 3.4, 3.2, 3.4, 3.3, 3.4, 3.3, 3.3]}}, {"type": "Feature", "geometry": {"type": "Point", "coordinates": [8.6, 39.9]}, "properties": {"lat": 39.9, "lon": 8.6, "rain_source": "misto", "rain_gauge_count": 3, "rain_gauge_km": 1.7, "elevation_m": 13.0, "veg_class": "none", "vegetation_score": 0.1, "habitat_score": 0.056, "last_rain_date": null, "days_since_rain": null, "rain_7d_mm": 0.1, "et0_7d_mm": 30.2, "humidity_pct": 81, "humidity_min_pct": 28, "soil_moisture": 0.104, "soil_moisture_deep": 0.146, "soil_temp_c": 24.7, "weather_score": 0.15, "daily_dates": ["2026-09-19", "2026-09-20", "2026-09-21", "2026-09-22", "2026-09-23", "2026-09-24", "2026-09-25", "2026-09-26", "2026-09-27", "2026-09-28", "2026-09-29", "2026-09-30", "2026-10-01", "2026-10-02", "2026-10-03", "2026-10-04", "2026-10-05"], "daily_precip_mm": [0.0, 0.0, 0.0, 0.0, 0.0, 0.0, 0.0, 0.0, 0.0, 0.0, 0.0, 0.0, 0.0, 0.0, 0.0, 0.0, 0.1], "daily_temp_mean_c": [21.6, 23.1, 22.9, 23.9, 24.0, 23.1, 22.9, 24.2, 23.1, 23.4, 24.1, 24.1, 23.9, 24.6, 23.8, 24.6, 24.6], "daily_et0_mm": [4.2, 4.2, 3.6, 4.2, 4.2, 3.5, 3.6, 4.6, 4.3, 4.0, 4.6, 3.8, 3.4, 3.5, 5.2, 5.6, 4.2]}}, {"type": "Feature", "geometry": {"type": "Point", "coordinates": [8.9, 39.9]}, "properties": {"lat": 39.9, "lon": 8.9, "rain_source": "misto", "rain_gauge_count": 3, "rain_gauge_km": 5.4, "elevation_m": 314.0, "veg_class": "none", "vegetation_score": 0.1, "habitat_score": 0.1, "last_rain_date": null, "days_since_rain": null, "rain_7d_mm": 0.7, "et0_7d_mm": 26.2, "humidity_pct": 84, "humidity_min_pct": 38, "soil_moisture": 0.094, "soil_moisture_deep": 0.114, "soil_temp_c": 21.0, "weather_score": 0.151, "daily_dates": ["2026-09-19", "2026-09-20", "2026-09-21", "2026-09-22", "2026-09-23", "2026-09-24", "2026-09-25", "2026-09-26", "2026-09-27", "2026-09-28", "2026-09-29", "2026-09-30", "2026-10-01", "2026-10-02", "2026-10-03", "2026-10-04", "2026-10-05"], "daily_precip_mm": [0.0, 0.7, 0.0, 0.0, 0.0, 0.0, 0.0, 0.0, 0.0, 0.0, 0.0, 0.0, 0.0, 0.0, 0.0, 0.0, 0.7], "daily_temp_mean_c": [20.6, 21.9, 21.0, 21.7, 21.8, 21.1, 20.8, 21.7, 20.6, 20.9, 20.5, 20.5, 21.3, 21.1, 20.0, 21.2, 21.3], "daily_et0_mm": [4.3, 3.9, 3.9, 4.4, 4.1, 3.4, 3.9, 4.6, 3.7, 3.8, 4.2, 3.2, 3.4, 3.7, 4.1, 4.1, 3.5]}}, {"type": "Feature", "geometry": {"type": "Point", "coordinates": [9.2, 39.9]}, "properties": {"lat": 39.9, "lon": 9.2, "rain_source": "misto", "rain_gauge_count": 3, "rain_gauge_km": 4.7, "elevation_m": 424.0, "veg_class": "broadleaf", "vegetation_score": 1.0, "habitat_score": 1.0, "last_rain_date": "2026-09-20", "days_since_rain": 15, "rain_7d_mm": 1.0, "et0_7d_mm": 26.2, "humidity_pct": 84, "humidity_min_pct": 38, "soil_moisture": 0.094, "soil_moisture_deep": 0.114, "soil_temp_c": 21.0, "weather_score": 0.153, "daily_dates": ["2026-09-19", "2026-09-20", "2026-09-21", "2026-09-22", "2026-09-23", "2026-09-24", "2026-09-25", "2026-09-26", "2026-09-27", "2026-09-28", "2026-09-29", "2026-09-30", "2026-10-01", "2026-10-02", "2026-10-03", "2026-10-04", "2026-10-05"], "daily_precip_mm": [0.0, 10.1, 0.1, 0.0, 0.0, 0.0, 0.1, 0.0, 0.0, 0.1, 0.0, 0.0, 0.1, 0.0, 0.0, 0.0, 0.9], "daily_temp_mean_c": [20.6, 21.9, 21.0, 21.7, 21.8, 21.1, 20.8, 21.7, 20.6, 20.9, 20.5, 20.5, 21.3, 21.1, 20.0, 21.2, 21.3], "daily_et0_mm": [4.3, 3.9, 3.9, 4.4, 4.1, 3.4, 3.9, 4.6, 3.7, 3.8, 4.2, 3.2, 3.4, 3.7, 4.1, 4.1, 3.5]}}, {"type": "Feature", "geometry": {"type": "Point", "coordinates": [9.5, 39.9]}, "properties": {"lat": 39.9, "lon": 9.5, "rain_source": "misto", "rain_gauge_count": 3, "rain_gauge_km": 0.6, "elevation_m": 845.0, "veg_class": "conifer", "vegetation_score": 1.0, "habitat_score": 1.0, "last_rain_date": "2026-10-05", "days_since_rain": 0, "rain_7d_mm": 2.0, "et0_7d_mm": 18.9, "humidity_pct": 89, "humidity_min_pct": 55, "soil_moisture": 0.11, "soil_moisture_deep": 0.097, "soil_temp_c": 17.5, "weather_score": 0.556, "daily_dates": ["2026-09-19", "2026-09-20", "2026-09-21", "2026-09-22", "2026-09-23", "2026-09-24", "2026-09-25", "2026-09-26", "2026-09-27", "2026-09-28", "2026-09-29", "2026-09-30", "2026-10-01", "2026-10-02", "2026-10-03", "2026-10-04", "2026-10-05"], "daily_precip_mm": [0.4, 0.8, 0.3, 0.0, 0.2, 0.2, 0.0, 0.0, 0.0, 0.2, 0.0, 0.2, 0.0, 0.0, 0.2, 0.0, 1.6], "daily_temp_mean_c": [18.0, 18.0, 18.7, 19.0, 17.9, 18.6, 18.8, 17.7, 17.0, 17.0, 16.9, 16.8, 17.4, 17.0, 16.2, 16.7, 17.1], "daily_et0_mm": [2.7, 2.3, 3.6, 3.7, 2.9, 3.5, 3.8, 3.9, 3.0, 3.2, 3.1, 2.7, 2.9, 2.9, 2.7, 2.3, 2.5]}}, {"type": "Feature", "geometry": {"type": "Point", "coordinates": [15.8, 39.9]}, "properties": {"lat": 39.9, "lon": 15.8, "rain_source": "pluviometri", "rain_gauge_count": 3, "rain_gauge_km": 4.9, "elevation_m": 502.0, "veg_class": "none", "vegetation_score": 0.1, "habitat_score": 0.1, "last_rain_date": "2026-09-25", "days_since_rain": 10, "rain_7d_mm": 0.0, "et0_7d_mm": 25.6, "humidity_pct": 89, "humidity_min_pct": 26, "soil_moisture": 0.181, "soil_moisture_deep": 0.213, "soil_temp_c": 15.5, "weather_score": 0.337, "daily_dates": ["2026-09-19", "2026-09-20", "2026-09-21", "2026-09-22", "2026-09-23", "2026-09-24", "2026-09-25", "2026-09-26", "2026-09-27", "2026-09-28", "2026-09-29", "2026-09-30", "2026-10-01", "2026-10-02", "2026-10-03", "2026-10-04", "2026-10-05"], "daily_precip_mm": [0.2, 0.3, 0.0, 0.0, 0.0, 0.0, 11.2, 0.0, 0.0, 0.0, 0.0, 0.0, 0.0, 0.0, 0.0, 0.0, 0.0], "daily_temp_mean_c": [19.7, 20.2, 19.8, 18.6, 15.6, 15.1, 15.6, 14.6, 16.6, 16.2, 17.1, 16.8, 17.3, 17.0, 16.4, 15.7, 15.0], "daily_et0_mm": [3.2, 2.8, 3.3, 3.6, 4.2, 3.7, 1.9, 3.6, 3.4, 3.7, 3.9, 3.7, 4.0, 3.8, 3.8, 3.2, 3.2]}}, {"type": "Feature", "geometry": {"type": "Point", "coordinates": [16.1, 39.9]}, "properties": {"lat": 39.9, "lon": 16.1, "rain_source": "pluviometri", "rain_gauge_count": 3, "rain_gauge_km": 6.1, "elevation_m": 1532.0, "veg_class": "broadleaf", "vegetation_score": 1.0, "habitat_score": 0.769, "last_rain_date": "2026-09-25", "days_since_rain": 10, "rain_7d_mm": 0.0, "et0_7d_mm": 25.6, "humidity_pct": 89, "humidity_min_pct": 26, "soil_moisture": 0.181, "soil_moisture_deep": 0.213, "soil_temp_c": 15.5, "weather_score": 0.338, "daily_dates": ["2026-09-19", "2026-09-20", "2026-09-21", "2026-09-22", "2026-09-23", "2026-09-24", "2026-09-25", "2026-09-26", "2026-09-27", "2026-09-28", "2026-09-29", "2026-09-30", "2026-10-01", "2026-10-02", "2026-10-03", "2026-10-04", "2026-10-05"], "daily_precip_mm": [0.2, 3.5, 0.0, 0.0, 0.0, 0.0, 9.0, 0.0, 0.0, 0.0, 0.0, 0.0, 0.0, 0.0, 0.0, 0.0, 0.0], "daily_temp_mean_c": [19.7, 20.2, 19.8, 18.6, 15.6, 15.1, 15.6, 14.6, 16.6, 16.2, 17.1, 16.8, 17.3, 17.0, 16.4, 15.7, 15.0], "daily_et0_mm": [3.2, 2.8, 3.3, 3.6, 4.2, 3.7, 1.9, 3.6, 3.4, 3.7, 3.9, 3.7, 4.0, 3.8, 3.8, 3.2, 3.2]}}, {"type": "Feature", "geometry": {"type": "Point", "coordinates": [16.4, 39.9]}, "properties": {"lat": 39.9, "lon": 16.4, "rain_source": "pluviometri", "rain_gauge_count": 3, "rain_gauge_km": 12.7, "elevation_m": 767.0, "veg_class": "broadleaf", "vegetation_score": 1.0, "habitat_score": 1.0, "last_rain_date": "2026-09-25", "days_since_rain": 10, "rain_7d_mm": 0.0, "et0_7d_mm": 29.9, "humidity_pct": 66, "humidity_min_pct": 30, "soil_moisture": 0.177, "soil_moisture_deep": 0.196, "soil_temp_c": 19.5, "weather_score": 0.267, "daily_dates": ["2026-09-19", "2026-09-20", "2026-09-21", "2026-09-22", "2026-09-23", "2026-09-24", "2026-09-25", "2026-09-26", "2026-09-27", "2026-09-28", "2026-09-29", "2026-09-30", "2026-10-01", "2026-10-02", "2026-10-03", "2026-10-04", "2026-10-05"], "daily_precip_mm": [0.6, 1.8, 0.0, 0.0, 0.0, 0.0, 6.8, 0.0, 0.0, 0.0, 0.0, 0.0, 0.0, 0.0, 0.0, 0.0, 0.0], "daily_temp_mean_c": [23.9, 23.6, 23.5, 22.6, 19.4, 18.4, 18.9, 19.0, 20.3, 19.9, 20.8, 20.6, 20.7, 20.7, 19.9, 19.0, 18.7], "daily_et0_mm": [3.9, 3.7, 4.2, 5.4, 5.3, 4.5, 2.8, 4.8, 4.5, 4.3, 4.4, 4.7, 4.4, 4.2, 4.2, 4.3, 3.8]}}, {"type": "Feature", "geometry": {"type": "Point", "coordinates": [18.2, 39.9]}, "properties": {"lat": 39.9, "lon": 18.2, "rain_source": "modello", "rain_gauge_count": 0, "rain_gauge_km": null, "elevation_m": 103.0, "veg_class": "none", "vegetation_score": 0.1, "habitat_score": 0.1, "last_rain_date": "2026-09-25", "days_since_rain": 10, "rain_7d_mm": 0.2, "et0_7d_mm": 27.2, "humidity_pct": 88, "humidity_min_pct": 29, "soil_moisture": 0.139, "soil_moisture_deep": 0.197, "soil_temp_c": 20.4, "weather_score": 0.306, "daily_dates": ["2026-09-19", "2026-09-20", "2026-09-21", "2026-09-22", "2026-09-23", "2026-09-24", "2026-09-25", "2026-09-26", "2026-09-27", "2026-09-28", "2026-09-29", "2026-09-30", "2026-10-01", "2026-10-02", "2026-10-03", "2026-10-04", "2026-10-05"], "daily_precip_mm": [0.0, 0.5, 0.2, 0.0, 0.0, 0.0, 1.4, 0.2, 0.0, 0.0, 0.0, 0.2, 0.0, 0.0, 0.0, 0.0, 0.0], "daily_temp_mean_c": [24.9, 24.8, 24.4, 23.7, 20.7, 20.7, 20.8, 20.0, 21.5, 21.6, 21.8, 21.6, 21.4, 20.8, 20.5, 20.0, 19.8], "daily_et0_mm": [3.3, 3.6, 3.8, 5.9, 5.7, 4.1, 2.9, 4.2, 4.9, 4.7, 4.4, 3.4, 4.4, 4.0, 4.1, 3.9, 3.1]}}, {"type": "Feature", "geometry": {"type": "Point", "coordinates": [8.6, 40.2]}, "properties": {"lat": 40.2, "lon": 8.6, "rain_source": "pluviometri", "rain_gauge_count": 3, "rain_gauge_km": 3.3, "elevation_m": 537.0, "veg_class": "none", "vegetation_score": 0.1, "habitat_score": 0.1, "last_rain_date": null, "days_since_rain": null, "rain_7d_mm": 0.0, "et0_7d_mm": 30.2, "humidity_pct": 81, "humidity_min_pct": 28, "soil_moisture": 0.104, "soil_moisture_deep": 0.146, "soil_temp_c": 24.7, "weather_score": 0.149, "daily_dates": ["2026-09-19", "2026-09-20", "2026-09-21", "2026-09-22", "2026-09-23", "2026-09-24", "2026-09-25", "2026-09-26", "2026-09-27", "2026-09-28", "2026-09-29", "2026-09-30", "2026-10-01", "2026-10-02", "2026-10-03", "2026-10-04", "2026-10-05"], "daily_precip_mm": [0.0, 0.0, 0.0, 0.0, 0.0, 0.0, 0.2, 0.0, 0.0, 0.0, 0.0, 0.0, 0.0, 0.0, 0.0, 0.0, 0.0], "daily_temp_mean_c": [21.6, 23.1, 22.9, 23.9, 24.0, 23.1, 22.9, 24.2, 23.1, 23.4, 24.1, 24.1, 23.9, 24.6, 23.8, 24.6, 24.6], "daily_et0_mm": [4.2, 4.2, 3.6, 4.2, 4.2, 3.5, 3.6, 4.6, 4.3, 4.0, 4.6, 3.8, 3.4, 3.5, 5.2, 5.6, 4.2]}}, {"type": "Feature", "geometry": {"type": "Point", "coordinates": [8.9, 40.2]}, "properties": {"lat": 40.2, "lon": 8.9, "rain_source": "misto", "rain_gauge_count": 3, "rain_gauge_km": 3.4, "elevation_m": 300.0, "veg_class": "none", "vegetation_score": 0.1, "habitat_score": 0.1, "last_rain_date": "2026-09-20", "days_since_rain": 15, "rain_7d_mm": 0.5, "et0_7d_mm": 26.2, "humidity_pct": 84, "humidity_min_pct": 38, "soil_moisture": 0.094, "soil_moisture_deep": 0.114, "soil_temp_c": 21.0, "weather_score": 0.149, "daily_dates": ["2026-09-19", "2026-09-20", "2026-09-21", "2026-09-22", "2026-09-23", "2026-09-24", "2026-09-25", "2026-09-26", "2026-09-27", "2026-09-28", "2026-09-29", "2026-09-30", "2026-10-01", "2026-10-02", "2026-10-03", "2026-10-04", "2026-10-05"], "daily_precip_mm": [0.0, 8.5, 0.0, 0.0, 0.0, 0.3, 0.1, 0.0, 0.0, 0.0, 0.0, 0.0, 0.0, 0.0, 0.0, 0.0, 0.5], "daily_temp_mean_c": [20.6, 21.9, 21.0, 21.7, 21.8, 21.1, 20.8, 21.7, 20.6, 20.9, 20.5, 20.5, 21.3, 21.1, 20.0, 21.2, 21.3], "daily_et0_mm": [4.3, 3.9, 3.9, 4.4, 4.1, 3.4, 3.9, 4.6, 3.7, 3.8, 4.2, 3.2, 3.4, 3.7, 4.1, 4.1, 3.5]}}, {"type": "Feature", "geometry": {"type": "Point", "coordinates": [9.2, 40.2]}, "properties": {"lat": 40.2, "lon": 9.2, "rain_source": "misto", "rain_gauge_count": 3, "rain_gauge_km": 6.0, "elevation_m": 922.0, "veg_class": "broadleaf", "vegetation_score": 1.0, "habitat_score": 1.0, "last_rain_date": null, "days_since_rain": null, "rain_7d_mm": 0.7, "et0_7d_mm": 26.2, "humidity_pct": 84, "humidity_min_pct": 38, "soil_moisture": 0.094, "soil_moisture_deep": 0.114, "soil_temp_c": 21.0, "weather_score": 0.15, "daily_dates": ["2026-09-19", "2026-09-20", "2026-09-21", "2026-09-22", "2026-09-23", "2026-09-24", "2026-09-25", "2026-09-26", "2026-09-27", "2026-09-28", "2026-09-29", "2026-09-30", "2026-10-01", "2026-10-02", "2026-10-03", "2026-10-04", "2026-10-05"], "daily_precip_mm": [0.1, 0.1, 0.0, 0.1, 0.1, 0.1, 0.1, 0.1, 0.0, 0.1, 0.0, 0.0, 0.1, 0.0, 0.0, 0.0, 0.6], "daily_temp_mean_c": [20.6, 21.9, 21.0, 21.7, 21.8, 21.1, 20.8, 21.7, 20.6, 20.9, 20.5, 20.5, 21.3, 21.1, 20.0, 21.2, 21.3], "daily_et0_mm": [4.3, 3.9, 3.9, 4.4, 4.1, 3.4, 3.9, 4.6, 3.7, 3.8, 4.2, 3.2, 3.4, 3.7, 4.1, 4.1, 3.5]}}, {"type": "Feature", "geometry": {"type": "Point", "coordinates": [9.5, 40.2]}, "properties": {"lat": 40.2, "lon": 9.5, "rain_source": "misto", "rain_gauge_count": 3, "rain_gauge_km": 4.6, "elevation_m": 969.0, "veg_class": "none", "vegetation_score": 0.1, "habitat_score": 0.1, "last_rain_date": "2026-10-05", "days_since_rain": 0, "rain_7d_mm": 1.6, "et0_7d_mm": 18.9, "humidity_pct": 89, "humidity_min_pct": 55, "soil_moisture": 0.11, "soil_moisture_deep": 0.097, "soil_temp_c": 17.5, "weather_score": 0.552, "daily_dates": ["2026-09-19", "2026-09-20", "2026-09-21", "2026-09-22", "2026-09-23", "2026-09-24", "2026-09-25", "2026-09-26", "2026-09-27", "2026-09-28", "2026-09-29", "2026-09-30", "2026-10-01", "2026-10-02", "2026-10-03", "2026-10-04", "2026-10-05"], "daily_precip_mm": [1.2, 0.2, 0.0, 0.0, 0.1, 0.0, 0.0, 0.0, 0.0, 0.0, 0.0, 0.1, 0.0, 0.0, 0.0, 0.0, 1.5], "daily_temp_mean_c": [18.0, 18.0, 18.7, 19.0, 17.9, 18.6, 18.8, 17.7, 17.0, 17.0, 16.9, 16.8, 17.4, 17.0, 16.2, 16.7, 17.1], "daily_et0_mm": [2.7, 2.3, 3.6, 3.7, 2.9, 3.5, 3.8, 3.9, 3.0, 3.2, 3.1, 2.7, 2.9, 2.9, 2.7, 2.3, 2.5]}}, {"type": "Feature", "geometry": {"type": "Point", "coordinates": [15.2, 40.2]}, "properties": {"lat": 40.2, "lon": 15.2, "rain_source": "pluviometri", "rain_gauge_count": 3, "rain_gauge_km": 3.2, "elevation_m": 84.0, "veg_class": "none", "vegetation_score": 0.1, "habitat_score": 0.1, "last_rain_date": "2026-09-25", "days_since_rain": 10, "rain_7d_mm": 0.0, "et0_7d_mm": 28.2, "humidity_pct": 70, "humidity_min_pct": 52, "soil_moisture": 0.0, "soil_moisture_deep": 0.0, "soil_temp_c": 25.0, "weather_score": 0.202, "daily_dates": ["2026-09-19", "2026-09-20", "2026-09-21", "2026-09-22", "2026-09-23", "2026-09-24", "2026-09-25", "2026-09-26", "2026-09-27", "2026-09-28", "2026-09-29", "2026-09-30", "2026-10-01", "2026-10-02", "2026-10-03", "2026-10-04", "2026-10-05"], "daily_precip_mm": [0.8, 0.2, 0.0, 0.0, 0.0, 0.0, 28.8, 0.0, 0.0, 0.1, 0.0, 0.0, 0.0, 0.0, 0.0, 0.0, 0.0], "daily_temp_mean_c": [25.2, 25.3, 25.6, 25.2, 22.8, 23.5, 22.2, 22.2, 22.5, 23.4, 23.7, 24.2, 24.2, 23.8, 23.4, 23.3, 23.0], "daily_et0_mm": [3.0, 3.8, 3.8, 4.3, 5.8, 4.4, 2.5, 5.5, 4.7, 4.2, 4.2, 4.7, 4.1, 3.9, 3.8, 4.1, 3.3]}}, {"type": "Feature", "geometry": {"type": "Point", "coordinates": [15.5, 40.2]}, "properties": {"lat": 40.2, "lon": 15.5, "rain_source": "pluviometri", "rain_gauge_count": 3, "rain_gauge_km": 5.8, "elevation_m": 588.0, "veg_class": "broadleaf", "vegetation_score": 1.0, "habitat_score": 1.0, "last_rain_date": "2026-09-25", "days_since_rain": 10, "rain_7d_mm": 0.0, "et0_7d_mm": 26.0, "humidity_pct": 85, "humidity_min_pct": 29, "soil_moisture": 0.179, "soil_moisture_deep": 0.201, "soil_temp_c": 22.1, "weather_score": 0.322, "daily_dates": ["2026-09-19", "2026-09-20", "2026-09-21", "2026-09-22", "2026-09-23", "2026-09-24", "2026-09-25", "2026-09-26", "2026-09-27", "2026-09-28", "2026-09-29", "2026-09-30", "2026-10-01", "2026-10-02", "2026-10-03", "2026-10-04", "2026-10-05"], "daily_precip_mm": [0.2, 0.4, 0.0, 0.0, 0.0, 0.0, 26.9, 0.0, 0.0, 0.0, 0.0, 0.0, 0.0, 0.0, 0.0, 0.0, 0.0], "daily_temp_mean_c": [24.8, 25.2, 25.1, 24.8, 22.3, 21.6, 20.7, 21.0, 21.7, 21.8, 22.6, 22.7, 22.8, 22.5, 22.0, 21.6, 21.3], "daily_et0_mm": [3.0, 3.6, 3.4, 4.5, 5.2, 4.1, 2.2, 4.5, 4.0, 3.7, 4.0, 3.9, 3.8, 3.7, 3.7, 3.4, 3.4]}}, {"type": "Feature", "geometry": {"type": "Point", "coordinates": [15.8, 40.2]}, "properties": {"lat": 40.2, "lon": 15.8, "rain_source": "pluviometri", "rain_gauge_count": 3, "rain_gauge_km": 8.0, "elevation_m": 1143.0, "veg_class": "broadleaf", "vegetation_score": 1.0, "habitat_score": 1.0, "last_rain_date": "2026-09-25", "days_since_rain": 10, "rain_7d_mm": 0.0, "et0_7d_mm": 25.6, "humidity_pct": 89, "humidity_min_pct": 26, "soil_moisture": 0.181, "soil_moisture_deep": 0.213, "soil_temp_c": 15.5, "weather_score": 0.337, "daily_dates": ["2026-09-19", "2026-09-20", "2026-09-21", "2026-09-22", "2026-09-23", "2026-09-24", "2026-09-25", "2026-09-26", "2026-09-27", "2026-09-28", "2026-09-29", "2026-09-30", "2026-10-01", "2026-10-02", "2026-10-03", "2026-10-04", "2026-10-05"], "daily_precip_mm": [0.1, 9.0, 0.1, 0.0, 0.0, 0.0, 8.1, 0.0, 0.0, 0.0, 0.0, 0.0, 0.0, 0.0, 0.0, 0.0, 0.0], "daily_temp_mean_c": [19.7, 20.2, 19.8, 18.6, 15.6, 15.1, 15.6, 14.6, 16.6, 16.2, 17.1, 16.8, 17.3, 17.0, 16.4, 15.7, 15.0], "daily_et0_mm": [3.2, 2.8, 3.3, 3.6, 4.2, 3.7, 1.9, 3.6, 3.4, 3.7, 3.9, 3.7, 4.0, 3.8, 3.8, 3.2, 3.2]}}, {"type": "Feature", "geometry": {"type": "Point", "coordinates": [16.1, 40.2]}, "properties": {"lat": 40.2, "lon": 16.1, "rain_source": "pluviometri", "rain_gauge_count": 3, "rain_gauge_km": 6.8, "elevation_m": 635.0, "veg_class": "none", "vegetation_score": 0.1, "habitat_score": 0.1, "last_rain_date": "2026-09-25", "days_since_rain": 10, "rain_7d_mm": 0.0, "et0_7d_mm": 25.6, "humidity_pct": 89, "humidity_min_pct": 26, "soil_moisture": 0.181, "soil_moisture_deep": 0.213, "soil_temp_c": 15.5, "weather_score": 0.337, "daily_dates": ["2026-09-19", "2026-09-20", "2026-09-21", "2026-09-22", "2026-09-23", "2026-09-24", "2026-09-25", "2026-09-26", "2026-09-27", "2026-09-28", "2026-09-29", "2026-09-30", "2026-10-01", "2026-10-02", "2026-10-03", "2026-10-04", "2026-10-05"], "daily_precip_mm": [0.1, 2.1, 0.1, 0.0, 0.0, 0.0, 8.2, 0.0, 0.0, 0.0, 0.0, 0.0, 0.0, 0.0, 0.0, 0.0, 0.0], "daily_temp_mean_c": [19.7, 20.2, 19.8, 18.6, 15.6, 15.1, 15.6, 14.6, 16.6, 16.2, 17.1, 16.8, 17.3, 17.0, 16.4, 15.7, 15.0], "daily_et0_mm": [3.2, 2.8, 3.3, 3.6, 4.2, 3.7, 1.9, 3.6, 3.4, 3.7, 3.9, 3.7, 4.0, 3.8, 3.8, 3.2, 3.2]}}, {"type": "Feature", "geometry": {"type": "Point", "coordinates": [16.4, 40.2]}, "properties": {"lat": 40.2, "lon": 16.4, "rain_source": "pluviometri", "rain_gauge_count": 3, "rain_gauge_km": 4.5, "elevation_m": 448.0, "veg_class": "none", "vegetation_score": 0.1, "habitat_score": 0.1, "last_rain_date": "2026-09-25", "days_since_rain": 10, "rain_7d_mm": 0.0, "et0_7d_mm": 29.9, "humidity_pct": 66, "humidity_min_pct": 30, "soil_moisture": 0.177, "soil_moisture_deep": 0.196, "soil_temp_c": 19.5, "weather_score": 0.267, "daily_dates": ["2026-09-19", "2026-09-20", "2026-09-21", "2026-09-22", "2026-09-23", "2026-09-24", "2026-09-25", "2026-09-26", "2026-09-27", "2026-09-28", "2026-09-29", "2026-09-30", "2026-10-01", "2026-10-02", "2026-10-03", "2026-10-04", "2026-10-05"], "daily_precip_mm": [0.0, 4.6, 0.0, 0.0, 0.0, 0.0, 9.4, 0.0, 0.0, 0.0, 0.0, 0.0, 0.0, 0.0, 0.0, 0.0, 0.0], "daily_temp_mean_c": [23.9, 23.6, 23.5, 22.6, 19.4, 18.4, 18.9, 19.0, 20.3, 19.9, 20.8, 20.6, 20.7, 20.7, 19.9, 19.0, 18.7], "daily_et0_mm": [3.9, 3.7, 4.2, 5.4, 5.3, 4.5, 2.8, 4.8, 4.5, 4.3, 4.4, 4.7, 4.4, 4.2, 4.2, 4.3, 3.8]}}, {"type": "Feature", "geometry": {"type": "Point", "coordinates": [16.7, 40.2]}, "properties": {"lat": 40.2, "lon": 16.7, "rain_source": "pluviometri", "rain_gauge_count": 3, "rain_gauge_km": 5.8, "elevation_m": 3.0, "veg_class": "none", "vegetation_score": 0.1, "habitat_score": 0.044, "last_rain_date": "2026-09-25", "days_since_rain": 10, "rain_7d_mm": 0.0, "et0_7d_mm": 29.9, "humidity_pct": 66, "humidity_min_pct": 30, "soil_moisture": 0.177, "soil_moisture_deep": 0.196, "soil_temp_c": 19.5, "weather_score": 0.267, "daily_dates": ["2026-09-19", "2026-09-20", "2026-09-21", "2026-09-22", "2026-09-23", "2026-09-24", "2026-09-25", "2026-09-26", "2026-09-27", "2026-09-28", "2026-09-29", "2026-09-30", "2026-10-01", "2026-10-02", "2026-10-03", "2026-10-04", "2026-10-05"], "daily_precip_mm": [0.0, 3.5, 0.0, 0.0, 0.0, 0.0, 17.9, 0.0, 0.0, 0.0, 0.0, 0.0, 0.0, 0.0, 0.0, 0.0, 0.0], "daily_temp_mean_c": [23.9, 23.6, 23.5, 22.6, 19.4, 18.4, 18.9, 19.0, 20.3, 19.9, 20.8, 20.6, 20.7, 20.7, 19.9, 19.0, 18.7], "daily_et0_mm": [3.9, 3.7, 4.2, 5.4, 5.3, 4.5, 2.8, 4.8, 4.5, 4.3, 4.4, 4.7, 4.4, 4.2, 4.2, 4.3, 3.8]}}, {"type": "Feature", "geometry": {"type": "Point", "coordinates": [18.2, 40.2]}, "properties": {"lat": 40.2, "lon": 18.2, "rain_source": "modello", "rain_gauge_count": 0, "rain_gauge_km": null, "elevation_m": 76.0, "veg_class": "none", "vegetation_score": 0.1, "habitat_score": 0.1, "last_rain_date": null, "days_since_rain": null, "rain_7d_mm": 0.0, "et0_7d_mm": 27.2, "humidity_pct": 88, "humidity_min_pct": 29, "soil_moisture": 0.139, "soil_moisture_deep": 0.197, "soil_temp_c": 20.4, "weather_score": 0.205, "daily_dates": ["2026-09-19", "2026-09-20", "2026-09-21", "2026-09-22", "2026-09-23", "2026-09-24", "2026-09-25", "2026-09-26", "2026-09-27", "2026-09-28", "2026-09-29", "2026-09-30", "2026-10-01", "2026-10-02", "2026-10-03", "2026-10-04", "2026-10-05"], "daily_precip_mm": [0.0, 0.2, 0.0, 0.0, 0.0, 0.0, 0.9, 0.4, 0.0, 0.0, 0.0, 0.0, 0.0, 0.0, 0.0, 0.0, 0.0], "daily_temp_mean_c": [24.9, 24.8, 24.4, 23.7, 20.7, 20.7, 20.8, 20.0, 21.5, 21.6, 21.8, 21.6, 21.4, 20.8, 20.5, 20.0, 19.8], "daily_et0_mm": [3.3, 3.6, 3.8, 5.9, 5.7, 4.1, 2.9, 4.2, 4.9, 4.7, 4.4, 3.4, 4.4, 4.0, 4.1, 3.9, 3.1]}}, {"type": "Feature", "geometry": {"type": "Point", "coordinates": [8.6, 40.5]}, "properties": {"lat": 40.5, "lon": 8.6, "rain_source": "misto", "rain_gauge_count": 3, "rain_gauge_km": 3.1, "elevation_m": 365.0, "veg_class": "none", "vegetation_score": 0.1, "habitat_score": 0.1, "last_rain_date": "2026-10-02", "days_since_rain": 3, "rain_7d_mm": 1.2, "et0_7d_mm": 21.3, "humidity_pct": 88, "humidity_min_pct": 33, "soil_moisture": 0.117, "soil_moisture_deep": 0.139, "soil_temp_c": 20.9, "weather_score": 0.483, "daily_dates": ["2026-09-19", "2026-09-20", "2026-09-21", "2026-09-22", "2026-09-23", "2026-09-24", "2026-09-25", "2026-09-26", "2026-09-27", "2026-09-28", "2026-09-29", "2026-09-30", "2026-10-01", "2026-10-02", "2026-10-03", "2026-10-04", "2026-10-05"], "daily_precip_mm": [0.0, 0.1, 0.0, 0.2, 0.0, 0.0, 0.0, 0.0, 0.0, 0.0, 0.0, 0.0, 0.0, 1.0, 0.0, 0.0, 0.1], "daily_temp_mean_c": [20.1, 21.4, 20.7, 21.7, 21.7, 20.3, 20.8, 21.0, 19.3, 20.5, 20.7, 20.9, 21.1, 21.0, 20.5, 21.5, 21.5], "daily_et0_mm": [3.9, 3.6, 3.6, 4.0, 4.0, 3.1, 3.2, 4.1, 3.5, 3.5, 3.5, 2.7, 2.5, 2.9, 3.3, 3.4, 3.0]}}, {"type": "Feature", "geometry": {"type": "Point", "coordinates": [8.9, 40.5]}, "properties": {"lat": 40.5, "lon": 8.9, "rain_source": "misto", "rain_gauge_count": 3, "rain_gauge_km": 8.7, "elevation_m": 422.0, "veg_class": "none", "vegetation_score": 0.1, "habitat_score": 0.1, "last_rain_date": "2026-10-05", "days_since_rain": 0, "rain_7d_mm": 1.2, "et0_7d_mm": 23.6, "humidity_pct": 90, "humidity_min_pct": 39, "soil_moisture": 0.094, "soil_moisture_deep": 0.11, "soil_temp_c": 20.4, "weather_score": 0.55, "daily_dates": ["2026-09-19", "2026-09-20", "2026-09-21", "2026-09-22", "2026-09-23", "2026-09-24", "2026-09-25", "2026-09-26", "2026-09-27", "2026-09-28", "2026-09-29", "2026-09-30", "2026-10-01", "2026-10-02", "2026-10-03", "2026-10-04", "2026-10-05"], "daily_precip_mm": [0.0, 1.2, 0.0, 0.0, 0.0, 0.0, 0.0, 0.0, 0.0, 0.0, 0.0, 0.0, 0.1, 0.0, 0.0, 0.0, 1.1], "daily_temp_mean_c": [19.8, 21.3, 20.8, 21.2, 21.1, 20.5, 20.5, 19.6, 19.5, 20.4, 20.7, 20.6, 20.8, 20.4, 19.6, 20.4, 20.3], "daily_et0_mm": [3.7, 3.3, 3.7, 4.3, 4.2, 3.7, 3.9, 4.3, 3.7, 3.8, 4.0, 2.9, 3.1, 3.2, 3.9, 3.5, 2.9]}}, {"type": "Feature", "geometry": {"type": "Point", "coordinates": [9.2, 40.5]}, "properties": {"lat": 40.5, "lon": 9.2, "rain_source": "misto", "rain_gauge_count": 3, "rain_gauge_km": 3.0, "elevation_m": 637.0, "veg_class": "broadleaf", "vegetation_score": 1.0, "habitat_score": 1.0, "last_rain_date": "2026-09-20", "days_since_rain": 15, "rain_7d_mm": 0.4, "et0_7d_mm": 23.6, "humidity_pct": 90, "humidity_min_pct": 39, "soil_moisture": 0.094, "soil_moisture_deep": 0.11, "soil_temp_c": 20.4, "weather_score": 0.163, "daily_dates": ["2026-09-19", "2026-09-20", "2026-09-21", "2026-09-22", "2026-09-23", "2026-09-24", "2026-09-25", "2026-09-26", "2026-09-27", "2026-09-28", "2026-09-29", "2026-09-30", "2026-10-01", "2026-10-02", "2026-10-03", "2026-10-04", "2026-10-05"], "daily_precip_mm": [1.0, 6.8, 0.3, 0.1, 0.1, 0.1, 0.1, 0.0, 0.0, 0.1, 0.0, 0.0, 0.0, 0.0, 0.0, 0.0, 0.3], "daily_temp_mean_c": [19.8, 21.3, 20.8, 21.2, 21.1, 20.5, 20.5, 19.6, 19.5, 20.4, 20.7, 20.6, 20.8, 20.4, 19.6, 20.4, 20.3], "daily_et0_mm": [3.7, 3.3, 3.7, 4.3, 4.2, 3.7, 3.9, 4.3, 3.7, 3.8, 4.0, 2.9, 3.1, 3.2, 3.9, 3.5, 2.9]}}, {"type": "Feature", "geometry": {"type": "Point", "coordinates": [9.5, 40.5]}, "properties": {"lat": 40.5, "lon": 9.5, "rain_source": "misto", "rain_gauge_count": 3, "rain_gauge_km": 4.3, "elevation_m": 518.0, "veg_class": "none", "vegetation_score": 0.1, "habitat_score": 0.1, "last_rain_date": null, "days_since_rain": null, "rain_7d_mm": 0.2, "et0_7d_mm": 22.1, "humidity_pct": 91, "humidity_min_pct": 46, "soil_moisture": 0.093, "soil_moisture_deep": 0.099, "soil_temp_c": 19.7, "weather_score": 0.161, "daily_dates": ["2026-09-19", "2026-09-20", "2026-09-21", "2026-09-22", "2026-09-23", "2026-09-24", "2026-09-25", "2026-09-26", "2026-09-27", "2026-09-28", "2026-09-29", "2026-09-30", "2026-10-01", "2026-10-02", "2026-10-03", "2026-10-04", "2026-10-05"], "daily_precip_mm": [0.1, 0.3, 0.1, 0.0, 0.0, 0.1, 0.1, 0.0, 0.0, 0.1, 0.0, 0.0, 0.0, 0.0, 0.0, 0.0, 0.2], "daily_temp_mean_c": [19.9, 20.1, 20.9, 21.0, 19.9, 20.9, 20.4, 18.9, 19.0, 19.2, 19.4, 19.3, 20.0, 19.6, 18.8, 19.8, 19.4], "daily_et0_mm": [3.0, 3.2, 3.5, 3.9, 3.3, 3.6, 3.4, 4.0, 3.3, 3.5, 3.5, 2.8, 3.1, 3.4, 3.2, 3.3, 2.8]}}, {"type": "Feature", "geometry": {"type": "Point", "coordinates": [9.8, 40.5]}, "properties": {"lat": 40.5, "lon": 9.8, "rain_source": "misto", "rain_gauge_count": 3, "rain_gauge_km": 12.2, "elevation_m": 101.0, "veg_class": "none", "vegetation_score": 0.1, "habitat_score": 0.1, "last_rain_date": "2026-09-20", "days_since_rain": 15, "rain_7d_mm": 0.4, "et0_7d_mm": 30.0, "humidity_pct": 80, "humidity_min_pct": 52, "soil_moisture": 0.0, "soil_moisture_deep": 0.0, "soil_temp_c": 26.3, "weather_score": 0.133, "daily_dates": ["2026-09-19", "2026-09-20", "2026-09-21", "2026-09-22", "2026-09-23", "2026-09-24", "2026-09-25", "2026-09-26", "2026-09-27", "2026-09-28", "2026-09-29", "2026-09-30", "2026-10-01", "2026-10-02", "2026-10-03", "2026-10-04", "2026-10-05"], "daily_precip_mm": [5.0, 1.4, 0.1, 0.0, 0.4, 0.0, 0.0, 0.0, 0.0, 0.0, 0.0, 0.0, 0.0, 0.0, 0.2, 0.0, 0.3], "daily_temp_mean_c": [24.7, 24.6, 25.7, 25.7, 25.3, 25.6, 25.0, 24.6, 24.6, 25.0, 25.2, 25.0, 25.1, 25.1, 24.0, 25.0, 24.5], "daily_et0_mm": [4.0, 3.2, 3.6, 4.3, 4.6, 4.4, 4.2, 5.1, 3.8, 4.4, 4.8, 4.1, 4.2, 4.0, 3.4, 5.2, 4.2]}}, {"type": "Feature", "geometry": {"type": "Point", "coordinates": [15.2, 40.5]}, "properties": {"lat": 40.5, "lon": 15.2, "rain_source": "pluviometri", "rain_gauge_count": 3, "rain_gauge_km": 3.7, "elevation_m": 67.0, "veg_class": "none", "vegetation_score": 0.1, "habitat_score": 0.1, "last_rain_date": "2026-09-25", "days_since_rain": 10, "rain_7d_mm": 0.0, "et0_7d_mm": 27.2, "humidity_pct": 81, "humidity_min_pct": 27, "soil_moisture": 0.123, "soil_moisture_deep": 0.162, "soil_temp_c": 20.6, "weather_score": 0.265, "daily_dates": ["2026-09-19", "2026-09-20", "2026-09-21", "2026-09-22", "2026-09-23", "2026-09-24", "2026-09-25", "2026-09-26", "2026-09-27", "2026-09-28", "2026-09-29", "2026-09-30", "2026-10-01", "2026-10-02", "2026-10-03", "2026-10-04", "2026-10-05"], "daily_precip_mm": [2.2, 0.0, 0.0, 0.0, 0.0, 0.0, 20.4, 0.0, 0.0, 0.0, 0.0, 0.0, 0.0, 0.0, 0.0, 0.0, 0.0], "daily_temp_mean_c": [23.6, 23.8, 23.9, 24.4, 21.2, 20.3, 21.0, 19.3, 19.7, 19.9, 20.4, 20.9, 20.9, 20.7, 20.5, 19.6, 19.4], "daily_et0_mm": [3.4, 4.0, 3.9, 5.6, 5.7, 4.3, 3.3, 4.4, 3.5, 3.9, 3.9, 4.3, 4.2, 4.0, 3.8, 3.7, 3.4]}}, {"type": "Feature", "geometry": {"type": "Point", "coordinates": [15.5, 40.5]}, "properties": {"lat": 40.5, "lon": 15.5, "rain_source": "pluviometri", "rain_gauge_count": 3, "rain_gauge_km": 7.5, "elevation_m": 441.0, "veg_class": "none", "vegetation_score": 0.1, "habitat_score": 0.1, "last_rain_date": "2026-09-25", "days_since_rain": 10, "rain_7d_mm": 0.0, "et0_7d_mm": 24.0, "humidity_pct": 93, "humidity_min_pct": 23, "soil_moisture": 0.117, "soil_moisture_deep": 0.141, "soil_temp_c": 16.0, "weather_score": 0.288, "daily_dates": ["2026-09-19", "2026-09-20", "2026-09-21", "2026-09-22", "2026-09-23", "2026-09-24", "2026-09-25", "2026-09-26", "2026-09-27", "2026-09-28", "2026-09-29", "2026-09-30", "2026-10-01", "2026-10-02", "2026-10-03", "2026-10-04", "2026-10-05"], "daily_precip_mm": [0.2, 7.0, 0.0, 0.0, 0.0, 0.0, 11.8, 0.0, 0.0, 0.0, 0.0, 0.0, 0.0, 0.0, 0.0, 0.0, 0.0], "daily_temp_mean_c": [20.5, 20.8, 20.8, 18.7, 15.3, 16.0, 16.2, 15.0, 15.8, 16.3, 17.0, 16.7, 17.1, 17.0, 17.0, 16.3, 16.5], "daily_et0_mm": [3.2, 3.3, 3.8, 3.9, 4.0, 3.8, 2.8, 3.4, 3.0, 3.5, 3.6, 3.2, 3.6, 3.6, 3.4, 3.5, 3.2]}}, {"type": "Feature", "geometry": {"type": "Point", "coordinates": [15.8, 40.5]}, "properties": {"lat": 40.5, "lon": 15.8, "rain_source": "pluviometri", "rain_gauge_count": 3, "rain_gauge_km": 3.3, "elevation_m": 1001.0, "veg_class": "broadleaf", "vegetation_score": 1.0, "habitat_score": 1.0, "last_rain_date": "2026-09-25", "days_since_rain": 10, "rain_7d_mm": 0.0, "et0_7d_mm": 22.3, "humidity_pct": 69, "humidity_min_pct": 31, "soil_moisture": 0.123, "soil_moisture_deep": 0.172, "soil_temp_c": 12.5, "weather_score": 0.236, "daily_dates": ["2026-09-19", "2026-09-20", "2026-09-21", "2026-09-22", "2026-09-23", "2026-09-24", "2026-09-25", "2026-09-26", "2026-09-27", "2026-09-28", "2026-09-29", "2026-09-30", "2026-10-01", "2026-10-02", "2026-10-03", "2026-10-04", "2026-10-05"], "daily_precip_mm": [0.0, 14.5, 0.1, 0.0, 0.0, 0.0, 9.1, 0.0, 0.0, 0.2, 0.0, 0.0, 0.0, 0.0, 0.0, 0.0, 0.0], "daily_temp_mean_c": [17.4, 17.6, 17.5, 15.2, 11.8, 13.4, 13.5, 11.5, 12.5, 13.5, 14.2, 13.7, 14.4, 14.0, 14.0, 13.1, 13.3], "daily_et0_mm": [2.5, 2.9, 3.7, 3.1, 3.2, 3.6, 2.6, 2.7, 2.4, 3.2, 3.2, 2.9, 3.3, 3.2, 3.1, 3.2, 3.3]}}, {"type": "Feature", "geometry": {"type": "Point", "coordinates": [16.1, 40.5]}, "properties": {"lat": 40.5, "lon": 16.1, "rain_source": "pluviometri", "rain_gauge_count": 3, "rain_gauge_km": 4.2, "elevation_m": 864.0, "veg_class": "none", "vegetation_score": 0.1, "habitat_score": 0.1, "last_rain_date": "2026-09-25", "days_since_rain": 10, "rain_7d_mm": 1.7, "et0_7d_mm": 22.3, "humidity_pct": 69, "humidity_min_pct": 31, "soil_moisture": 0.123, "soil_moisture_deep": 0.172, "soil_temp_c": 12.5, "weather_score": 0.25, "daily_dates": ["2026-09-19", "2026-09-20", "2026-09-21", "2026-09-22", "2026-09-23", "2026-09-24", "2026-09-25", "2026-09-26", "2026-09-27", "2026-09-28", "2026-09-29", "2026-09-30", "2026-10-01", "2026-10-02", "2026-10-03", "2026-10-04", "2026-10-05"], "daily_precip_mm": [0.5, 0.8, 0.3, 0.1, 0.2, 0.0, 3.5, 0.3, 0.2, 0.0, 0.8, 0.7, 0.0, 0.1, 0.0, 0.0, 0.0], "daily_temp_mean_c": [17.4, 17.6, 17.5, 15.2, 11.8, 13.4, 13.5, 11.5, 12.5, 13.5, 14.2, 13.7, 14.4, 14.0, 14.0, 13.1, 13.3], "daily_et0_mm": [2.5, 2.9, 3.7, 3.1, 3.2, 3.6, 2.6, 2.7, 2.4, 3.2, 3.2, 2.9, 3.3, 3.2, 3.1, 3.2, 3.3]}}, {"type": "Feature", "geometry": {"type": "Point", "coordinates": [16.4, 40.5]}, "properties": {"lat": 40.5, "lon": 16.4, "rain_source": "pluviometri", "rain_gauge_count": 3, "rain_gauge_km": 4.6, "elevation_m": 289.0, "veg_class": "none", "vegetation_score": 0.1, "habitat_score": 0.1, "last_rain_date": "2026-09-25", "days_since_rain": 10, "rain_7d_mm": 0.0, "et0_7d_mm": 26.5, "humidity_pct": 64, "humidity_min_pct": 26, "soil_moisture": 0.184, "soil_moisture_deep": 0.236, "soil_temp_c": 19.9, "weather_score": 0.278, "daily_dates": ["2026-09-19", "2026-09-20", "2026-09-21", "2026-09-22", "2026-09-23", "2026-09-24", "2026-09-25", "2026-09-26", "2026-09-27", "2026-09-28", "2026-09-29", "2026-09-30", "2026-10-01", "2026-10-02", "2026-10-03", "2026-10-04", "2026-10-05"], "daily_precip_mm": [4.3, 0.1, 0.0, 0.0, 0.0, 0.0, 7.1, 0.0, 0.0, 0.0, 0.0, 0.0, 0.0, 0.0, 0.0, 0.0, 0.0], "daily_temp_mean_c": [24.5, 24.8, 24.8, 23.2, 19.9, 19.0, 19.8, 19.5, 20.4, 20.2, 20.5, 20.1, 20.2, 20.8, 19.8, 19.0, 19.0], "daily_et0_mm": [3.6, 3.9, 4.5, 5.7, 5.0, 4.1, 3.8, 4.5, 4.0, 4.1, 3.6, 3.7, 3.8, 4.1, 3.7, 3.8, 3.7]}}, {"type": "Feature", "geometry": {"type": "Point", "coordinates": [16.7, 40.5]}, "properties": {"lat": 40.5, "lon": 16.7, "rain_source": "pluviometri", "rain_gauge_count": 3, "rain_gauge_km": 5.4, "elevation_m": 42.0, "veg_class": "broadleaf", "vegetation_score": 1.0, "habitat_score": 0.904, "last_rain_date": "2026-09-25", "days_since_rain": 10, "rain_7d_mm": 0.0, "et0_7d_mm": 26.5, "humidity_pct": 64, "humidity_min_pct": 26, "soil_moisture": 0.184, "soil_moisture_deep": 0.236, "soil_temp_c": 19.9, "weather_score": 0.278, "daily_dates": ["2026-09-19", "2026-09-20", "2026-09-21", "2026-09-22", "2026-09-23", "2026-09-24", "2026-09-25", "2026-09-26", "2026-09-27", "2026-09-28", "2026-09-29", "2026-09-30", "2026-10-01", "2026-10-02", "2026-10-03", "2026-10-04", "2026-10-05"], "daily_precip_mm": [0.1, 0.4, 0.0, 0.0, 0.0, 0.0, 2.0, 0.0, 0.0, 0.0, 0.0, 0.0, 0.0, 0.0, 0.0, 0.0, 0.0], "daily_temp_mean_c": [24.5, 24.8, 24.8, 23.2, 19.9, 19.0, 19.8, 19.5, 20.4, 20.2, 20.5, 20.1, 20.2, 20.8, 19.8, 19.0, 19.0], "daily_et0_mm": [3.6, 3.9, 4.5, 5.7, 5.0, 4.1, 3.8, 4.5, 4.0, 4.1, 3.6, 3.7, 3.8, 4.1, 3.7, 3.8, 3.7]}}, {"type": "Feature", "geometry": {"type": "Point", "coordinates": [17.0, 40.5]}, "properties": {"lat": 40.5, "lon": 17.0, "rain_source": "pluviometri", "rain_gauge_count": 3, "rain_gauge_km": 17.7, "elevation_m": 9.0, "veg_class": "none", "vegetation_score": 0.1, "habitat_score": 0.051, "last_rain_date": "2026-09-25", "days_since_rain": 10, "rain_7d_mm": 0.0, "et0_7d_mm": 26.0, "humidity_pct": 92, "humidity_min_pct": 30, "soil_moisture": 0.093, "soil_moisture_deep": 0.135, "soil_temp_c": 19.5, "weather_score": 0.273, "daily_dates": ["2026-09-19", "2026-09-20", "2026-09-21", "2026-09-22", "2026-09-23", "2026-09-24", "2026-09-25", "2026-09-26", "2026-09-27", "2026-09-28", "2026-09-29", "2026-09-30", "2026-10-01", "2026-10-02", "2026-10-03", "2026-10-04", "2026-10-05"], "daily_precip_mm": [0.1, 1.7, 0.0, 0.0, 0.0, 0.0, 2.8, 0.0, 0.0, 0.0, 0.0, 0.0, 0.0, 0.0, 0.0, 0.0, 0.0], "daily_temp_mean_c": [24.6, 24.9, 24.9, 23.3, 20.3, 20.4, 20.2, 20.0, 21.4, 21.5, 21.7, 21.7, 21.5, 21.8, 20.6, 19.6, 19.3], "daily_et0_mm": [3.6, 3.5, 4.2, 5.3, 4.9, 4.1, 3.2, 4.3, 4.5, 3.7, 3.9, 3.8, 3.9, 3.7, 4.0, 3.6, 3.1]}}, {"type": "Feature", "geometry": {"type": "Point", "coordinates": [17.3, 40.5]}, "properties": {"lat": 40.5, "lon": 17.3, "rain_source": "modello", "rain_gauge_count": 0, "rain_gauge_km": null, "elevation_m": 1.0, "veg_class": "none", "vegetation_score": 0.1, "habitat_score": 0.041, "last_rain_date": "2026-09-25", "days_since_rain": 10, "rain_7d_mm": 0.0, "et0_7d_mm": 27.1, "humidity_pct": 94, "humidity_min_pct": 33, "soil_moisture": 0.134, "soil_moisture_deep": 0.185, "soil_temp_c": 17.6, "weather_score": 0.314, "daily_dates": ["2026-09-19", "2026-09-20", "2026-09-21", "2026-09-22", "2026-09-23", "2026-09-24", "2026-09-25", "2026-09-26", "2026-09-27", "2026-09-28", "2026-09-29", "2026-09-30", "2026-10-01", "2026-10-02", "2026-10-03", "2026-10-04", "2026-10-05"], "daily_precip_mm": [0.0, 1.9, 0.0, 0.0, 0.0, 0.0, 1.8, 0.0, 0.0, 0.0, 0.0, 0.0, 0.0, 0.0, 0.0, 0.0, 0.0], "daily_temp_mean_c": [23.6, 23.4, 22.9, 21.4, 18.5, 18.6, 18.4, 18.1, 19.4, 20.1, 20.2, 20.5, 20.0, 19.7, 18.8, 17.6, 17.5], "daily_et0_mm": [3.4, 3.4, 3.7, 5.0, 4.8, 3.5, 3.0, 4.2, 4.2, 4.2, 4.3, 4.2, 4.1, 3.9, 4.2, 3.5, 3.0]}}, {"type": "Feature", "geometry": {"type": "Point", "coordinates": [17.6, 40.5]}, "properties": {"lat": 40.5, "lon": 17.6, "rain_source": "modello", "rain_gauge_count": 0, "rain_gauge_km": null, "elevation_m": 126.0, "veg_class": "none", "vegetation_score": 0.1, "habitat_score": 0.1, "last_rain_date": "2026-09-25", "days_since_rain": 10, "rain_7d_mm": 0.0, "et0_7d_mm": 27.1, "humidity_pct": 94, "humidity_min_pct": 33, "soil_moisture": 0.134, "soil_moisture_deep": 0.185, "soil_temp_c": 17.6, "weather_score": 0.314, "daily_dates": ["2026-09-19", "2026-09-20", "2026-09-21", "2026-09-22", "2026-09-23", "2026-09-24", "2026-09-25", "2026-09-26", "2026-09-27", "2026-09-28", "2026-09-29", "2026-09-30", "2026-10-01", "2026-10-02", "2026-10-03", "2026-10-04", "2026-10-05"], "daily_precip_mm": [1.4, 0.3, 0.0, 0.0, 0.0, 0.0, 1.2, 0.0, 0.0, 0.0, 0.0, 0.0, 0.0, 0.0, 0.0, 0.0, 0.0], "daily_temp_mean_c": [23.6, 23.4, 22.9, 21.4, 18.5, 18.6, 18.4, 18.1, 19.4, 20.1, 20.2, 20.5, 20.0, 19.7, 18.8, 17.6, 17.5], "daily_et0_mm": [3.4, 3.4, 3.7, 5.0, 4.8, 3.5, 3.0, 4.2, 4.2, 4.2, 4.3, 4.2, 4.1, 3.9, 4.2, 3.5, 3.0]}}, {"type": "Feature", "geometry": {"type": "Point", "coordinates": [17.9, 40.5]}, "properties": {"lat": 40.5, "lon": 17.9, "rain_source": "modello", "rain_gauge_count": 0, "rain_gauge_km": null, "elevation_m": 66.0, "veg_class": "none", "vegetation_score": 0.1, "habitat_score": 0.1, "last_rain_date": "2026-09-25", "days_since_rain": 10, "rain_7d_mm": 0.0, "et0_7d_mm": 25.7, "humidity_pct": 91, "humidity_min_pct": 34, "soil_moisture": 0.191, "soil_moisture_deep": 0.249, "soil_temp_c": 18.1, "weather_score": 0.36, "daily_dates": ["2026-09-19", "2026-09-20", "2026-09-21", "2026-09-22", "2026-09-23", "2026-09-24", "2026-09-25", "2026-09-26", "2026-09-27", "2026-09-28", "2026-09-29", "2026-09-30", "2026-10-01", "2026-10-02", "2026-10-03", "2026-10-04", "2026-10-05"], "daily_precip_mm": [0.3, 0.2, 0.0, 0.2, 0.0, 0.0, 1.8, 0.2, 0.0, 0.0, 0.0, 0.0, 0.0, 0.0, 0.0, 0.0, 0.0], "daily_temp_mean_c": [24.1, 23.8, 23.5, 22.7, 19.8, 19.1, 18.6, 19.0, 21.2, 20.8, 20.6, 21.2, 20.2, 19.6, 19.1, 18.3, 18.3], "daily_et0_mm": [3.4, 3.3, 3.6, 5.6, 5.2, 3.9, 2.8, 4.0, 4.8, 4.2, 3.8, 3.8, 4.0, 3.6, 3.9, 3.6, 3.0]}}, {"type": "Feature", "geometry": {"type": "Point", "coordinates": [8.3, 40.8]}, "properties": {"lat": 40.8, "lon": 8.3, "rain_source": "misto", "rain_gauge_count": 3, "rain_gauge_km": 7.3, "elevation_m": 62.0, "veg_class": "none", "vegetation_score": 0.1, "habitat_score": 0.1, "last_rain_date": null, "days_since_rain": null, "rain_7d_mm": 0.5, "et0_7d_mm": 25.6, "humidity_pct": 84, "humidity_min_pct": 40, "soil_moisture": 0.0, "soil_moisture_deep": 0.0, "soil_temp_c": 25.5, "weather_score": 0.144, "daily_dates": ["2026-09-19", "2026-09-20", "2026-09-21", "2026-09-22", "2026-09-23", "2026-09-24", "2026-09-25", "2026-09-26", "2026-09-27", "2026-09-28", "2026-09-29", "2026-09-30", "2026-10-01", "2026-10-02", "2026-10-03", "2026-10-04", "2026-10-05"], "daily_precip_mm": [0.0, 0.0, 0.0, 0.0, 0.0, 0.0, 0.0, 0.0, 0.0, 0.0, 0.0, 0.0, 0.0, 0.0, 0.0, 0.0, 0.5], "daily_temp_mean_c": [24.2, 25.1, 25.1, 24.9, 25.4, 25.0, 25.1, 24.6, 24.0, 24.6, 24.7, 24.8, 24.7, 24.5, 25.1, 25.0, 24.4], "daily_et0_mm": [4.3, 4.4, 3.8, 4.0, 5.0, 4.0, 4.5, 5.8, 4.7, 4.2, 3.7, 2.7, 3.0, 3.5, 4.8, 4.7, 3.2]}}, {"type": "Feature", "geometry": {"type": "Point", "coordinates": [8.6, 40.8]}, "properties": {"lat": 40.8, "lon": 8.6, "rain_source": "misto", "rain_gauge_count": 3, "rain_gauge_km": 3.3, "elevation_m": 217.0, "veg_class": "none", "vegetation_score": 0.1, "habitat_score": 0.1, "last_rain_date": null, "days_since_rain": null, "rain_7d_mm": 0.0, "et0_7d_mm": 25.6, "humidity_pct": 84, "humidity_min_pct": 40, "soil_moisture": 0.0, "soil_moisture_deep": 0.0, "soil_temp_c": 25.5, "weather_score": 0.14, "daily_dates": ["2026-09-19", "2026-09-20", "2026-09-21", "2026-09-22", "2026-09-23", "2026-09-24", "2026-09-25", "2026-09-26", "2026-09-27", "2026-09-28", "2026-09-29", "2026-09-30", "2026-10-01", "2026-10-02", "2026-10-03", "2026-10-04", "2026-10-05"], "daily_precip_mm": [0.0, 0.0, 0.0, 0.0, 0.0, 0.0, 0.0, 0.0, 0.0, 0.0, 0.0, 0.0, 0.0, 0.0, 0.0, 0.0, 0.0], "daily_temp_mean_c": [24.2, 25.1, 25.1, 24.9, 25.4, 25.0, 25.1, 24.6, 24.0, 24.6, 24.7, 24.8, 24.7, 24.5, 25.1, 25.0, 24.4], "daily_et0_mm": [4.3, 4.4, 3.8, 4.0, 5.0, 4.0, 4.5, 5.8, 4.7, 4.2, 3.7, 2.7, 3.0, 3.5, 4.8, 4.7, 3.2]}}, {"type": "Feature", "geometry": {"type": "Point", "coordinates": [8.9, 40.8]}, "properties": {"lat": 40.8, "lon": 8.9, "rain_source": "misto", "rain_gauge_count": 3, "rain_gauge_km": 3.8, "elevation_m": 149.0, "veg_class": "none", "vegetation_score": 0.1, "habitat_score": 0.1, "last_rain_date": null, "days_since_rain": null, "rain_7d_mm": 0.6, "et0_7d_mm": 24.1, "humidity_pct": 90, "humidity_min_pct": 30, "soil_moisture": 0.089, "soil_moisture_deep": 0.1, "soil_temp_c": 21.2, "weather_score": 0.161, "daily_dates": ["2026-09-19", "2026-09-20", "2026-09-21", "2026-09-22", "2026-09-23", "2026-09-24", "2026-09-25", "2026-09-26", "2026-09-27", "2026-09-28", "2026-09-29", "2026-09-30", "2026-10-01", "2026-10-02", "2026-10-03", "2026-10-04", "2026-10-05"], "daily_precip_mm": [0.1, 0.3, 0.0, 0.0, 0.0, 0.0, 0.0, 0.0, 0.0, 0.0, 0.0, 0.0, 0.0, 0.0, 0.0, 0.0, 0.6], "daily_temp_mean_c": [20.6, 22.1, 21.6, 22.3, 22.5, 21.2, 22.0, 20.8, 20.4, 21.3, 21.6, 21.7, 21.5, 21.6, 21.2, 22.3, 21.3], "daily_et0_mm": [3.4, 3.6, 3.4, 4.2, 3.7, 3.5, 3.5, 4.5, 3.6, 4.0, 4.0, 3.2, 3.3, 3.2, 3.8, 3.8, 2.8]}}, {"type": "Feature", "geometry": {"type": "Point", "coordinates": [9.2, 40.8]}, "properties": {"lat": 40.8, "lon": 9.2, "rain_source": "misto", "rain_gauge_count": 3, "rain_gauge_km": 2.5, "elevation_m": 405.0, "veg_class": "broadleaf", "vegetation_score": 1.0, "habitat_score": 1.0, "last_rain_date": null, "days_since_rain": null, "rain_7d_mm": 0.8, "et0_7d_mm": 24.1, "humidity_pct": 90, "humidity_min_pct": 30, "soil_moisture": 0.089, "soil_moisture_deep": 0.1, "soil_temp_c": 21.2, "weather_score": 0.163, "daily_dates": ["2026-09-19", "2026-09-20", "2026-09-21", "2026-09-22", "2026-09-23", "2026-09-24", "2026-09-25", "2026-09-26", "2026-09-27", "2026-09-28", "2026-09-29", "2026-09-30", "2026-10-01", "2026-10-02", "2026-10-03", "2026-10-04", "2026-10-05"], "daily_precip_mm": [0.0, 0.0, 0.0, 0.0, 0.0, 0.0, 0.0, 0.0, 0.0, 0.0, 0.0, 0.0, 0.0, 0.0, 0.0, 0.0, 0.8], "daily_temp_mean_c": [20.6, 22.1, 21.6, 22.3, 22.5, 21.2, 22.0, 20.8, 20.4, 21.3, 21.6, 21.7, 21.5, 21.6, 21.2, 22.3, 21.3], "daily_et0_mm": [3.4, 3.6, 3.4, 4.2, 3.7, 3.5, 3.5, 4.5, 3.6, 4.0, 4.0, 3.2, 3.3, 3.2, 3.8, 3.8, 2.8]}}, {"type": "Feature", "geometry": {"type": "Point", "coordinates": [9.5, 40.8]}, "properties": {"lat": 40.8, "lon": 9.5, "rain_source": "misto", "rain_gauge_count": 3, "rain_gauge_km": 5.1, "elevation_m": 258.0, "veg_class": "none", "vegetation_score": 0.1, "habitat_score": 0.1, "last_rain_date": null, "days_since_rain": null, "rain_7d_mm": 0.9, "et0_7d_mm": 25.6, "humidity_pct": 80, "humidity_min_pct": 41, "soil_moisture": 0.095, "soil_moisture_deep": 0.121, "soil_temp_c": 24.4, "weather_score": 0.143, "daily_dates": ["2026-09-19", "2026-09-20", "2026-09-21", "2026-09-22", "2026-09-23", "2026-09-24", "2026-09-25", "2026-09-26", "2026-09-27", "2026-09-28", "2026-09-29", "2026-09-30", "2026-10-01", "2026-10-02", "2026-10-03", "2026-10-04", "2026-10-05"], "daily_precip_mm": [0.1, 0.2, 0.0, 0.0, 0.0, 0.0, 0.0, 0.0, 0.1, 0.0, 0.0, 0.0, 0.0, 0.0, 0.0, 0.0, 0.9], "daily_temp_mean_c": [22.9, 23.2, 23.6, 23.3, 23.4, 23.4, 22.9, 21.8, 20.7, 21.5, 22.7, 22.7, 23.2, 22.9, 21.7, 23.9, 22.6], "daily_et0_mm": [3.9, 3.6, 3.6, 3.6, 3.6, 3.6, 2.9, 4.0, 3.5, 4.0, 4.2, 3.4, 3.5, 3.7, 3.4, 4.2, 3.2]}}, {"type": "Feature", "geometry": {"type": "Point", "coordinates": [14.6, 40.8]}, "properties": {"lat": 40.8, "lon": 14.6, "rain_source": "pluviometri", "rain_gauge_count": 3, "rain_gauge_km": 3.2, "elevation_m": 15.0, "veg_class": "none", "vegetation_score": 0.1, "habitat_score": 0.058, "last_rain_date": "2026-09-25", "days_since_rain": 10, "rain_7d_mm": 0.0, "et0_7d_mm": 26.1, "humidity_pct": 91, "humidity_min_pct": 21, "soil_moisture": 0.128, "soil_moisture_deep": 0.15, "soil_temp_c": 20.6, "weather_score": 0.292, "daily_dates": ["2026-09-19", "2026-09-20", "2026-09-21", "2026-09-22", "2026-09-23", "2026-09-24", "2026-09-25", "2026-09-26", "2026-09-27", "2026-09-28", "2026-09-29", "2026-09-30", "2026-10-01", "2026-10-02", "2026-10-03", "2026-10-04", "2026-10-05"], "daily_precip_mm": [8.7, 0.1, 0.0, 0.0, 0.0, 0.0, 21.6, 0.0, 0.0, 0.0, 0.0, 0.0, 0.0, 0.0, 0.0, 0.0, 0.0], "daily_temp_mean_c": [22.3, 22.8, 22.7, 22.0, 18.6, 18.7, 18.9, 18.0, 18.7, 19.0, 19.9, 19.8, 20.1, 20.2, 19.7, 18.8, 18.7], "daily_et0_mm": [3.4, 3.8, 3.3, 5.5, 5.0, 4.3, 3.9, 4.4, 3.9, 3.8, 3.8, 3.7, 4.0, 4.3, 4.0, 3.6, 2.7]}}, {"type": "Feature", "geometry": {"type": "Point", "coordinates": [14.9, 40.8]}, "properties": {"lat": 40.8, "lon": 14.9, "rain_source": "pluviometri", "rain_gauge_count": 3, "rain_gauge_km": 1.8, "elevation_m": 744.0, "veg_class": "broadleaf", "vegetation_score": 1.0, "habitat_score": 1.0, "last_rain_date": "2026-09-25", "days_since_rain": 10, "rain_7d_mm": 0.2, "et0_7d_mm": 24.8, "humidity_pct": 93, "humidity_min_pct": 23, "soil_moisture": 0.099, "soil_moisture_deep": 0.129, "soil_temp_c": 18.1, "weather_score": 0.275, "daily_dates": ["2026-09-19", "2026-09-20", "2026-09-21", "2026-09-22", "2026-09-23", "2026-09-24", "2026-09-25", "2026-09-26", "2026-09-27", "2026-09-28", "2026-09-29", "2026-09-30", "2026-10-01", "2026-10-02", "2026-10-03", "2026-10-04", "2026-10-05"], "daily_precip_mm": [2.2, 0.0, 0.0, 0.0, 0.0, 0.0, 23.4, 0.0, 0.0, 0.0, 0.0, 0.0, 0.0, 0.0, 0.0, 0.0, 0.2], "daily_temp_mean_c": [20.1, 20.8, 21.1, 19.0, 15.0, 16.0, 17.0, 14.6, 15.5, 16.1, 17.1, 16.8, 17.1, 16.7, 16.7, 15.6, 16.8], "daily_et0_mm": [2.9, 3.7, 3.9, 4.2, 3.9, 4.0, 3.0, 3.3, 3.1, 3.5, 3.7, 3.6, 3.7, 3.6, 3.5, 3.5, 3.2]}}, {"type": "Feature", "geometry": {"type": "Point", "coordinates": [15.2, 40.8]}, "properties": {"lat": 40.8, "lon": 15.2, "rain_source": "pluviometri", "rain_gauge_count": 3, "rain_gauge_km": 2.5, "elevation_m": 896.0, "veg_class": "mixed", "vegetation_score": 1.0, "habitat_score": 1.0, "last_rain_date": "2026-09-25", "days_since_rain": 10, "rain_7d_mm": 0.0, "et0_7d_mm": 24.8, "humidity_pct": 93, "humidity_min_pct": 23, "soil_moisture": 0.099, "soil_moisture_deep": 0.129, "soil_temp_c": 18.1, "weather_score": 0.274, "daily_dates": ["2026-09-19", "2026-09-20", "2026-09-21", "2026-09-22", "2026-09-23", "2026-09-24", "2026-09-25", "2026-09-26", "2026-09-27", "2026-09-28", "2026-09-29", "2026-09-30", "2026-10-01", "2026-10-02", "2026-10-03", "2026-10-04", "2026-10-05"], "daily_precip_mm": [0.6, 0.8, 0.0, 0.0, 0.0, 0.0, 11.4, 0.0, 0.0, 0.0, 0.0, 0.0, 0.0, 0.0, 0.0, 0.0, 0.0], "daily_temp_mean_c": [20.1, 20.8, 21.1, 19.0, 15.0, 16.0, 17.0, 14.6, 15.5, 16.1, 17.1, 16.8, 17.1, 16.7, 16.7, 15.6, 16.8], "daily_et0_mm": [2.9, 3.7, 3.9, 4.2, 3.9, 4.0, 3.0, 3.3, 3.1, 3.5, 3.7, 3.6, 3.7, 3.6, 3.5, 3.5, 3.2]}}, {"type": "Feature", "geometry": {"type": "Point", "coordinates": [15.5, 40.8]}, "properties": {"lat": 40.8, "lon": 15.5, "rain_source": "pluviometri", "rain_gauge_count": 3, "rain_gauge_km": 4.0, "elevation_m": 1063.0, "veg_class": "shrub", "vegetation_score": 0.5, "habitat_score": 0.5, "last_rain_date": "2026-09-25", "days_since_rain": 10, "rain_7d_mm": 0.0, "et0_7d_mm": 23.7, "humidity_pct": 67, "humidity_min_pct": 31, "soil_moisture": 0.109, "soil_moisture_deep": 0.148, "soil_temp_c": 16.5, "weather_score": 0.214, "daily_dates": ["2026-09-19", "2026-09-20", "2026-09-21", "2026-09-22", "2026-09-23", "2026-09-24", "2026-09-25", "2026-09-26", "2026-09-27", "2026-09-28", "2026-09-29", "2026-09-30", "2026-10-01", "2026-10-02", "2026-10-03", "2026-10-04", "2026-10-05"], "daily_precip_mm": [0.1, 0.1, 0.0, 0.0, 0.0, 0.0, 7.2, 0.0, 0.0, 0.0, 0.0, 0.0, 0.0, 0.0, 0.0, 0.0, 0.0], "daily_temp_mean_c": [19.9, 20.2, 20.2, 17.9, 14.7, 16.0, 16.2, 15.1, 15.9, 15.9, 16.7, 16.5, 16.8, 16.5, 16.6, 15.7, 16.2], "daily_et0_mm": [2.6, 3.4, 3.8, 3.4, 3.8, 3.9, 3.1, 3.5, 3.1, 3.4, 3.5, 3.4, 3.5, 3.4, 3.2, 3.4, 3.3]}}, {"type": "Feature", "geometry": {"type": "Point", "coordinates": [15.8, 40.8]}, "properties": {"lat": 40.8, "lon": 15.8, "rain_source": "pluviometri", "rain_gauge_count": 3, "rain_gauge_km": 5.4, "elevation_m": 684.0, "veg_class": "broadleaf", "vegetation_score": 1.0, "habitat_score": 1.0, "last_rain_date": "2026-09-25", "days_since_rain": 10, "rain_7d_mm": 0.2, "et0_7d_mm": 23.1, "humidity_pct": 67, "humidity_min_pct": 27, "soil_moisture": 0.204, "soil_moisture_deep": 0.247, "soil_temp_c": 17.6, "weather_score": 0.303, "daily_dates": ["2026-09-19", "2026-09-20", "2026-09-21", "2026-09-22", "2026-09-23", "2026-09-24", "2026-09-25", "2026-09-26", "2026-09-27", "2026-09-28", "2026-09-29", "2026-09-30", "2026-10-01", "2026-10-02", "2026-10-03", "2026-10-04", "2026-10-05"], "daily_precip_mm": [0.4, 0.1, 0.0, 1.1, 0.0, 0.0, 13.5, 0.0, 0.0, 0.0, 0.1, 0.0, 0.0, 0.0, 0.1, 0.0, 0.0], "daily_temp_mean_c": [21.9, 22.2, 22.2, 19.5, 16.9, 17.8, 17.2, 16.3, 16.9, 17.4, 18.0, 17.9, 18.0, 18.1, 18.3, 17.0, 16.8], "daily_et0_mm": [2.9, 3.7, 4.1, 3.9, 4.0, 3.6, 3.0, 3.2, 2.9, 3.4, 3.3, 3.2, 3.5, 3.2, 2.9, 3.4, 3.4]}}, {"type": "Feature", "geometry": {"type": "Point", "coordinates": [16.1, 40.8]}, "properties": {"lat": 40.8, "lon": 16.1, "rain_source": "pluviometri", "rain_gauge_count": 3, "rain_gauge_km": 8.6, "elevation_m": 292.0, "veg_class": "none", "vegetation_score": 0.1, "habitat_score": 0.1, "last_rain_date": "2026-09-25", "days_since_rain": 10, "rain_7d_mm": 0.0, "et0_7d_mm": 23.1, "humidity_pct": 67, "humidity_min_pct": 27, "soil_moisture": 0.204, "soil_moisture_deep": 0.247, "soil_temp_c": 17.6, "weather_score": 0.302, "daily_dates": ["2026-09-19", "2026-09-20", "2026-09-21", "2026-09-22", "2026-09-23", "2026-09-24", "2026-09-25", "2026-09-26", "2026-09-27", "2026-09-28", "2026-09-29", "2026-09-30", "2026-10-01", "2026-10-02", "2026-10-03", "2026-10-04", "2026-10-05"], "daily_precip_mm": [2.1, 0.2, 0.0, 2.4, 0.0, 0.0, 3.0, 0.0, 0.0, 0.0, 0.0, 0.0, 0.0, 0.0, 0.0, 0.0, 0.0], "daily_temp_mean_c": [21.9, 22.2, 22.2, 19.5, 16.9, 17.8, 17.2, 16.3, 16.9, 17.4, 18.0, 17.9, 18.0, 18.1, 18.3, 17.0, 16.8], "daily_et0_mm": [2.9, 3.7, 4.1, 3.9, 4.0, 3.6, 3.0, 3.2, 2.9, 3.4, 3.3, 3.2, 3.5, 3.2, 2.9, 3.4, 3.4]}}, {"type": "Feature", "geometry": {"type": "Point", "coordinates": [16.4, 40.8]}, "properties": {"lat": 40.8, "lon": 16.4, "rain_source": "pluviometri", "rain_gauge_count": 3, "rain_gauge_km": 14.6, "elevation_m": 353.0, "veg_class": "none", "vegetation_score": 0.1, "habitat_score": 0.1, "last_rain_date": "2026-09-25", "days_since_rain": 10, "rain_7d_mm": 0.0, "et0_7d_mm": 22.6, "humidity_pct": 74, "humidity_min_pct": 36, "soil_moisture": 0.196, "soil_moisture_deep": 0.243, "soil_temp_c": 17.4, "weather_score": 0.315, "daily_dates": ["2026-09-19", "2026-09-20", "2026-09-21", "2026-09-22", "2026-09-23", "2026-09-24", "2026-09-25", "2026-09-26", "2026-09-27", "2026-09-28", "2026-09-29", "2026-09-30", "2026-10-01", "2026-10-02", "2026-10-03", "2026-10-04", "2026-10-05"], "daily_precip_mm": [2.0, 0.2, 0.0, 0.0, 0.0, 0.0, 1.9, 0.0, 0.0, 0.0, 0.0, 0.0, 0.0, 0.0, 0.0, 0.0, 0.0], "daily_temp_mean_c": [22.1, 21.8, 21.8, 19.6, 16.8, 17.7, 17.7, 16.6, 17.6, 17.9, 18.1, 17.8, 18.3, 18.4, 17.6, 17.1, 16.8], "daily_et0_mm": [2.6, 3.4, 3.8, 4.3, 4.2, 4.1, 3.4, 3.7, 3.2, 3.5, 3.0, 3.3, 3.1, 3.2, 3.1, 3.3, 3.5]}}, {"type": "Feature", "geometry": {"type": "Point", "coordinates": [16.7, 40.8]}, "properties": {"lat": 40.8, "lon": 16.7, "rain_source": "pluviometri", "rain_gauge_count": 1, "rain_gauge_km": 17.9, "elevation_m": 458.0, "veg_class": "none", "vegetation_score": 0.1, "habitat_score": 0.1, "last_rain_date": "2026-09-25", "days_since_rain": 10, "rain_7d_mm": 0.0, "et0_7d_mm": 22.6, "humidity_pct": 74, "humidity_min_pct": 36, "soil_moisture": 0.196, "soil_moisture_deep": 0.243, "soil_temp_c": 17.4, "weather_score": 0.315, "daily_dates": ["2026-09-19", "2026-09-20", "2026-09-21", "2026-09-22", "2026-09-23", "2026-09-24", "2026-09-25", "2026-09-26", "2026-09-27", "2026-09-28", "2026-09-29", "2026-09-30", "2026-10-01", "2026-10-02", "2026-10-03", "2026-10-04", "2026-10-05"], "daily_precip_mm": [2.6, 0.4, 0.0, 0.0, 0.0, 0.0, 1.6, 0.0, 0.0, 0.0, 0.0, 0.0, 0.0, 0.0, 0.0, 0.0, 0.0], "daily_temp_mean_c": [22.1, 21.8, 21.8, 19.6, 16.8, 17.7, 17.7, 16.6, 17.6, 17.9, 18.1, 17.8, 18.3, 18.4, 17.6, 17.1, 16.8], "daily_et0_mm": [2.6, 3.4, 3.8, 4.3, 4.2, 4.1, 3.4, 3.7, 3.2, 3.5, 3.0, 3.3, 3.1, 3.2, 3.1, 3.3, 3.5]}}, {"type": "Feature", "geometry": {"type": "Point", "coordinates": [17.0, 40.8]}, "properties": {"lat": 40.8, "lon": 17.0, "rain_source": "modello", "rain_gauge_count": 0, "rain_gauge_km": null, "elevation_m": 368.0, "veg_class": "none", "vegetation_score": 0.1, "habitat_score": 0.1, "last_rain_date": "2026-09-25", "days_since_rain": 10, "rain_7d_mm": 0.0, "et0_7d_mm": 20.9, "humidity_pct": 94, "humidity_min_pct": 40, "soil_moisture": 0.201, "soil_moisture_deep": 0.242, "soil_temp_c": 16.7, "weather_score": 0.372, "daily_dates": ["2026-09-19", "2026-09-20", "2026-09-21", "2026-09-22", "2026-09-23", "2026-09-24", "2026-09-25", "2026-09-26", "2026-09-27", "2026-09-28", "2026-09-29", "2026-09-30", "2026-10-01", "2026-10-02", "2026-10-03", "2026-10-04", "2026-10-05"], "daily_precip_mm": [2.2, 0.2, 0.0, 0.0, 0.0, 0.0, 3.8, 0.0, 0.1, 0.0, 0.0, 0.0, 0.0, 0.0, 0.0, 0.0, 0.0], "daily_temp_mean_c": [22.9, 22.6, 22.5, 21.1, 18.6, 18.5, 18.8, 18.1, 19.1, 18.8, 18.8, 18.7, 18.7, 19.4, 17.8, 17.0, 17.1], "daily_et0_mm": [3.2, 3.2, 3.5, 4.6, 4.8, 4.0, 3.3, 3.4, 3.4, 3.1, 2.9, 3.2, 2.6, 3.0, 3.3, 3.0, 3.0]}}, {"type": "Feature", "geometry": {"type": "Point", "coordinates": [17.3, 40.8]}, "properties": {"lat": 40.8, "lon": 17.3, "rain_source": "modello", "rain_gauge_count": 0, "rain_gauge_km": null, "elevation_m": 380.0, "veg_class": "none", "vegetation_score": 0.1, "habitat_score": 0.1, "last_rain_date": "2026-09-25", "days_since_rain": 10, "rain_7d_mm": 0.0, "et0_7d_mm": 27.4, "humidity_pct": 68, "humidity_min_pct": 46, "soil_moisture": 0.0, "soil_moisture_deep": 0.0, "soil_temp_c": 23.9, "weather_score": 0.196, "daily_dates": ["2026-09-19", "2026-09-20", "2026-09-21", "2026-09-22", "2026-09-23", "2026-09-24", "2026-09-25", "2026-09-26", "2026-09-27", "2026-09-28", "2026-09-29", "2026-09-30", "2026-10-01", "2026-10-02", "2026-10-03", "2026-10-04", "2026-10-05"], "daily_precip_mm": [3.6, 1.6, 0.0, 0.8, 0.0, 0.0, 2.6, 0.0, 0.0, 0.0, 0.0, 0.0, 0.0, 0.0, 0.0, 0.0, 0.0], "daily_temp_mean_c": [25.4, 24.2, 24.6, 23.3, 21.1, 21.4, 21.4, 21.6, 22.6, 22.6, 22.6, 23.2, 22.8, 22.5, 22.4, 21.8, 21.4], "daily_et0_mm": [3.4, 3.5, 3.9, 5.6, 6.0, 4.6, 4.2, 5.3, 5.7, 4.3, 4.1, 4.2, 4.1, 4.0, 4.1, 3.8, 3.3]}}, {"type": "Feature", "geometry": {"type": "Point", "coordinates": [8.3, 41.1]}, "properties": {"lat": 41.1, "lon": 8.3, "rain_source": "modello", "rain_gauge_count": 0, "rain_gauge_km": null, "elevation_m": 257.0, "veg_class": "none", "vegetation_score": 0.1, "habitat_score": 0.1, "last_rain_date": "2026-10-02", "days_since_rain": 3, "rain_7d_mm": 2.6, "et0_7d_mm": 25.6, "humidity_pct": 84, "humidity_min_pct": 40, "soil_moisture": 0.0, "soil_moisture_deep": 0.0, "soil_temp_c": 25.5, "weather_score": 0.462, "daily_dates": ["2026-09-19", "2026-09-20", "2026-09-21", "2026-09-22", "2026-09-23", "2026-09-24", "2026-09-25", "2026-09-26", "2026-09-27", "2026-09-28", "2026-09-29", "2026-09-30", "2026-10-01", "2026-10-02", "2026-10-03", "2026-10-04", "2026-10-05"], "daily_precip_mm": [0.0, 0.0, 0.0, 0.0, 0.0, 0.0, 0.0, 0.0, 0.0, 0.0, 0.0, 0.0, 0.0, 2.0, 0.0, 0.0, 0.7], "daily_temp_mean_c": [24.2, 25.1, 25.1, 24.9, 25.4, 25.0, 25.1, 24.6, 24.0, 24.6, 24.7, 24.8, 24.7, 24.5, 25.1, 25.0, 24.4], "daily_et0_mm": [4.3, 4.4, 3.8, 4.0, 5.0, 4.0, 4.5, 5.8, 4.7, 4.2, 3.7, 2.7, 3.0, 3.5, 4.8, 4.7, 3.2]}}, {"type": "Feature", "geometry": {"type": "Point", "coordinates": [9.2, 41.1]}, "properties": {"lat": 41.1, "lon": 9.2, "rain_source": "misto", "rain_gauge_count": 3, "rain_gauge_km": 5.5, "elevation_m": 162.0, "veg_class": "none", "vegetation_score": 0.1, "habitat_score": 0.1, "last_rain_date": null, "days_since_rain": null, "rain_7d_mm": 0.3, "et0_7d_mm": 24.1, "humidity_pct": 90, "humidity_min_pct": 30, "soil_moisture": 0.089, "soil_moisture_deep": 0.1, "soil_temp_c": 21.2, "weather_score": 0.159, "daily_dates": ["2026-09-19", "2026-09-20", "2026-09-21", "2026-09-22", "2026-09-23", "2026-09-24", "2026-09-25", "2026-09-26", "2026-09-27", "2026-09-28", "2026-09-29", "2026-09-30", "2026-10-01", "2026-10-02", "2026-10-03", "2026-10-04", "2026-10-05"], "daily_precip_mm": [0.1, 0.0, 0.1, 0.0, 0.0, 0.0, 0.0, 0.0, 0.0, 0.0, 0.0, 0.0, 0.0, 0.0, 0.0, 0.0, 0.3], "daily_temp_mean_c": [20.6, 22.1, 21.6, 22.3, 22.5, 21.2, 22.0, 20.8, 20.4, 21.3, 21.6, 21.7, 21.5, 21.6, 21.2, 22.3, 21.3], "daily_et0_mm": [3.4, 3.6, 3.4, 4.2, 3.7, 3.5, 3.5, 4.5, 3.6, 4.0, 4.0, 3.2, 3.3, 3.2, 3.8, 3.8, 2.8]}}, {"type": "Feature", "geometry": {"type": "Point", "coordinates": [9.5, 41.1]}, "properties": {"lat": 41.1, "lon": 9.5, "rain_source": "misto", "rain_gauge_count": 3, "rain_gauge_km": 6.4, "elevation_m": 141.0, "veg_class": "none", "vegetation_score": 0.1, "habitat_score": 0.1, "last_rain_date": null, "days_since_rain": null, "rain_7d_mm": 0.4, "et0_7d_mm": 25.6, "humidity_pct": 80, "humidity_min_pct": 41, "soil_moisture": 0.095, "soil_moisture_deep": 0.121, "soil_temp_c": 24.4, "weather_score": 0.139, "daily_dates": ["2026-09-19", "2026-09-20", "2026-09-21", "2026-09-22", "2026-09-23", "2026-09-24", "2026-09-25", "2026-09-26", "2026-09-27", "2026-09-28", "2026-09-29", "2026-09-30", "2026-10-01", "2026-10-02", "2026-10-03", "2026-10-04", "2026-10-05"], "daily_precip_mm": [0.0, 0.0, 0.0, 0.0, 0.0, 0.0, 0.1, 0.0, 0.0, 0.0, 0.0, 0.0, 0.0, 0.0, 0.0, 0.0, 0.4], "daily_temp_mean_c": [22.9, 23.2, 23.6, 23.3, 23.4, 23.4, 22.9, 21.8, 20.7, 21.5, 22.7, 22.7, 23.2, 22.9, 21.7, 23.9, 22.6], "daily_et0_mm": [3.9, 3.6, 3.6, 3.6, 3.6, 3.6, 2.9, 4.0, 3.5, 4.0, 4.2, 3.4, 3.5, 3.7, 3.4, 4.2, 3.2]}}, {"type": "Feature", "geometry": {"type": "Point", "coordinates": [14.0, 41.1]}, "properties": {"lat": 41.1, "lon": 14.0, "rain_source": "pluviometri", "rain_gauge_count": 3, "rain_gauge_km": 8.9, "elevation_m": 3.0, "veg_class": "none", "vegetation_score": 0.1, "habitat_score": 0.044, "last_rain_date": "2026-09-25", "days_since_rain": 10, "rain_7d_mm": 0.0, "et0_7d_mm": 25.6, "humidity_pct": 71, "humidity_min_pct": 30, "soil_moisture": 0.127, "soil_moisture_deep": 0.173, "soil_temp_c": 21.8, "weather_score": 0.244, "daily_dates": ["2026-09-19", "2026-09-20", "2026-09-21", "2026-09-22", "2026-09-23", "2026-09-24", "2026-09-25", "2026-09-26", "2026-09-27", "2026-09-28", "2026-09-29", "2026-09-30", "2026-10-01", "2026-10-02", "2026-10-03", "2026-10-04", "2026-10-05"], "daily_precip_mm": [9.1, 0.0, 0.0, 0.0, 0.0, 0.0, 2.4, 0.0, 0.0, 0.0, 0.0, 0.0, 0.0, 0.0, 0.0, 0.0, 0.0], "daily_temp_mean_c": [24.0, 23.9, 24.0, 24.1, 20.8, 20.6, 22.3, 20.3, 19.9, 20.5, 20.9, 21.4, 21.0, 21.0, 20.9, 20.3, 20.6], "daily_et0_mm": [3.7, 4.1, 3.8, 4.9, 5.0, 4.5, 4.5, 4.1, 3.8, 3.7, 3.8, 4.2, 3.9, 3.8, 3.6, 3.4, 3.0]}}, {"type": "Feature", "geometry": {"type": "Point", "coordinates": [14.3, 41.1]}, "properties": {"lat": 41.1, "lon": 14.3, "rain_source": "pluviometri", "rain_gauge_count": 3, "rain_gauge_km": 2.6, "elevation_m": 364.0, "veg_class": "none", "vegetation_score": 0.1, "habitat_score": 0.1, "last_rain_date": "2026-09-25", "days_since_rain": 10, "rain_7d_mm": 0.1, "et0_7d_mm": 26.1, "humidity_pct": 91, "humidity_min_pct": 21, "soil_moisture": 0.128, "soil_moisture_deep": 0.15, "soil_temp_c": 20.6, "weather_score": 0.293, "daily_dates": ["2026-09-19", "2026-09-20", "2026-09-21", "2026-09-22", "2026-09-23", "2026-09-24", "2026-09-25", "2026-09-26", "2026-09-27", "2026-09-28", "2026-09-29", "2026-09-30", "2026-10-01", "2026-10-02", "2026-10-03", "2026-10-04", "2026-10-05"], "daily_precip_mm": [6.0, 0.0, 0.0, 0.0, 0.0, 0.0, 5.7, 0.1, 0.1, 0.1, 0.0, 0.0, 0.1, 0.0, 0.0, 0.0, 0.0], "daily_temp_mean_c": [22.3, 22.8, 22.7, 22.0, 18.6, 18.7, 18.9, 18.0, 18.7, 19.0, 19.9, 19.8, 20.1, 20.2, 19.7, 18.8, 18.7], "daily_et0_mm": [3.4, 3.8, 3.3, 5.5, 5.0, 4.3, 3.9, 4.4, 3.9, 3.8, 3.8, 3.7, 4.0, 4.3, 4.0, 3.6, 2.7]}}, {"type": "Feature", "geometry": {"type": "Point", "coordinates": [14.6, 41.1]}, "properties": {"lat": 41.1, "lon": 14.6, "rain_source": "pluviometri", "rain_gauge_count": 3, "rain_gauge_km": 8.6, "elevation_m": 1080.0, "veg_class": "broadleaf", "vegetation_score": 1.0, "habitat_score": 1.0, "last_rain_date": "2026-09-25", "days_since_rain": 10, "rain_7d_mm": 0.0, "et0_7d_mm": 26.1, "humidity_pct": 91, "humidity_min_pct": 21, "soil_moisture": 0.128, "soil_moisture_deep": 0.15, "soil_temp_c": 20.6, "weather_score": 0.292, "daily_dates": ["2026-09-19", "2026-09-20", "2026-09-21", "2026-09-22", "2026-09-23", "2026-09-24", "2026-09-25", "2026-09-26", "2026-09-27", "2026-09-28", "2026-09-29", "2026-09-30", "2026-10-01", "2026-10-02", "2026-10-03", "2026-10-04", "2026-10-05"], "daily_precip_mm": [9.8, 0.0, 0.0, 0.0, 0.0, 0.0, 5.1, 0.0, 0.0, 0.0, 0.0, 0.0, 0.0, 0.0, 0.0, 0.0, 0.0], "daily_temp_mean_c": [22.3, 22.8, 22.7, 22.0, 18.6, 18.7, 18.9, 18.0, 18.7, 19.0, 19.9, 19.8, 20.1, 20.2, 19.7, 18.8, 18.7], "daily_et0_mm": [3.4, 3.8, 3.3, 5.5, 5.0, 4.3, 3.9, 4.4, 3.9, 3.8, 3.8, 3.7, 4.0, 4.3, 4.0, 3.6, 2.7]}}, {"type": "Feature", "geometry": {"type": "Point", "coordinates": [14.9, 41.1]}, "properties": {"lat": 41.1, "lon": 14.9, "rain_source": "pluviometri", "rain_gauge_count": 3, "rain_gauge_km": 6.5, "elevation_m": 232.0, "veg_class": "none", "vegetation_score": 0.1, "habitat_score": 0.1, "last_rain_date": "2026-09-25", "days_since_rain": 10, "rain_7d_mm": 0.0, "et0_7d_mm": 24.8, "humidity_pct": 93, "humidity_min_pct": 23, "soil_moisture": 0.099, "soil_moisture_deep": 0.129, "soil_temp_c": 18.1, "weather_score": 0.274, "daily_dates": ["2026-09-19", "2026-09-20", "2026-09-21", "2026-09-22", "2026-09-23", "2026-09-24", "2026-09-25", "2026-09-26", "2026-09-27", "2026-09-28", "2026-09-29", "2026-09-30", "2026-10-01", "2026-10-02", "2026-10-03", "2026-10-04", "2026-10-05"], "daily_precip_mm": [0.7, 0.0, 0.0, 0.0, 0.0, 0.0, 3.3, 0.0, 0.0, 0.0, 0.0, 0.0, 0.0, 0.0, 0.0, 0.0, 0.0], "daily_temp_mean_c": [20.1, 20.8, 21.1, 19.0, 15.0, 16.0, 17.0, 14.6, 15.5, 16.1, 17.1, 16.8, 17.1, 16.7, 16.7, 15.6, 16.8], "daily_et0_mm": [2.9, 3.7, 3.9, 4.2, 3.9, 4.0, 3.0, 3.3, 3.1, 3.5, 3.7, 3.6, 3.7, 3.6, 3.5, 3.5, 3.2]}}, {"type": "Feature", "geometry": {"type": "Point", "coordinates": [15.2, 41.1]}, "properties": {"lat": 41.1, "lon": 15.2, "rain_source": "pluviometri", "rain_gauge_count": 3, "rain_gauge_km": 12.0, "elevation_m": 540.0, "veg_class": "none", "vegetation_score": 0.1, "habitat_score": 0.1, "last_rain_date": "2026-09-25", "days_since_rain": 10, "rain_7d_mm": 0.0, "et0_7d_mm": 24.8, "humidity_pct": 93, "humidity_min_pct": 23, "soil_moisture": 0.099, "soil_moisture_deep": 0.129, "soil_temp_c": 18.1, "weather_score": 0.274, "daily_dates": ["2026-09-19", "2026-09-20", "2026-09-21", "2026-09-22", "2026-09-23", "2026-09-24", "2026-09-25", "2026-09-26", "2026-09-27", "2026-09-28", "2026-09-29", "2026-09-30", "2026-10-01", "2026-10-02", "2026-10-03", "2026-10-04", "2026-10-05"], "daily_precip_mm": [0.2, 0.1, 0.0, 0.0, 0.0, 0.0, 3.8, 0.0, 0.0, 0.0, 0.0, 0.0, 0.0, 0.0, 0.0, 0.0, 0.0], "daily_temp_mean_c": [20.1, 20.8, 21.1, 19.0, 15.0, 16.0, 17.0, 14.6, 15.5, 16.1, 17.1, 16.8, 17.1, 16.7, 16.7, 15.6, 16.8], "daily_et0_mm": [2.9, 3.7, 3.9, 4.2, 3.9, 4.0, 3.0, 3.3, 3.1, 3.5, 3.7, 3.6, 3.7, 3.6, 3.5, 3.5, 3.2]}}, {"type": "Feature", "geometry": {"type": "Point", "coordinates": [15.5, 41.1]}, "properties": {"lat": 41.1, "lon": 15.5, "rain_source": "pluviometri", "rain_gauge_count": 3, "rain_gauge_km": 16.3, "elevation_m": 489.0, "veg_class": "none", "vegetation_score": 0.1, "habitat_score": 0.1, "last_rain_date": "2026-09-25", "days_since_rain": 10, "rain_7d_mm": 0.0, "et0_7d_mm": 23.7, "humidity_pct": 67, "humidity_min_pct": 31, "soil_moisture": 0.109, "soil_moisture_deep": 0.148, "soil_temp_c": 16.5, "weather_score": 0.214, "daily_dates": ["2026-09-19", "2026-09-20", "2026-09-21", "2026-09-22", "2026-09-23", "2026-09-24", "2026-09-25", "2026-09-26", "2026-09-27", "2026-09-28", "2026-09-29", "2026-09-30", "2026-10-01", "2026-10-02", "2026-10-03", "2026-10-04", "2026-10-05"], "daily_precip_mm": [2.6, 0.0, 0.0, 0.8, 0.0, 0.0, 4.7, 0.0, 0.0, 0.0, 0.0, 0.0, 0.0, 0.0, 0.0, 0.0, 0.0], "daily_temp_mean_c": [19.9, 20.2, 20.2, 17.9, 14.7, 16.0, 16.2, 15.1, 15.9, 15.9, 16.7, 16.5, 16.8, 16.5, 16.6, 15.7, 16.2], "daily_et0_mm": [2.6, 3.4, 3.8, 3.4, 3.8, 3.9, 3.1, 3.5, 3.1, 3.4, 3.5, 3.4, 3.5, 3.4, 3.2, 3.4, 3.3]}}, {"type": "Feature", "geometry": {"type": "Point", "coordinates": [15.8, 41.1]}, "properties": {"lat": 41.1, "lon": 15.8, "rain_source": "pluviometri", "rain_gauge_count": 3, "rain_gauge_km": 5.9, "elevation_m": 128.0, "veg_class": "broadleaf", "vegetation_score": 1.0, "habitat_score": 1.0, "last_rain_date": "2026-09-25", "days_since_rain": 10, "rain_7d_mm": 0.0, "et0_7d_mm": 23.1, "humidity_pct": 67, "humidity_min_pct": 27, "soil_moisture": 0.204, "soil_moisture_deep": 0.247, "soil_temp_c": 17.6, "weather_score": 0.302, "daily_dates": ["2026-09-19", "2026-09-20", "2026-09-21", "2026-09-22", "2026-09-23", "2026-09-24", "2026-09-25", "2026-09-26", "2026-09-27", "2026-09-28", "2026-09-29", "2026-09-30", "2026-10-01", "2026-10-02", "2026-10-03", "2026-10-04", "2026-10-05"], "daily_precip_mm": [11.4, 0.0, 0.0, 1.3, 0.0, 0.0, 1.7, 0.0, 0.0, 0.0, 0.0, 0.0, 0.0, 0.0, 0.0, 0.0, 0.0], "daily_temp_mean_c": [21.9, 22.2, 22.2, 19.5, 16.9, 17.8, 17.2, 16.3, 16.9, 17.4, 18.0, 17.9, 18.0, 18.1, 18.3, 17.0, 16.8], "daily_et0_mm": [2.9, 3.7, 4.1, 3.9, 4.0, 3.6, 3.0, 3.2, 2.9, 3.4, 3.3, 3.2, 3.5, 3.2, 2.9, 3.4, 3.4]}}, {"type": "Feature", "geometry": {"type": "Point", "coordinates": [16.1, 41.1]}, "properties": {"lat": 41.1, "lon": 16.1, "rain_source": "pluviometri", "rain_gauge_count": 2, "rain_gauge_km": 13.9, "elevation_m": 473.0, "veg_class": "none", "vegetation_score": 0.1, "habitat_score": 0.1, "last_rain_date": "2026-09-25", "days_since_rain": 10, "rain_7d_mm": 0.0, "et0_7d_mm": 23.1, "humidity_pct": 67, "humidity_min_pct": 27, "soil_moisture": 0.204, "soil_moisture_deep": 0.247, "soil_temp_c": 17.6, "weather_score": 0.302, "daily_dates": ["2026-09-19", "2026-09-20", "2026-09-21", "2026-09-22", "2026-09-23", "2026-09-24", "2026-09-25", "2026-09-26", "2026-09-27", "2026-09-28", "2026-09-29", "2026-09-30", "2026-10-01", "2026-10-02", "2026-10-03", "2026-10-04", "2026-10-05"], "daily_precip_mm": [4.4, 0.1, 0.0, 0.4, 0.0, 0.0, 5.3, 0.0, 0.0, 0.0, 0.0, 0.0, 0.0, 0.0, 0.0, 0.0, 0.0], "daily_temp_mean_c": [21.9, 22.2, 22.2, 19.5, 16.9, 17.8, 17.2, 16.3, 16.9, 17.4, 18.0, 17.9, 18.0, 18.1, 18.3, 17.0, 16.8], "daily_et0_mm": [2.9, 3.7, 4.1, 3.9, 4.0, 3.6, 3.0, 3.2, 2.9, 3.4, 3.3, 3.2, 3.5, 3.2, 2.9, 3.4, 3.4]}}, {"type": "Feature", "geometry": {"type": "Point", "coordinates": [16.4, 41.1]}, "properties": {"lat": 41.1, "lon": 16.4, "rain_source": "modello", "rain_gauge_count": 0, "rain_gauge_km": null, "elevation_m": 333.0, "veg_class": "none", "vegetation_score": 0.1, "habitat_score": 0.1, "last_rain_date": "2026-09-25", "days_since_rain": 10, "rain_7d_mm": 0.0, "et0_7d_mm": 22.6, "humidity_pct": 74, "humidity_min_pct": 36, "soil_moisture": 0.196, "soil_moisture_deep": 0.243, "soil_temp_c": 17.4, "weather_score": 0.315, "daily_dates": ["2026-09-19", "2026-09-20", "2026-09-21", "2026-09-22", "2026-09-23", "2026-09-24", "2026-09-25", "2026-09-26", "2026-09-27", "2026-09-28", "2026-09-29", "2026-09-30", "2026-10-01", "2026-10-02", "2026-10-03", "2026-10-04", "2026-10-05"], "daily_precip_mm": [5.5, 0.0, 0.0, 0.0, 0.0, 0.0, 2.9, 0.1, 0.0, 0.0, 0.0, 0.0, 0.0, 0.0, 0.0, 0.0, 0.0], "daily_temp_mean_c": [22.1, 21.8, 21.8, 19.6, 16.8, 17.7, 17.7, 16.6, 17.6, 17.9, 18.1, 17.8, 18.3, 18.4, 17.6, 17.1, 16.8], "daily_et0_mm": [2.6, 3.4, 3.8, 4.3, 4.2, 4.1, 3.4, 3.7, 3.2, 3.5, 3.0, 3.3, 3.1, 3.2, 3.1, 3.3, 3.5]}}, {"type": "Feature", "geometry": {"type": "Point", "coordinates": [16.7, 41.1]}, "properties": {"lat": 41.1, "lon": 16.7, "rain_source": "modello", "rain_gauge_count": 0, "rain_gauge_km": null, "elevation_m": 106.0, "veg_class": "none", "vegetation_score": 0.1, "habitat_score": 0.1, "last_rain_date": "2026-09-25", "days_since_rain": 10, "rain_7d_mm": 0.0, "et0_7d_mm": 22.6, "humidity_pct": 74, "humidity_min_pct": 36, "soil_moisture": 0.196, "soil_moisture_deep": 0.243, "soil_temp_c": 17.4, "weather_score": 0.315, "daily_dates": ["2026-09-19", "2026-09-20", "2026-09-21", "2026-09-22", "2026-09-23", "2026-09-24", "2026-09-25", "2026-09-26", "2026-09-27", "2026-09-28", "2026-09-29", "2026-09-30", "2026-10-01", "2026-10-02", "2026-10-03", "2026-10-04", "2026-10-05"], "daily_precip_mm": [3.2, 0.0, 0.0, 0.1, 0.0, 0.0, 3.8, 0.0, 0.0, 0.0, 0.0, 0.0, 0.0, 0.0, 0.0, 0.0, 0.0], "daily_temp_mean_c": [22.1, 21.8, 21.8, 19.6, 16.8, 17.7, 17.7, 16.6, 17.6, 17.9, 18.1, 17.8, 18.3, 18.4, 17.6, 17.1, 16.8], "daily_et0_mm": [2.6, 3.4, 3.8, 4.3, 4.2, 4.1, 3.4, 3.7, 3.2, 3.5, 3.0, 3.3, 3.1, 3.2, 3.1, 3.3, 3.5]}}, {"type": "Feature", "geometry": {"type": "Point", "coordinates": [13.1, 41.4]}, "properties": {"lat": 41.4, "lon": 13.1, "rain_source": "pluviometri", "rain_gauge_count": 3, "rain_gauge_km": 6.8, "elevation_m": 2.0, "veg_class": "none", "vegetation_score": 0.1, "habitat_score": 0.042, "last_rain_date": "2026-09-22", "days_since_rain": 13, "rain_7d_mm": 0.0, "et0_7d_mm": 24.0, "humidity_pct": 62, "humidity_min_pct": 31, "soil_moisture": 0.172, "soil_moisture_deep": 0.185, "soil_temp_c": 22.6, "weather_score": 0.19, "daily_dates": ["2026-09-19", "2026-09-20", "2026-09-21", "2026-09-22", "2026-09-23", "2026-09-24", "2026-09-25", "2026-09-26", "2026-09-27", "2026-09-28", "2026-09-29", "2026-09-30", "2026-10-01", "2026-10-02", "2026-10-03", "2026-10-04", "2026-10-05"], "daily_precip_mm": [5.1, 0.0, 0.0, 2.1, 0.0, 0.0, 0.5, 0.0, 0.0, 0.0, 0.0, 0.0, 0.0, 0.0, 0.0, 0.0, 0.0], "daily_temp_mean_c": [23.6, 23.7, 24.0, 23.3, 20.8, 20.6, 21.5, 20.6, 20.8, 21.2, 21.6, 22.1, 22.4, 22.5, 22.1, 21.4, 21.2], "daily_et0_mm": [3.6, 3.6, 4.3, 3.2, 4.4, 3.8, 3.0, 3.6, 3.6, 3.6, 3.2, 3.6, 3.6, 3.7, 3.5, 3.1, 3.3]}}, {"type": "Feature", "geometry": {"type": "Point", "coordinates": [13.4, 41.4]}, "properties": {"lat": 41.4, "lon": 13.4, "rain_source": "pluviometri", "rain_gauge_count": 3, "rain_gauge_km": 4.2, "elevation_m": 519.0, "veg_class": "none", "vegetation_score": 0.1, "habitat_score": 0.1, "last_rain_date": "2026-09-22", "days_since_rain": 13, "rain_7d_mm": 0.0, "et0_7d_mm": 22.9, "humidity_pct": 73, "humidity_min_pct": 30, "soil_moisture": 0.18, "soil_moisture_deep": 0.193, "soil_temp_c": 20.6, "weather_score": 0.227, "daily_dates": ["2026-09-19", "2026-09-20", "2026-09-21", "2026-09-22", "2026-09-23", "2026-09-24", "2026-09-25", "2026-09-26", "2026-09-27", "2026-09-28", "2026-09-29", "2026-09-30", "2026-10-01", "2026-10-02", "2026-10-03", "2026-10-04", "2026-10-05"], "daily_precip_mm": [5.4, 0.0, 0.0, 6.6, 0.0, 0.0, 0.3, 0.0, 0.0, 0.0, 0.0, 0.0, 0.0, 0.0, 0.0, 0.0, 0.0], "daily_temp_mean_c": [22.3, 22.5, 23.4, 22.0, 18.1, 19.0, 20.6, 18.3, 19.1, 20.1, 20.5, 20.2, 20.5, 20.6, 20.1, 19.8, 19.6], "daily_et0_mm": [3.5, 3.5, 4.1, 3.7, 4.1, 3.9, 3.8, 3.9, 3.6, 3.4, 3.5, 3.8, 3.5, 3.1, 3.1, 3.1, 2.8]}}, {"type": "Feature", "geometry": {"type": "Point", "coordinates": [13.7, 41.4]}, "properties": {"lat": 41.4, "lon": 13.7, "rain_source": "pluviometri", "rain_gauge_count": 3, "rain_gauge_km": 3.8, "elevation_m": 69.0, "veg_class": "none", "vegetation_score": 0.1, "habitat_score": 0.1, "last_rain_date": "2026-09-19", "days_since_rain": 16, "rain_7d_mm": 0.0, "et0_7d_mm": 22.9, "humidity_pct": 73, "humidity_min_pct": 30, "soil_moisture": 0.18, "soil_moisture_deep": 0.193, "soil_temp_c": 20.6, "weather_score": 0.187, "daily_dates": ["2026-09-19", "2026-09-20", "2026-09-21", "2026-09-22", "2026-09-23", "2026-09-24", "2026-09-25", "2026-09-26", "2026-09-27", "2026-09-28", "2026-09-29", "2026-09-30", "2026-10-01", "2026-10-02", "2026-10-03", "2026-10-04", "2026-10-05"], "daily_precip_mm": [4.0, 0.0, 0.0, 0.0, 0.0, 0.0, 0.1, 0.0, 0.0, 0.0, 0.0, 0.0, 0.0, 0.0, 0.0, 0.0, 0.0], "daily_temp_mean_c": [22.3, 22.5, 23.4, 22.0, 18.1, 19.0, 20.6, 18.3, 19.1, 20.1, 20.5, 20.2, 20.5, 20.6, 20.1, 19.8, 19.6], "daily_et0_mm": [3.5, 3.5, 4.1, 3.7, 4.1, 3.9, 3.8, 3.9, 3.6, 3.4, 3.5, 3.8, 3.5, 3.1, 3.1, 3.1, 2.8]}}, {"type": "Feature", "geometry": {"type": "Point", "coordinates": [14.0, 41.4]}, "properties": {"lat": 41.4, "lon": 14.0, "rain_source": "pluviometri", "rain_gauge_count": 3, "rain_gauge_km": 9.2, "elevation_m": 196.0, "veg_class": "none", "vegetation_score": 0.1, "habitat_score": 0.1, "last_rain_date": "2026-09-25", "days_since_rain": 10, "rain_7d_mm": 0.0, "et0_7d_mm": 24.7, "humidity_pct": 85, "humidity_min_pct": 22, "soil_moisture": 0.133, "soil_moisture_deep": 0.168, "soil_temp_c": 16.8, "weather_score": 0.284, "daily_dates": ["2026-09-19", "2026-09-20", "2026-09-21", "2026-09-22", "2026-09-23", "2026-09-24", "2026-09-25", "2026-09-26", "2026-09-27", "2026-09-28", "2026-09-29", "2026-09-30", "2026-10-01", "2026-10-02", "2026-10-03", "2026-10-04", "2026-10-05"], "daily_precip_mm": [5.7, 0.0, 0.0, 0.0, 0.0, 0.0, 9.5, 0.0, 0.0, 0.0, 0.0, 0.0, 0.0, 0.0, 0.0, 0.0, 0.0], "daily_temp_mean_c": [19.9, 20.8, 21.1, 18.9, 16.1, 16.4, 17.1, 15.7, 17.2, 17.7, 18.3, 18.0, 18.1, 18.6, 18.0, 17.3, 17.4], "daily_et0_mm": [3.0, 3.4, 3.3, 4.3, 4.1, 3.7, 3.6, 3.9, 3.8, 3.5, 3.8, 4.0, 3.6, 3.6, 3.9, 3.1, 2.6]}}, {"type": "Feature", "geometry": {"type": "Point", "coordinates": [14.3, 41.4]}, "properties": {"lat": 41.4, "lon": 14.3, "rain_source": "pluviometri", "rain_gauge_count": 3, "rain_gauge_km": 7.1, "elevation_m": 1290.0, "veg_class": "broadleaf", "vegetation_score": 1.0, "habitat_score": 1.0, "last_rain_date": "2026-09-19", "days_since_rain": 16, "rain_7d_mm": 0.1, "et0_7d_mm": 22.9, "humidity_pct": 84, "humidity_min_pct": 34, "soil_moisture": 0.132, "soil_moisture_deep": 0.17, "soil_temp_c": 15.8, "weather_score": 0.182, "daily_dates": ["2026-09-19", "2026-09-20", "2026-09-21", "2026-09-22", "2026-09-23", "2026-09-24", "2026-09-25", "2026-09-26", "2026-09-27", "2026-09-28", "2026-09-29", "2026-09-30", "2026-10-01", "2026-10-02", "2026-10-03", "2026-10-04", "2026-10-05"], "daily_precip_mm": [5.1, 0.0, 0.0, 0.0, 0.0, 0.0, 0.1, 0.0, 0.0, 0.0, 0.0, 0.0, 0.0, 0.0, 0.0, 0.0, 0.1], "daily_temp_mean_c": [18.6, 19.0, 19.5, 16.5, 13.4, 15.7, 15.3, 13.4, 14.4, 16.1, 16.5, 16.0, 16.5, 16.4, 15.6, 15.5, 16.5], "daily_et0_mm": [2.2, 3.1, 3.5, 3.0, 3.2, 3.7, 2.9, 2.7, 3.0, 3.5, 3.5, 3.4, 3.4, 3.4, 3.3, 3.1, 2.9]}}, {"type": "Feature", "geometry": {"type": "Point", "coordinates": [14.6, 41.4]}, "properties": {"lat": 41.4, "lon": 14.6, "rain_source": "pluviometri", "rain_gauge_count": 3, "rain_gauge_km": 9.0, "elevation_m": 975.0, "veg_class": "none", "vegetation_score": 0.1, "habitat_score": 0.1, "last_rain_date": "2026-09-19", "days_since_rain": 16, "rain_7d_mm": 0.0, "et0_7d_mm": 22.9, "humidity_pct": 84, "humidity_min_pct": 34, "soil_moisture": 0.132, "soil_moisture_deep": 0.17, "soil_temp_c": 15.8, "weather_score": 0.181, "daily_dates": ["2026-09-19", "2026-09-20", "2026-09-21", "2026-09-22", "2026-09-23", "2026-09-24", "2026-09-25", "2026-09-26", "2026-09-27", "2026-09-28", "2026-09-29", "2026-09-30", "2026-10-01", "2026-10-02", "2026-10-03", "2026-10-04", "2026-10-05"], "daily_precip_mm": [2.6, 0.0, 0.0, 0.0, 0.0, 0.0, 0.2, 0.0, 0.0, 0.0, 0.0, 0.0, 0.0, 0.0, 0.0, 0.0, 0.0], "daily_temp_mean_c": [18.6, 19.0, 19.5, 16.5, 13.4, 15.7, 15.3, 13.4, 14.4, 16.1, 16.5, 16.0, 16.5, 16.4, 15.6, 15.5, 16.5], "daily_et0_mm": [2.2, 3.1, 3.5, 3.0, 3.2, 3.7, 2.9, 2.7, 3.0, 3.5, 3.5, 3.4, 3.4, 3.4, 3.3, 3.1, 2.9]}}, {"type": "Feature", "geometry": {"type": "Point", "coordinates": [14.9, 41.4]}, "properties": {"lat": 41.4, "lon": 14.9, "rain_source": "pluviometri", "rain_gauge_count": 3, "rain_gauge_km": 6.1, "elevation_m": 672.0, "veg_class": "none", "vegetation_score": 0.1, "habitat_score": 0.1, "last_rain_date": null, "days_since_rain": null, "rain_7d_mm": 0.0, "et0_7d_mm": 23.3, "humidity_pct": 77, "humidity_min_pct": 26, "soil_moisture": 0.101, "soil_moisture_deep": 0.136, "soil_temp_c": 17.4, "weather_score": 0.133, "daily_dates": ["2026-09-19", "2026-09-20", "2026-09-21", "2026-09-22", "2026-09-23", "2026-09-24", "2026-09-25", "2026-09-26", "2026-09-27", "2026-09-28", "2026-09-29", "2026-09-30", "2026-10-01", "2026-10-02", "2026-10-03", "2026-10-04", "2026-10-05"], "daily_precip_mm": [0.6, 0.0, 0.0, 0.0, 0.0, 0.0, 1.0, 0.0, 0.0, 0.0, 0.0, 0.0, 0.0, 0.0, 0.0, 0.0, 0.0], "daily_temp_mean_c": [21.1, 20.8, 20.8, 18.9, 15.6, 17.0, 17.1, 15.7, 16.3, 16.4, 17.1, 17.5, 17.5, 17.4, 17.0, 16.2, 17.0], "daily_et0_mm": [2.8, 3.2, 3.8, 3.9, 3.7, 4.1, 3.1, 3.3, 2.9, 3.4, 3.4, 3.5, 3.5, 3.4, 3.2, 3.3, 3.1]}}, {"type": "Feature", "geometry": {"type": "Point", "coordinates": [15.2, 41.4]}, "properties": {"lat": 41.4, "lon": 15.2, "rain_source": "pluviometri", "rain_gauge_count": 3, "rain_gauge_km": 13.5, "elevation_m": 405.0, "veg_class": "none", "vegetation_score": 0.1, "habitat_score": 0.1, "last_rain_date": "2026-09-19", "days_since_rain": 16, "rain_7d_mm": 0.1, "et0_7d_mm": 23.3, "humidity_pct": 77, "humidity_min_pct": 26, "soil_moisture": 0.101, "soil_moisture_deep": 0.136, "soil_temp_c": 17.4, "weather_score": 0.134, "daily_dates": ["2026-09-19", "2026-09-20", "2026-09-21", "2026-09-22", "2026-09-23", "2026-09-24", "2026-09-25", "2026-09-26", "2026-09-27", "2026-09-28", "2026-09-29", "2026-09-30", "2026-10-01", "2026-10-02", "2026-10-03", "2026-10-04", "2026-10-05"], "daily_precip_mm": [1.1, 0.1, 0.0, 0.1, 0.0, 0.0, 0.9, 0.0, 0.0, 0.1, 0.0, 0.0, 0.0, 0.0, 0.1, 0.0, 0.0], "daily_temp_mean_c": [21.1, 20.8, 20.8, 18.9, 15.6, 17.0, 17.1, 15.7, 16.3, 16.4, 17.1, 17.5, 17.5, 17.4, 17.0, 16.2, 17.0], "daily_et0_mm": [2.8, 3.2, 3.8, 3.9, 3.7, 4.1, 3.1, 3.3, 2.9, 3.4, 3.4, 3.5, 3.5, 3.4, 3.2, 3.3, 3.1]}}, {"type": "Feature", "geometry": {"type": "Point", "coordinates": [15.5, 41.4]}, "properties": {"lat": 41.4, "lon": 15.5, "rain_source": "modello", "rain_gauge_count": 0, "rain_gauge_km": null, "elevation_m": 128.0, "veg_class": "none", "vegetation_score": 0.1, "habitat_score": 0.1, "last_rain_date": "2026-09-25", "days_since_rain": 10, "rain_7d_mm": 0.0, "et0_7d_mm": 24.7, "humidity_pct": 78, "humidity_min_pct": 27, "soil_moisture": 0.173, "soil_moisture_deep": 0.216, "soil_temp_c": 19.8, "weather_score": 0.304, "daily_dates": ["2026-09-19", "2026-09-20", "2026-09-21", "2026-09-22", "2026-09-23", "2026-09-24", "2026-09-25", "2026-09-26", "2026-09-27", "2026-09-28", "2026-09-29", "2026-09-30", "2026-10-01", "2026-10-02", "2026-10-03", "2026-10-04", "2026-10-05"], "daily_precip_mm": [2.0, 0.0, 0.0, 0.0, 0.0, 0.0, 1.2, 0.0, 0.0, 0.0, 0.0, 0.0, 0.0, 0.0, 0.0, 0.0, 0.0], "daily_temp_mean_c": [23.6, 23.5, 23.4, 22.2, 18.5, 19.3, 19.1, 18.9, 20.2, 20.1, 20.3, 20.4, 20.3, 20.4, 20.7, 19.0, 18.5], "daily_et0_mm": [3.2, 4.1, 4.3, 4.8, 4.5, 4.3, 3.8, 4.4, 4.1, 3.7, 3.4, 3.8, 3.9, 3.6, 3.1, 3.6, 3.3]}}, {"type": "Feature", "geometry": {"type": "Point", "coordinates": [15.8, 41.4]}, "properties": {"lat": 41.4, "lon": 15.8, "rain_source": "modello", "rain_gauge_count": 0, "rain_gauge_km": null, "elevation_m": 26.0, "veg_class": "none", "vegetation_score": 0.1, "habitat_score": 0.071, "last_rain_date": "2026-09-25", "days_since_rain": 10, "rain_7d_mm": 0.0, "et0_7d_mm": 23.6, "humidity_pct": 93, "humidity_min_pct": 33, "soil_moisture": 0.097, "soil_moisture_deep": 0.123, "soil_temp_c": 19.5, "weather_score": 0.272, "daily_dates": ["2026-09-19", "2026-09-20", "2026-09-21", "2026-09-22", "2026-09-23", "2026-09-24", "2026-09-25", "2026-09-26", "2026-09-27", "2026-09-28", "2026-09-29", "2026-09-30", "2026-10-01", "2026-10-02", "2026-10-03", "2026-10-04", "2026-10-05"], "daily_precip_mm": [4.6, 0.0, 0.0, 0.5, 0.0, 0.0, 1.4, 0.0, 0.0, 0.0, 0.0, 0.0, 0.0, 0.0, 0.0, 0.0, 0.0], "daily_temp_mean_c": [23.7, 23.7, 23.9, 22.1, 19.5, 19.2, 20.0, 19.0, 20.0, 20.0, 20.1, 19.9, 19.9, 19.4, 19.6, 18.5, 17.8], "daily_et0_mm": [3.3, 3.7, 3.9, 4.7, 4.6, 4.4, 4.2, 4.0, 3.9, 3.8, 3.5, 3.5, 3.5, 3.3, 3.2, 3.4, 3.2]}}, {"type": "Feature", "geometry": {"type": "Point", "coordinates": [12.5, 41.7]}, "properties": {"lat": 41.7, "lon": 12.5, "rain_source": "pluviometri", "rain_gauge_count": 3, "rain_gauge_km": 4.0, "elevation_m": 98.0, "veg_class": "none", "vegetation_score": 0.1, "habitat_score": 0.1, "last_rain_date": "2026-09-19", "days_since_rain": 16, "rain_7d_mm": 0.0, "et0_7d_mm": 21.1, "humidity_pct": 80, "humidity_min_pct": 49, "soil_moisture": 0.182, "soil_moisture_deep": 0.213, "soil_temp_c": 21.2, "weather_score": 0.214, "daily_dates": ["2026-09-19", "2026-09-20", "2026-09-21", "2026-09-22", "2026-09-23", "2026-09-24", "2026-09-25", "2026-09-26", "2026-09-27", "2026-09-28", "2026-09-29", "2026-09-30", "2026-10-01", "2026-10-02", "2026-10-03", "2026-10-04", "2026-10-05"], "daily_precip_mm": [36.6, 0.0, 0.0, 0.1, 0.0, 0.7, 0.9, 0.0, 0.0, 0.0, 0.0, 0.0, 0.0, 0.0, 0.0, 0.0, 0.0], "daily_temp_mean_c": [23.4, 23.3, 23.8, 23.8, 21.7, 21.1, 22.3, 21.3, 21.0, 20.8, 20.9, 21.3, 21.6, 21.6, 21.5, 21.5, 20.5], "daily_et0_mm": [3.7, 3.8, 3.9, 3.6, 3.9, 3.4, 3.2, 3.6, 3.2, 3.2, 3.1, 3.3, 3.2, 2.9, 3.0, 2.9, 2.8]}}, {"type": "Feature", "geometry": {"type": "Point", "coordinates": [12.8, 41.7]}, "properties": {"lat": 41.7, "lon": 12.8, "rain_source": "pluviometri", "rain_gauge_count": 3, "rain_gauge_km": 2.5, "elevation_m": 347.0, "veg_class": "none", "vegetation_score": 0.1, "habitat_score": 0.1, "last_rain_date": "2026-09-19", "days_since_rain": 16, "rain_7d_mm": 0.1, "et0_7d_mm": 24.0, "humidity_pct": 62, "humidity_min_pct": 31, "soil_moisture": 0.172, "soil_moisture_deep": 0.185, "soil_temp_c": 22.6, "weather_score": 0.151, "daily_dates": ["2026-09-19", "2026-09-20", "2026-09-21", "2026-09-22", "2026-09-23", "2026-09-24", "2026-09-25", "2026-09-26", "2026-09-27", "2026-09-28", "2026-09-29", "2026-09-30", "2026-10-01", "2026-10-02", "2026-10-03", "2026-10-04", "2026-10-05"], "daily_precip_mm": [8.3, 0.0, 0.0, 0.0, 0.0, 0.2, 0.0, 0.0, 0.0, 0.0, 0.0, 0.0, 0.0, 0.0, 0.0, 0.0, 0.1], "daily_temp_mean_c": [23.6, 23.7, 24.0, 23.3, 20.8, 20.6, 21.5, 20.6, 20.8, 21.2, 21.6, 22.1, 22.4, 22.5, 22.1, 21.4, 21.2], "daily_et0_mm": [3.6, 3.6, 4.3, 3.2, 4.4, 3.8, 3.0, 3.6, 3.6, 3.6, 3.2, 3.6, 3.6, 3.7, 3.5, 3.1, 3.3]}}, {"type": "Feature", "geometry": {"type": "Point", "coordinates": [13.1, 41.7]}, "properties": {"lat": 41.7, "lon": 13.1, "rain_source": "pluviometri", "rain_gauge_count": 3, "rain_gauge_km": 3.3, "elevation_m": 195.0, "veg_class": "none", "vegetation_score": 0.1, "habitat_score": 0.1, "last_rain_date": "2026-09-22", "days_since_rain": 13, "rain_7d_mm": 0.1, "et0_7d_mm": 24.0, "humidity_pct": 62, "humidity_min_pct": 31, "soil_moisture": 0.172, "soil_moisture_deep": 0.185, "soil_temp_c": 22.6, "weather_score": 0.191, "daily_dates": ["2026-09-19", "2026-09-20", "2026-09-21", "2026-09-22", "2026-09-23", "2026-09-24", "2026-09-25", "2026-09-26", "2026-09-27", "2026-09-28", "2026-09-29", "2026-09-30", "2026-10-01", "2026-10-02", "2026-10-03", "2026-10-04", "2026-10-05"], "daily_precip_mm": [4.0, 0.0, 0.0, 6.7, 0.0, 0.0, 0.1, 0.0, 0.0, 0.0, 0.1, 0.0, 0.0, 0.0, 0.0, 0.0, 0.0], "daily_temp_mean_c": [23.6, 23.7, 24.0, 23.3, 20.8, 20.6, 21.5, 20.6, 20.8, 21.2, 21.6, 22.1, 22.4, 22.5, 22.1, 21.4, 21.2], "daily_et0_mm": [3.6, 3.6, 4.3, 3.2, 4.4, 3.8, 3.0, 3.6, 3.6, 3.6, 3.2, 3.6, 3.6, 3.7, 3.5, 3.1, 3.3]}}, {"type": "Feature", "geometry": {"type": "Point", "coordinates": [13.4, 41.7]}, "properties": {"lat": 41.7, "lon": 13.4, "rain_source": "pluviometri", "rain_gauge_count": 3, "rain_gauge_km": 3.2, "elevation_m": 561.0, "veg_class": "none", "vegetation_score": 0.1, "habitat_score": 0.1, "last_rain_date": "2026-09-19", "days_since_rain": 16, "rain_7d_mm": 0.2, "et0_7d_mm": 22.9, "humidity_pct": 73, "humidity_min_pct": 30, "soil_moisture": 0.18, "soil_moisture_deep": 0.193, "soil_temp_c": 20.6, "weather_score": 0.188, "daily_dates": ["2026-09-19", "2026-09-20", "2026-09-21", "2026-09-22", "2026-09-23", "2026-09-24", "2026-09-25", "2026-09-26", "2026-09-27", "2026-09-28", "2026-09-29", "2026-09-30", "2026-10-01", "2026-10-02", "2026-10-03", "2026-10-04", "2026-10-05"], "daily_precip_mm": [6.6, 0.0, 0.0, 0.0, 0.0, 0.0, 0.1, 0.0, 0.0, 0.0, 0.0, 0.0, 0.0, 0.0, 0.0, 0.0, 0.2], "daily_temp_mean_c": [22.3, 22.5, 23.4, 22.0, 18.1, 19.0, 20.6, 18.3, 19.1, 20.1, 20.5, 20.2, 20.5, 20.6, 20.1, 19.8, 19.6], "daily_et0_mm": [3.5, 3.5, 4.1, 3.7, 4.1, 3.9, 3.8, 3.9, 3.6, 3.4, 3.5, 3.8, 3.5, 3.1, 3.1, 3.1, 2.8]}}, {"type": "Feature", "geometry": {"type": "Point", "coordinates": [13.7, 41.7]}, "properties": {"lat": 41.7, "lon": 13.7, "rain_source": "pluviometri", "rain_gauge_count": 3, "rain_gauge_km": 3.7, "elevation_m": 487.0, "veg_class": "none", "vegetation_score": 0.1, "habitat_score": 0.1, "last_rain_date": "2026-09-19", "days_since_rain": 16, "rain_7d_mm": 0.0, "et0_7d_mm": 22.9, "humidity_pct": 73, "humidity_min_pct": 30, "soil_moisture": 0.18, "soil_moisture_deep": 0.193, "soil_temp_c": 20.6, "weather_score": 0.187, "daily_dates": ["2026-09-19", "2026-09-20", "2026-09-21", "2026-09-22", "2026-09-23", "2026-09-24", "2026-09-25", "2026-09-26", "2026-09-27", "2026-09-28", "2026-09-29", "2026-09-30", "2026-10-01", "2026-10-02", "2026-10-03", "2026-10-04", "2026-10-05"], "daily_precip_mm": [3.8, 0.0, 0.0, 0.0, 0.0, 0.0, 0.0, 0.0, 0.0, 0.0, 0.0, 0.0, 0.0, 0.0, 0.0, 0.0, 0.0], "daily_temp_mean_c": [22.3, 22.5, 23.4, 22.0, 18.1, 19.0, 20.6, 18.3, 19.1, 20.1, 20.5, 20.2, 20.5, 20.6, 20.1, 19.8, 19.6], "daily_et0_mm": [3.5, 3.5, 4.1, 3.7, 4.1, 3.9, 3.8, 3.9, 3.6, 3.4, 3.5, 3.8, 3.5, 3.1, 3.1, 3.1, 2.8]}}, {"type": "Feature", "geometry": {"type": "Point", "coordinates": [14.0, 41.7]}, "properties": {"lat": 41.7, "lon": 14.0, "rain_source": "pluviometri", "rain_gauge_count": 3, "rain_gauge_km": 10.5, "elevation_m": 1327.0, "veg_class": "broadleaf", "vegetation_score": 1.0, "habitat_score": 1.0, "last_rain_date": "2026-09-19", "days_since_rain": 16, "rain_7d_mm": 0.0, "et0_7d_mm": 24.7, "humidity_pct": 85, "humidity_min_pct": 22, "soil_moisture": 0.133, "soil_moisture_deep": 0.168, "soil_temp_c": 16.8, "weather_score": 0.184, "daily_dates": ["2026-09-19", "2026-09-20", "2026-09-21", "2026-09-22", "2026-09-23", "2026-09-24", "2026-09-25", "2026-09-26", "2026-09-27", "2026-09-28", "2026-09-29", "2026-09-30", "2026-10-01", "2026-10-02", "2026-10-03", "2026-10-04", "2026-10-05"], "daily_precip_mm": [8.7, 0.1, 0.0, 0.0, 0.0, 0.0, 0.1, 0.0, 0.0, 0.0, 0.0, 0.0, 0.0, 0.0, 0.0, 0.0, 0.0], "daily_temp_mean_c": [19.9, 20.8, 21.1, 18.9, 16.1, 16.4, 17.1, 15.7, 17.2, 17.7, 18.3, 18.0, 18.1, 18.6, 18.0, 17.3, 17.4], "daily_et0_mm": [3.0, 3.4, 3.3, 4.3, 4.1, 3.7, 3.6, 3.9, 3.8, 3.5, 3.8, 4.0, 3.6, 3.6, 3.9, 3.1, 2.6]}}, {"type": "Feature", "geometry": {"type": "Point", "coordinates": [14.3, 41.7]}, "properties": {"lat": 41.7, "lon": 14.3, "rain_source": "pluviometri", "rain_gauge_count": 3, "rain_gauge_km": 9.5, "elevation_m": 877.0, "veg_class": "broadleaf", "vegetation_score": 1.0, "habitat_score": 1.0, "last_rain_date": "2026-09-19", "days_since_rain": 16, "rain_7d_mm": 0.0, "et0_7d_mm": 22.9, "humidity_pct": 84, "humidity_min_pct": 34, "soil_moisture": 0.132, "soil_moisture_deep": 0.17, "soil_temp_c": 15.8, "weather_score": 0.181, "daily_dates": ["2026-09-19", "2026-09-20", "2026-09-21", "2026-09-22", "2026-09-23", "2026-09-24", "2026-09-25", "2026-09-26", "2026-09-27", "2026-09-28", "2026-09-29", "2026-09-30", "2026-10-01", "2026-10-02", "2026-10-03", "2026-10-04", "2026-10-05"], "daily_precip_mm": [4.0, 0.1, 0.0, 0.0, 0.0, 0.0, 0.9, 0.0, 0.0, 0.0, 0.0, 0.0, 0.0, 0.0, 0.0, 0.0, 0.0], "daily_temp_mean_c": [18.6, 19.0, 19.5, 16.5, 13.4, 15.7, 15.3, 13.4, 14.4, 16.1, 16.5, 16.0, 16.5, 16.4, 15.6, 15.5, 16.5], "daily_et0_mm": [2.2, 3.1, 3.5, 3.0, 3.2, 3.7, 2.9, 2.7, 3.0, 3.5, 3.5, 3.4, 3.4, 3.4, 3.3, 3.1, 2.9]}}, {"type": "Feature", "geometry": {"type": "Point", "coordinates": [14.6, 41.7]}, "properties": {"lat": 41.7, "lon": 14.6, "rain_source": "modello", "rain_gauge_count": 0, "rain_gauge_km": null, "elevation_m": 816.0, "veg_class": "none", "vegetation_score": 0.1, "habitat_score": 0.1, "last_rain_date": "2026-09-25", "days_since_rain": 10, "rain_7d_mm": 0.0, "et0_7d_mm": 22.9, "humidity_pct": 84, "humidity_min_pct": 34, "soil_moisture": 0.132, "soil_moisture_deep": 0.17, "soil_temp_c": 15.8, "weather_score": 0.281, "daily_dates": ["2026-09-19", "2026-09-20", "2026-09-21", "2026-09-22", "2026-09-23", "2026-09-24", "2026-09-25", "2026-09-26", "2026-09-27", "2026-09-28", "2026-09-29", "2026-09-30", "2026-10-01", "2026-10-02", "2026-10-03", "2026-10-04", "2026-10-05"], "daily_precip_mm": [2.1, 0.0, 0.0, 0.0, 0.0, 0.0, 2.6, 0.0, 0.0, 0.0, 0.0, 0.0, 0.0, 0.0, 0.0, 0.0, 0.0], "daily_temp_mean_c": [18.6, 19.0, 19.5, 16.5, 13.4, 15.7, 15.3, 13.4, 14.4, 16.1, 16.5, 16.0, 16.5, 16.4, 15.6, 15.5, 16.5], "daily_et0_mm": [2.2, 3.1, 3.5, 3.0, 3.2, 3.7, 2.9, 2.7, 3.0, 3.5, 3.5, 3.4, 3.4, 3.4, 3.3, 3.1, 2.9]}}, {"type": "Feature", "geometry": {"type": "Point", "coordinates": [14.9, 41.7]}, "properties": {"lat": 41.7, "lon": 14.9, "rain_source": "modello", "rain_gauge_count": 0, "rain_gauge_km": null, "elevation_m": 570.0, "veg_class": "none", "vegetation_score": 0.1, "habitat_score": 0.1, "last_rain_date": "2026-09-25", "days_since_rain": 10, "rain_7d_mm": 0.0, "et0_7d_mm": 23.3, "humidity_pct": 77, "humidity_min_pct": 26, "soil_moisture": 0.101, "soil_moisture_deep": 0.136, "soil_temp_c": 17.4, "weather_score": 0.233, "daily_dates": ["2026-09-19", "2026-09-20", "2026-09-21", "2026-09-22", "2026-09-23", "2026-09-24", "2026-09-25", "2026-09-26", "2026-09-27", "2026-09-28", "2026-09-29", "2026-09-30", "2026-10-01", "2026-10-02", "2026-10-03", "2026-10-04", "2026-10-05"], "daily_precip_mm": [2.8, 0.0, 0.0, 0.0, 0.0, 0.0, 4.9, 0.0, 0.0, 0.0, 0.0, 0.0, 0.0, 0.0, 0.0, 0.0, 0.0], "daily_temp_mean_c": [21.1, 20.8, 20.8, 18.9, 15.6, 17.0, 17.1, 15.7, 16.3, 16.4, 17.1, 17.5, 17.5, 17.4, 17.0, 16.2, 17.0], "daily_et0_mm": [2.8, 3.2, 3.8, 3.9, 3.7, 4.1, 3.1, 3.3, 2.9, 3.4, 3.4, 3.5, 3.5, 3.4, 3.2, 3.3, 3.1]}}, {"type": "Feature", "geometry": {"type": "Point", "coordinates": [15.2, 41.7]}, "properties": {"lat": 41.7, "lon": 15.2, "rain_source": "modello", "rain_gauge_count": 0, "rain_gauge_km": null, "elevation_m": 80.0, "veg_class": "none", "vegetation_score": 0.1, "habitat_score": 0.1, "last_rain_date": "2026-09-25", "days_since_rain": 10, "rain_7d_mm": 0.0, "et0_7d_mm": 23.3, "humidity_pct": 77, "humidity_min_pct": 26, "soil_moisture": 0.101, "soil_moisture_deep": 0.136, "soil_temp_c": 17.4, "weather_score": 0.233, "daily_dates": ["2026-09-19", "2026-09-20", "2026-09-21", "2026-09-22", "2026-09-23", "2026-09-24", "2026-09-25", "2026-09-26", "2026-09-27", "2026-09-28", "2026-09-29", "2026-09-30", "2026-10-01", "2026-10-02", "2026-10-03", "2026-10-04", "2026-10-05"], "daily_precip_mm": [2.3, 0.2, 0.0, 0.2, 0.0, 0.0, 3.7, 0.0, 0.0, 0.0, 0.0, 0.0, 0.0, 0.0, 0.0, 0.0, 0.0], "daily_temp_mean_c": [21.1, 20.8, 20.8, 18.9, 15.6, 17.0, 17.1, 15.7, 16.3, 16.4, 17.1, 17.5, 17.5, 17.4, 17.0, 16.2, 17.0], "daily_et0_mm": [2.8, 3.2, 3.8, 3.9, 3.7, 4.1, 3.1, 3.3, 2.9, 3.4, 3.4, 3.5, 3.5, 3.4, 3.2, 3.3, 3.1]}}, {"type": "Feature", "geometry": {"type": "Point", "coordinates": [15.5, 41.7]}, "properties": {"lat": 41.7, "lon": 15.5, "rain_source": "modello", "rain_gauge_count": 0, "rain_gauge_km": null, "elevation_m": 33.0, "veg_class": "none", "vegetation_score": 0.1, "habitat_score": 0.08, "last_rain_date": "2026-09-25", "days_since_rain": 10, "rain_7d_mm": 0.0, "et0_7d_mm": 24.7, "humidity_pct": 78, "humidity_min_pct": 27, "soil_moisture": 0.173, "soil_moisture_deep": 0.216, "soil_temp_c": 19.8, "weather_score": 0.304, "daily_dates": ["2026-09-19", "2026-09-20", "2026-09-21", "2026-09-22", "2026-09-23", "2026-09-24", "2026-09-25", "2026-09-26", "2026-09-27", "2026-09-28", "2026-09-29", "2026-09-30", "2026-10-01", "2026-10-02", "2026-10-03", "2026-10-04", "2026-10-05"], "daily_precip_mm": [2.2, 0.0, 0.0, 0.2, 0.0, 0.0, 3.4, 0.0, 0.0, 0.0, 0.0, 0.0, 0.0, 0.0, 0.0, 0.0, 0.0], "daily_temp_mean_c": [23.6, 23.5, 23.4, 22.2, 18.5, 19.3, 19.1, 18.9, 20.2, 20.1, 20.3, 20.4, 20.3, 20.4, 20.7, 19.0, 18.5], "daily_et0_mm": [3.2, 4.1, 4.3, 4.8, 4.5, 4.3, 3.8, 4.4, 4.1, 3.7, 3.4, 3.8, 3.9, 3.6, 3.1, 3.6, 3.3]}}, {"type": "Feature", "geometry": {"type": "Point", "coordinates": [15.8, 41.7]}, "properties": {"lat": 41.7, "lon": 15.8, "rain_source": "modello", "rain_gauge_count": 0, "rain_gauge_km": null, "elevation_m": 509.0, "veg_class": "none", "vegetation_score": 0.1, "habitat_score": 0.1, "last_rain_date": "2026-09-25", "days_since_rain": 10, "rain_7d_mm": 0.0, "et0_7d_mm": 23.6, "humidity_pct": 93, "humidity_min_pct": 33, "soil_moisture": 0.097, "soil_moisture_deep": 0.123, "soil_temp_c": 19.5, "weather_score": 0.272, "daily_dates": ["2026-09-19", "2026-09-20", "2026-09-21", "2026-09-22", "2026-09-23", "2026-09-24", "2026-09-25", "2026-09-26", "2026-09-27", "2026-09-28", "2026-09-29", "2026-09-30", "2026-10-01", "2026-10-02", "2026-10-03", "2026-10-04", "2026-10-05"], "daily_precip_mm": [8.3, 0.2, 0.0, 0.0, 0.0, 0.0, 6.0, 0.0, 0.0, 0.0, 0.0, 0.0, 0.0, 0.0, 0.0, 0.0, 0.0], "daily_temp_mean_c": [23.7, 23.7, 23.9, 22.1, 19.5, 19.2, 20.0, 19.0, 20.0, 20.0, 20.1, 19.9, 19.9, 19.4, 19.6, 18.5, 17.8], "daily_et0_mm": [3.3, 3.7, 3.9, 4.7, 4.6, 4.4, 4.2, 4.0, 3.9, 3.8, 3.5, 3.5, 3.5, 3.3, 3.2, 3.4, 3.2]}}, {"type": "Feature", "geometry": {"type": "Point", "coordinates": [12.2, 42.0]}, "properties": {"lat": 42.0, "lon": 12.2, "rain_source": "pluviometri", "rain_gauge_count": 3, "rain_gauge_km": 2.2, "elevation_m": 127.0, "veg_class": "none", "vegetation_score": 0.1, "habitat_score": 0.1, "last_rain_date": null, "days_since_rain": null, "rain_7d_mm": 0.0, "et0_7d_mm": 21.3, "humidity_pct": 76, "humidity_min_pct": 53, "soil_moisture": 0.22, "soil_moisture_deep": 0.275, "soil_temp_c": 22.1, "weather_score": 0.245, "daily_dates": ["2026-09-19", "2026-09-20", "2026-09-21", "2026-09-22", "2026-09-23", "2026-09-24", "2026-09-25", "2026-09-26", "2026-09-27", "2026-09-28", "2026-09-29", "2026-09-30", "2026-10-01", "2026-10-02", "2026-10-03", "2026-10-04", "2026-10-05"], "daily_precip_mm": [0.2, 0.0, 0.0, 0.0, 0.0, 0.0, 0.0, 0.0, 0.0, 0.0, 0.0, 0.0, 0.0, 0.0, 0.0, 0.0, 0.0], "daily_temp_mean_c": [23.4, 23.5, 23.7, 24.0, 21.9, 21.2, 23.0, 21.0, 21.0, 20.6, 20.7, 20.9, 21.5, 21.4, 21.4, 21.3, 20.5], "daily_et0_mm": [3.8, 3.8, 4.2, 4.3, 5.4, 3.4, 4.4, 4.2, 3.7, 3.3, 3.3, 3.2, 3.2, 3.0, 3.1, 2.9, 2.6]}}, {"type": "Feature", "geometry": {"type": "Point", "coordinates": [12.5, 42.0]}, "properties": {"lat": 42.0, "lon": 12.5, "rain_source": "pluviometri", "rain_gauge_count": 3, "rain_gauge_km": 1.2, "elevation_m": 18.0, "veg_class": "none", "vegetation_score": 0.1, "habitat_score": 0.062, "last_rain_date": null, "days_since_rain": null, "rain_7d_mm": 0.0, "et0_7d_mm": 20.6, "humidity_pct": 79, "humidity_min_pct": 42, "soil_moisture": 0.191, "soil_moisture_deep": 0.211, "soil_temp_c": 20.4, "weather_score": 0.215, "daily_dates": ["2026-09-19", "2026-09-20", "2026-09-21", "2026-09-22", "2026-09-23", "2026-09-24", "2026-09-25", "2026-09-26", "2026-09-27", "2026-09-28", "2026-09-29", "2026-09-30", "2026-10-01", "2026-10-02", "2026-10-03", "2026-10-04", "2026-10-05"], "daily_precip_mm": [0.1, 0.0, 0.0, 0.0, 0.0, 0.0, 0.0, 0.0, 0.0, 0.0, 0.0, 0.0, 0.0, 0.0, 0.0, 0.0, 0.0], "daily_temp_mean_c": [23.8, 23.7, 23.8, 23.5, 20.9, 19.4, 22.3, 20.5, 19.7, 20.1, 20.6, 20.8, 21.4, 21.0, 20.8, 21.3, 20.0], "daily_et0_mm": [3.8, 3.9, 4.0, 4.0, 4.5, 3.1, 4.2, 4.0, 3.3, 3.3, 3.2, 3.0, 3.1, 2.8, 3.0, 3.0, 2.5]}}, {"type": "Feature", "geometry": {"type": "Point", "coordinates": [12.8, 42.0]}, "properties": {"lat": 42.0, "lon": 12.8, "rain_source": "pluviometri", "rain_gauge_count": 3, "rain_gauge_km": 4.1, "elevation_m": 208.0, "veg_class": "none", "vegetation_score": 0.1, "habitat_score": 0.1, "last_rain_date": "2026-10-03", "days_since_rain": 2, "rain_7d_mm": 5.6, "et0_7d_mm": 21.0, "humidity_pct": 78, "humidity_min_pct": 44, "soil_moisture": 0.093, "soil_moisture_deep": 0.11, "soil_temp_c": 18.6, "weather_score": 0.554, "daily_dates": ["2026-09-19", "2026-09-20", "2026-09-21", "2026-09-22", "2026-09-23", "2026-09-24", "2026-09-25", "2026-09-26", "2026-09-27", "2026-09-28", "2026-09-29", "2026-09-30", "2026-10-01", "2026-10-02", "2026-10-03", "2026-10-04", "2026-10-05"], "daily_precip_mm": [1.9, 0.0, 0.0, 0.0, 0.0, 0.0, 0.0, 0.0, 0.0, 0.0, 0.0, 0.0, 0.0, 0.0, 5.6, 0.0, 0.0], "daily_temp_mean_c": [20.9, 21.3, 21.7, 21.3, 17.5, 17.7, 19.8, 17.9, 17.8, 18.4, 18.8, 18.9, 19.2, 19.4, 19.4, 19.0, 18.1], "daily_et0_mm": [3.5, 3.6, 4.1, 4.2, 4.3, 3.7, 4.0, 4.0, 3.8, 3.6, 3.3, 3.2, 3.2, 3.0, 3.1, 2.8, 2.4]}}, {"type": "Feature", "geometry": {"type": "Point", "coordinates": [13.1, 42.0]}, "properties": {"lat": 42.0, "lon": 13.1, "rain_source": "pluviometri", "rain_gauge_count": 3, "rain_gauge_km": 3.1, "elevation_m": 1269.0, "veg_class": "broadleaf", "vegetation_score": 1.0, "habitat_score": 1.0, "last_rain_date": "2026-09-19", "days_since_rain": 16, "rain_7d_mm": 0.2, "et0_7d_mm": 21.0, "humidity_pct": 78, "humidity_min_pct": 44, "soil_moisture": 0.093, "soil_moisture_deep": 0.11, "soil_temp_c": 18.6, "weather_score": 0.128, "daily_dates": ["2026-09-19", "2026-09-20", "2026-09-21", "2026-09-22", "2026-09-23", "2026-09-24", "2026-09-25", "2026-09-26", "2026-09-27", "2026-09-28", "2026-09-29", "2026-09-30", "2026-10-01", "2026-10-02", "2026-10-03", "2026-10-04", "2026-10-05"], "daily_precip_mm": [5.0, 0.1, 0.0, 0.0, 0.0, 0.0, 0.1, 0.0, 0.0, 0.0, 0.0, 0.0, 0.0, 0.0, 0.0, 0.1, 0.0], "daily_temp_mean_c": [20.9, 21.3, 21.7, 21.3, 17.5, 17.7, 19.8, 17.9, 17.8, 18.4, 18.8, 18.9, 19.2, 19.4, 19.4, 19.0, 18.1], "daily_et0_mm": [3.5, 3.6, 4.1, 4.2, 4.3, 3.7, 4.0, 4.0, 3.8, 3.6, 3.3, 3.2, 3.2, 3.0, 3.1, 2.8, 2.4]}}, {"type": "Feature", "geometry": {"type": "Point", "coordinates": [13.4, 42.0]}, "properties": {"lat": 42.0, "lon": 13.4, "rain_source": "pluviometri", "rain_gauge_count": 3, "rain_gauge_km": 6.8, "elevation_m": 711.0, "veg_class": "none", "vegetation_score": 0.1, "habitat_score": 0.1, "last_rain_date": "2026-09-19", "days_since_rain": 16, "rain_7d_mm": 0.6, "et0_7d_mm": 22.6, "humidity_pct": 84, "humidity_min_pct": 24, "soil_moisture": 0.091, "soil_moisture_deep": 0.108, "soil_temp_c": 16.7, "weather_score": 0.148, "daily_dates": ["2026-09-19", "2026-09-20", "2026-09-21", "2026-09-22", "2026-09-23", "2026-09-24", "2026-09-25", "2026-09-26", "2026-09-27", "2026-09-28", "2026-09-29", "2026-09-30", "2026-10-01", "2026-10-02", "2026-10-03", "2026-10-04", "2026-10-05"], "daily_precip_mm": [6.4, 0.0, 0.0, 0.0, 0.0, 0.0, 0.1, 0.0, 0.0, 0.0, 0.0, 0.0, 0.6, 0.0, 0.0, 0.0, 0.0], "daily_temp_mean_c": [18.0, 18.9, 19.4, 16.4, 13.6, 14.8, 15.2, 12.8, 15.1, 16.1, 16.3, 15.8, 15.9, 15.9, 15.6, 15.9, 15.7], "daily_et0_mm": [3.2, 3.6, 3.7, 3.6, 3.5, 3.8, 3.4, 3.4, 3.6, 3.7, 3.6, 3.5, 3.3, 3.2, 3.3, 3.0, 2.7]}}, {"type": "Feature", "geometry": {"type": "Point", "coordinates": [13.7, 42.0]}, "properties": {"lat": 42.0, "lon": 13.7, "rain_source": "modello", "rain_gauge_count": 0, "rain_gauge_km": null, "elevation_m": 1410.0, "veg_class": "none", "vegetation_score": 0.1, "habitat_score": 0.098, "last_rain_date": "2026-09-25", "days_since_rain": 10, "rain_7d_mm": 0.0, "et0_7d_mm": 22.6, "humidity_pct": 84, "humidity_min_pct": 24, "soil_moisture": 0.091, "soil_moisture_deep": 0.108, "soil_temp_c": 16.7, "weather_score": 0.243, "daily_dates": ["2026-09-19", "2026-09-20", "2026-09-21", "2026-09-22", "2026-09-23", "2026-09-24", "2026-09-25", "2026-09-26", "2026-09-27", "2026-09-28", "2026-09-29", "2026-09-30", "2026-10-01", "2026-10-02", "2026-10-03", "2026-10-04", "2026-10-05"], "daily_precip_mm": [3.7, 0.0, 0.0, 0.2, 0.0, 0.0, 1.5, 0.0, 0.0, 0.0, 0.0, 0.0, 0.0, 0.0, 0.0, 0.0, 0.0], "daily_temp_mean_c": [18.0, 18.9, 19.4, 16.4, 13.6, 14.8, 15.2, 12.8, 15.1, 16.1, 16.3, 15.8, 15.9, 15.9, 15.6, 15.9, 15.7], "daily_et0_mm": [3.2, 3.6, 3.7, 3.6, 3.5, 3.8, 3.4, 3.4, 3.6, 3.7, 3.6, 3.5, 3.3, 3.2, 3.3, 3.0, 2.7]}}, {"type": "Feature", "geometry": {"type": "Point", "coordinates": [14.0, 42.0]}, "properties": {"lat": 42.0, "lon": 14.0, "rain_source": "modello", "rain_gauge_count": 0, "rain_gauge_km": null, "elevation_m": 887.0, "veg_class": "none", "vegetation_score": 0.1, "habitat_score": 0.1, "last_rain_date": "2026-09-25", "days_since_rain": 10, "rain_7d_mm": 0.0, "et0_7d_mm": 21.9, "humidity_pct": 84, "humidity_min_pct": 30, "soil_moisture": 0.105, "soil_moisture_deep": 0.124, "soil_temp_c": 14.6, "weather_score": 0.251, "daily_dates": ["2026-09-19", "2026-09-20", "2026-09-21", "2026-09-22", "2026-09-23", "2026-09-24", "2026-09-25", "2026-09-26", "2026-09-27", "2026-09-28", "2026-09-29", "2026-09-30", "2026-10-01", "2026-10-02", "2026-10-03", "2026-10-04", "2026-10-05"], "daily_precip_mm": [3.4, 0.0, 0.0, 1.6, 0.0, 0.0, 2.5, 0.0, 0.0, 0.0, 0.0, 0.0, 0.0, 0.0, 0.0, 0.0, 0.0], "daily_temp_mean_c": [16.7, 17.2, 17.4, 13.8, 10.4, 14.2, 13.0, 9.9, 12.4, 14.2, 14.4, 14.1, 14.2, 14.1, 13.8, 14.0, 14.3], "daily_et0_mm": [2.4, 3.0, 3.4, 2.5, 2.9, 3.9, 3.0, 2.5, 3.1, 3.4, 3.4, 3.4, 3.4, 3.0, 3.0, 3.0, 2.6]}}, {"type": "Feature", "geometry": {"type": "Point", "coordinates": [14.3, 42.0]}, "properties": {"lat": 42.0, "lon": 14.3, "rain_source": "modello", "rain_gauge_count": 0, "rain_gauge_km": null, "elevation_m": 631.0, "veg_class": "broadleaf", "vegetation_score": 1.0, "habitat_score": 1.0, "last_rain_date": "2026-09-25", "days_since_rain": 10, "rain_7d_mm": 0.0, "et0_7d_mm": 22.8, "humidity_pct": 75, "humidity_min_pct": 42, "soil_moisture": 0.151, "soil_moisture_deep": 0.182, "soil_temp_c": 16.9, "weather_score": 0.272, "daily_dates": ["2026-09-19", "2026-09-20", "2026-09-21", "2026-09-22", "2026-09-23", "2026-09-24", "2026-09-25", "2026-09-26", "2026-09-27", "2026-09-28", "2026-09-29", "2026-09-30", "2026-10-01", "2026-10-02", "2026-10-03", "2026-10-04", "2026-10-05"], "daily_precip_mm": [6.4, 0.3, 0.0, 0.7, 0.0, 0.0, 11.8, 0.0, 0.0, 0.0, 0.0, 0.0, 0.0, 0.0, 0.0, 0.0, 0.0], "daily_temp_mean_c": [19.0, 19.4, 19.9, 17.6, 14.7, 15.9, 15.6, 15.2, 15.4, 15.8, 15.9, 16.4, 16.4, 16.4, 16.0, 15.6, 17.0], "daily_et0_mm": [2.3, 3.1, 3.5, 3.5, 3.4, 3.8, 2.8, 3.1, 3.1, 3.4, 3.2, 3.6, 3.5, 3.3, 3.2, 2.9, 3.0]}}, {"type": "Feature", "geometry": {"type": "Point", "coordinates": [14.6, 42.0]}, "properties": {"lat": 42.0, "lon": 14.6, "rain_source": "modello", "rain_gauge_count": 0, "rain_gauge_km": null, "elevation_m": 331.0, "veg_class": "none", "vegetation_score": 0.1, "habitat_score": 0.1, "last_rain_date": "2026-09-25", "days_since_rain": 10, "rain_7d_mm": 0.0, "et0_7d_mm": 22.8, "humidity_pct": 75, "humidity_min_pct": 42, "soil_moisture": 0.151, "soil_moisture_deep": 0.182, "soil_temp_c": 16.9, "weather_score": 0.272, "daily_dates": ["2026-09-19", "2026-09-20", "2026-09-21", "2026-09-22", "2026-09-23", "2026-09-24", "2026-09-25", "2026-09-26", "2026-09-27", "2026-09-28", "2026-09-29", "2026-09-30", "2026-10-01", "2026-10-02", "2026-10-03", "2026-10-04", "2026-10-05"], "daily_precip_mm": [4.2, 0.0, 0.0, 0.3, 0.0, 0.0, 10.0, 0.0, 0.0, 0.0, 0.0, 0.0, 0.0, 0.0, 0.0, 0.0, 0.0], "daily_temp_mean_c": [19.0, 19.4, 19.9, 17.6, 14.7, 15.9, 15.6, 15.2, 15.4, 15.8, 15.9, 16.4, 16.4, 16.4, 16.0, 15.6, 17.0], "daily_et0_mm": [2.3, 3.1, 3.5, 3.5, 3.4, 3.8, 2.8, 3.1, 3.1, 3.4, 3.2, 3.6, 3.5, 3.3, 3.2, 2.9, 3.0]}}, {"type": "Feature", "geometry": {"type": "Point", "coordinates": [14.9, 42.0]}, "properties": {"lat": 42.0, "lon": 14.9, "rain_source": "modello", "rain_gauge_count": 0, "rain_gauge_km": null, "elevation_m": 106.0, "veg_class": "none", "vegetation_score": 0.1, "habitat_score": 0.1, "last_rain_date": "2026-09-25", "days_since_rain": 10, "rain_7d_mm": 0.0, "et0_7d_mm": 21.4, "humidity_pct": 84, "humidity_min_pct": 48, "soil_moisture": 0.212, "soil_moisture_deep": 0.257, "soil_temp_c": 20.5, "weather_score": 0.356, "daily_dates": ["2026-09-19", "2026-09-20", "2026-09-21", "2026-09-22", "2026-09-23", "2026-09-24", "2026-09-25", "2026-09-26", "2026-09-27", "2026-09-28", "2026-09-29", "2026-09-30", "2026-10-01", "2026-10-02", "2026-10-03", "2026-10-04", "2026-10-05"], "daily_precip_mm": [3.5, 0.0, 0.0, 0.3, 0.0, 0.0, 7.6, 0.0, 0.0, 0.0, 0.0, 0.0, 0.0, 0.0, 0.0, 0.0, 0.0], "daily_temp_mean_c": [22.8, 22.5, 22.9, 22.3, 19.7, 19.6, 20.0, 20.3, 20.3, 19.5, 19.7, 19.9, 19.9, 20.1, 20.0, 19.1, 19.3], "daily_et0_mm": [2.8, 3.1, 3.4, 4.7, 4.5, 4.0, 3.7, 4.2, 3.5, 3.2, 3.1, 3.3, 3.2, 3.2, 3.0, 2.9, 2.7]}}, {"type": "Feature", "geometry": {"type": "Point", "coordinates": [11.9, 42.3]}, "properties": {"lat": 42.3, "lon": 11.9, "rain_source": "pluviometri", "rain_gauge_count": 3, "rain_gauge_km": 3.6, "elevation_m": 212.0, "veg_class": "broadleaf", "vegetation_score": 1.0, "habitat_score": 1.0, "last_rain_date": null, "days_since_rain": null, "rain_7d_mm": 0.1, "et0_7d_mm": 20.4, "humidity_pct": 77, "humidity_min_pct": 42, "soil_moisture": 0.135, "soil_moisture_deep": 0.17, "soil_temp_c": 18.5, "weather_score": 0.165, "daily_dates": ["2026-09-19", "2026-09-20", "2026-09-21", "2026-09-22", "2026-09-23", "2026-09-24", "2026-09-25", "2026-09-26", "2026-09-27", "2026-09-28", "2026-09-29", "2026-09-30", "2026-10-01", "2026-10-02", "2026-10-03", "2026-10-04", "2026-10-05"], "daily_precip_mm": [0.0, 0.0, 0.0, 0.0, 0.0, 0.0, 0.0, 0.0, 0.0, 0.0, 0.0, 0.0, 0.1, 0.0, 0.0, 0.0, 0.0], "daily_temp_mean_c": [21.8, 22.1, 22.3, 21.9, 18.7, 18.2, 19.4, 18.3, 18.9, 19.0, 19.1, 19.3, 19.5, 20.1, 19.6, 19.0, 18.3], "daily_et0_mm": [3.8, 4.0, 3.9, 5.6, 4.9, 3.0, 4.9, 4.9, 3.9, 3.3, 3.2, 2.9, 2.8, 3.3, 3.2, 2.7, 2.3]}}, {"type": "Feature", "geometry": {"type": "Point", "coordinates": [12.2, 42.3]}, "properties": {"lat": 42.3, "lon": 12.2, "rain_source": "pluviometri", "rain_gauge_count": 3, "rain_gauge_km": 1.5, "elevation_m": 559.0, "veg_class": "none", "vegetation_score": 0.1, "habitat_score": 0.1, "last_rain_date": null, "days_since_rain": null, "rain_7d_mm": 0.7, "et0_7d_mm": 20.4, "humidity_pct": 77, "humidity_min_pct": 42, "soil_moisture": 0.135, "soil_moisture_deep": 0.17, "soil_temp_c": 18.5, "weather_score": 0.17, "daily_dates": ["2026-09-19", "2026-09-20", "2026-09-21", "2026-09-22", "2026-09-23", "2026-09-24", "2026-09-25", "2026-09-26", "2026-09-27", "2026-09-28", "2026-09-29", "2026-09-30", "2026-10-01", "2026-10-02", "2026-10-03", "2026-10-04", "2026-10-05"], "daily_precip_mm": [0.3, 0.0, 0.0, 0.0, 0.0, 0.0, 0.0, 0.0, 0.0, 0.0, 0.0, 0.0, 0.6, 0.0, 0.0, 0.1, 0.0], "daily_temp_mean_c": [21.8, 22.1, 22.3, 21.9, 18.7, 18.2, 19.4, 18.3, 18.9, 19.0, 19.1, 19.3, 19.5, 20.1, 19.6, 19.0, 18.3], "daily_et0_mm": [3.8, 4.0, 3.9, 5.6, 4.9, 3.0, 4.9, 4.9, 3.9, 3.3, 3.2, 2.9, 2.8, 3.3, 3.2, 2.7, 2.3]}}, {"type": "Feature", "geometry": {"type": "Point", "coordinates": [12.5, 42.3]}, "properties": {"lat": 42.3, "lon": 12.5, "rain_source": "pluviometri", "rain_gauge_count": 3, "rain_gauge_km": 5.2, "elevation_m": 65.0, "veg_class": "none", "vegetation_score": 0.1, "habitat_score": 0.1, "last_rain_date": null, "days_since_rain": null, "rain_7d_mm": 0.0, "et0_7d_mm": 20.8, "humidity_pct": 72, "humidity_min_pct": 40, "soil_moisture": 0.136, "soil_moisture_deep": 0.174, "soil_temp_c": 19.6, "weather_score": 0.152, "daily_dates": ["2026-09-19", "2026-09-20", "2026-09-21", "2026-09-22", "2026-09-23", "2026-09-24", "2026-09-25", "2026-09-26", "2026-09-27", "2026-09-28", "2026-09-29", "2026-09-30", "2026-10-01", "2026-10-02", "2026-10-03", "2026-10-04", "2026-10-05"], "daily_precip_mm": [0.3, 0.0, 0.0, 0.0, 0.0, 0.0, 0.0, 0.0, 0.0, 0.0, 0.0, 0.0, 0.0, 0.0, 0.0, 0.0, 0.0], "daily_temp_mean_c": [22.8, 22.9, 22.8, 22.1, 18.4, 18.7, 21.0, 18.1, 18.4, 19.4, 19.9, 19.9, 20.6, 20.2, 19.8, 20.0, 19.1], "daily_et0_mm": [3.7, 3.8, 3.9, 4.7, 4.2, 3.5, 4.6, 4.1, 3.4, 3.2, 3.2, 3.0, 3.3, 3.0, 3.0, 2.9, 2.3]}}, {"type": "Feature", "geometry": {"type": "Point", "coordinates": [12.8, 42.3]}, "properties": {"lat": 42.3, "lon": 12.8, "rain_source": "pluviometri", "rain_gauge_count": 3, "rain_gauge_km": 5.9, "elevation_m": 520.0, "veg_class": "broadleaf", "vegetation_score": 1.0, "habitat_score": 1.0, "last_rain_date": "2026-09-19", "days_since_rain": 16, "rain_7d_mm": 0.0, "et0_7d_mm": 17.7, "humidity_pct": 82, "humidity_min_pct": 43, "soil_moisture": 0.103, "soil_moisture_deep": 0.114, "soil_temp_c": 10.1, "weather_score": 0.141, "daily_dates": ["2026-09-19", "2026-09-20", "2026-09-21", "2026-09-22", "2026-09-23", "2026-09-24", "2026-09-25", "2026-09-26", "2026-09-27", "2026-09-28", "2026-09-29", "2026-09-30", "2026-10-01", "2026-10-02", "2026-10-03", "2026-10-04", "2026-10-05"], "daily_precip_mm": [4.3, 0.0, 0.0, 0.0, 0.0, 0.0, 0.1, 0.0, 0.0, 0.0, 0.0, 0.0, 0.0, 0.0, 0.0, 0.0, 0.0], "daily_temp_mean_c": [13.3, 14.3, 15.3, 12.7, 10.0, 11.6, 11.5, 10.5, 12.7, 13.7, 13.2, 12.3, 12.5, 12.5, 12.1, 12.0, 11.2], "daily_et0_mm": [2.2, 2.8, 3.1, 3.3, 3.5, 2.9, 3.3, 3.5, 3.5, 3.2, 3.2, 2.5, 2.9, 2.5, 2.4, 2.5, 1.6]}}, {"type": "Feature", "geometry": {"type": "Point", "coordinates": [13.1, 42.3]}, "properties": {"lat": 42.3, "lon": 13.1, "rain_source": "pluviometri", "rain_gauge_count": 3, "rain_gauge_km": 4.7, "elevation_m": 1173.0, "veg_class": "none", "vegetation_score": 0.1, "habitat_score": 0.1, "last_rain_date": "2026-09-19", "days_since_rain": 16, "rain_7d_mm": 0.0, "et0_7d_mm": 17.7, "humidity_pct": 82, "humidity_min_pct": 43, "soil_moisture": 0.103, "soil_moisture_deep": 0.114, "soil_temp_c": 10.1, "weather_score": 0.141, "daily_dates": ["2026-09-19", "2026-09-20", "2026-09-21", "2026-09-22", "2026-09-23", "2026-09-24", "2026-09-25", "2026-09-26", "2026-09-27", "2026-09-28", "2026-09-29", "2026-09-30", "2026-10-01", "2026-10-02", "2026-10-03", "2026-10-04", "2026-10-05"], "daily_precip_mm": [8.7, 0.0, 0.0, 0.0, 0.0, 0.0, 0.9, 0.0, 0.0, 0.0, 0.0, 0.0, 0.0, 0.0, 0.0, 0.0, 0.0], "daily_temp_mean_c": [13.3, 14.3, 15.3, 12.7, 10.0, 11.6, 11.5, 10.5, 12.7, 13.7, 13.2, 12.3, 12.5, 12.5, 12.1, 12.0, 11.2], "daily_et0_mm": [2.2, 2.8, 3.1, 3.3, 3.5, 2.9, 3.3, 3.5, 3.5, 3.2, 3.2, 2.5, 2.9, 2.5, 2.4, 2.5, 1.6]}}, {"type": "Feature", "geometry": {"type": "Point", "coordinates": [13.4, 42.3]}, "properties": {"lat": 42.3, "lon": 13.4, "rain_source": "pluviometri", "rain_gauge_count": 2, "rain_gauge_km": 18.2, "elevation_m": 1242.0, "veg_class": "shrub", "vegetation_score": 0.5, "habitat_score": 0.5, "last_rain_date": "2026-09-25", "days_since_rain": 10, "rain_7d_mm": 0.0, "et0_7d_mm": 17.5, "humidity_pct": 91, "humidity_min_pct": 42, "soil_moisture": 0.144, "soil_moisture_deep": 0.172, "soil_temp_c": 10.5, "weather_score": 0.308, "daily_dates": ["2026-09-19", "2026-09-20", "2026-09-21", "2026-09-22", "2026-09-23", "2026-09-24", "2026-09-25", "2026-09-26", "2026-09-27", "2026-09-28", "2026-09-29", "2026-09-30", "2026-10-01", "2026-10-02", "2026-10-03", "2026-10-04", "2026-10-05"], "daily_precip_mm": [3.8, 0.0, 0.0, 0.0, 0.0, 0.0, 1.0, 0.0, 0.0, 0.0, 0.0, 0.0, 0.0, 0.0, 0.0, 0.0, 0.0], "daily_temp_mean_c": [13.4, 13.8, 14.7, 10.8, 8.6, 12.4, 10.3, 8.8, 11.6, 13.1, 12.4, 11.8, 11.9, 11.8, 11.6, 11.8, 11.9], "daily_et0_mm": [1.8, 2.3, 2.8, 2.3, 2.9, 3.4, 2.7, 2.7, 3.0, 3.0, 2.8, 2.9, 2.7, 2.4, 2.2, 2.2, 2.2]}}, {"type": "Feature", "geometry": {"type": "Point", "coordinates": [13.7, 42.3]}, "properties": {"lat": 42.3, "lon": 13.7, "rain_source": "modello", "rain_gauge_count": 0, "rain_gauge_km": null, "elevation_m": 699.0, "veg_class": "mixed", "vegetation_score": 1.0, "habitat_score": 1.0, "last_rain_date": "2026-09-25", "days_since_rain": 10, "rain_7d_mm": 0.0, "et0_7d_mm": 17.5, "humidity_pct": 91, "humidity_min_pct": 42, "soil_moisture": 0.144, "soil_moisture_deep": 0.172, "soil_temp_c": 10.5, "weather_score": 0.308, "daily_dates": ["2026-09-19", "2026-09-20", "2026-09-21", "2026-09-22", "2026-09-23", "2026-09-24", "2026-09-25", "2026-09-26", "2026-09-27", "2026-09-28", "2026-09-29", "2026-09-30", "2026-10-01", "2026-10-02", "2026-10-03", "2026-10-04", "2026-10-05"], "daily_precip_mm": [6.6, 0.0, 0.0, 1.5, 0.0, 0.0, 6.1, 0.0, 0.0, 0.0, 0.0, 0.0, 0.0, 0.0, 0.0, 0.0, 0.0], "daily_temp_mean_c": [13.4, 13.8, 14.7, 10.8, 8.6, 12.4, 10.3, 8.8, 11.6, 13.1, 12.4, 11.8, 11.9, 11.8, 11.6, 11.8, 11.9], "daily_et0_mm": [1.8, 2.3, 2.8, 2.3, 2.9, 3.4, 2.7, 2.7, 3.0, 3.0, 2.8, 2.9, 2.7, 2.4, 2.2, 2.2, 2.2]}}, {"type": "Feature", "geometry": {"type": "Point", "coordinates": [14.0, 42.3]}, "properties": {"lat": 42.3, "lon": 14.0, "rain_source": "modello", "rain_gauge_count": 0, "rain_gauge_km": null, "elevation_m": 171.0, "veg_class": "none", "vegetation_score": 0.1, "habitat_score": 0.1, "last_rain_date": "2026-09-25", "days_since_rain": 10, "rain_7d_mm": 0.0, "et0_7d_mm": 20.4, "humidity_pct": 84, "humidity_min_pct": 52, "soil_moisture": 0.238, "soil_moisture_deep": 0.277, "soil_temp_c": 18.4, "weather_score": 0.378, "daily_dates": ["2026-09-19", "2026-09-20", "2026-09-21", "2026-09-22", "2026-09-23", "2026-09-24", "2026-09-25", "2026-09-26", "2026-09-27", "2026-09-28", "2026-09-29", "2026-09-30", "2026-10-01", "2026-10-02", "2026-10-03", "2026-10-04", "2026-10-05"], "daily_precip_mm": [5.8, 0.0, 0.0, 0.7, 0.0, 0.0, 12.4, 0.0, 0.0, 0.0, 0.0, 0.0, 0.0, 0.0, 0.0, 0.0, 0.0], "daily_temp_mean_c": [21.2, 21.5, 21.8, 19.9, 17.3, 17.6, 18.1, 17.7, 17.4, 17.8, 17.9, 17.7, 17.8, 18.4, 18.1, 18.2, 18.2], "daily_et0_mm": [2.9, 3.4, 3.3, 3.7, 3.4, 3.7, 3.0, 3.5, 3.1, 3.0, 3.0, 3.3, 3.3, 2.8, 2.8, 2.6, 2.5]}}, {"type": "Feature", "geometry": {"type": "Point", "coordinates": [14.3, 42.3]}, "properties": {"lat": 42.3, "lon": 14.3, "rain_source": "modello", "rain_gauge_count": 0, "rain_gauge_km": null, "elevation_m": 167.0, "veg_class": "none", "vegetation_score": 0.1, "habitat_score": 0.1, "last_rain_date": "2026-09-25", "days_since_rain": 10, "rain_7d_mm": 0.0, "et0_7d_mm": 21.9, "humidity_pct": 72, "humidity_min_pct": 63, "soil_moisture": 0.0, "soil_moisture_deep": 0.0, "soil_temp_c": 23.5, "weather_score": 0.207, "daily_dates": ["2026-09-19", "2026-09-20", "2026-09-21", "2026-09-22", "2026-09-23", "2026-09-24", "2026-09-25", "2026-09-26", "2026-09-27", "2026-09-28", "2026-09-29", "2026-09-30", "2026-10-01", "2026-10-02", "2026-10-03", "2026-10-04", "2026-10-05"], "daily_precip_mm": [3.5, 0.0, 0.0, 0.8, 0.0, 0.0, 14.6, 0.0, 0.0, 0.0, 0.0, 0.0, 0.0, 0.0, 0.0, 0.0, 0.0], "daily_temp_mean_c": [23.7, 23.7, 24.7, 23.0, 20.5, 21.6, 20.9, 21.4, 21.8, 21.9, 22.1, 22.3, 22.1, 22.2, 22.0, 21.7, 21.6], "daily_et0_mm": [2.7, 3.1, 3.6, 5.3, 5.0, 4.4, 4.4, 4.8, 3.9, 3.1, 3.1, 3.3, 3.5, 3.4, 3.1, 3.0, 2.6]}}, {"type": "Feature", "geometry": {"type": "Point", "coordinates": [10.1, 42.6]}, "properties": {"lat": 42.6, "lon": 10.1, "rain_source": "modello", "rain_gauge_count": 0, "rain_gauge_km": null, "elevation_m": null, "veg_class": "none", "vegetation_score": 0.1, "habitat_score": 0.06, "last_rain_date": "2026-10-05", "days_since_rain": 0, "rain_7d_mm": 6.9, "et0_7d_mm": 21.2, "humidity_pct": 86, "humidity_min_pct": 57, "soil_moisture": 0.0, "soil_moisture_deep": 0.0, "soil_temp_c": 25.6, "weather_score": 0.583, "daily_dates": ["2026-09-19", "2026-09-20", "2026-09-21", "2026-09-22", "2026-09-23", "2026-09-24", "2026-09-25", "2026-09-26", "2026-09-27", "2026-09-28", "2026-09-29", "2026-09-30", "2026-10-01", "2026-10-02", "2026-10-03", "2026-10-04", "2026-10-05"], "daily_precip_mm": [3.2, 0.0, 0.0, 0.0, 0.0, 0.0, 0.0, 0.0, 0.0, 0.0, 0.0, 0.0, 0.0, 0.0, 0.0, 0.0, 6.9], "daily_temp_mean_c": [23.7, 25.6, 25.4, 25.5, 23.5, 24.5, 24.4, 23.1, 23.8, 24.0, 24.2, 24.1, 24.3, 24.4, 24.4, 24.0, 22.9], "daily_et0_mm": [3.6, 4.1, 3.8, 4.8, 5.2, 3.3, 4.2, 5.6, 3.9, 3.7, 3.7, 2.7, 3.1, 2.1, 3.3, 3.7, 2.5]}}, {"type": "Feature", "geometry": {"type": "Point", "coordinates": [10.7, 42.6]}, "properties": {"lat": 42.6, "lon": 10.7, "rain_source": "modello", "rain_gauge_count": 0, "rain_gauge_km": null, "elevation_m": null, "veg_class": "none", "vegetation_score": 0.1, "habitat_score": 0.06, "last_rain_date": "2026-10-05", "days_since_rain": 0, "rain_7d_mm": 2.6, "et0_7d_mm": 20.5, "humidity_pct": 78, "humidity_min_pct": 54, "soil_moisture": 0.0, "soil_moisture_deep": 0.0, "soil_temp_c": 25.2, "weather_score": 0.525, "daily_dates": ["2026-09-19", "2026-09-20", "2026-09-21", "2026-09-22", "2026-09-23", "2026-09-24", "2026-09-25", "2026-09-26", "2026-09-27", "2026-09-28", "2026-09-29", "2026-09-30", "2026-10-01", "2026-10-02", "2026-10-03", "2026-10-04", "2026-10-05"], "daily_precip_mm": [1.2, 0.0, 0.0, 0.0, 0.0, 0.0, 0.0, 0.0, 0.0, 0.0, 0.0, 0.0, 0.0, 0.0, 0.0, 0.0, 2.6], "daily_temp_mean_c": [23.8, 25.3, 25.4, 25.5, 22.8, 24.2, 24.2, 22.9, 23.4, 23.8, 23.9, 23.7, 23.9, 24.4, 24.0, 23.8, 23.0], "daily_et0_mm": [3.7, 4.0, 4.0, 5.2, 5.2, 3.0, 5.3, 5.8, 4.4, 3.4, 3.2, 2.9, 2.5, 2.3, 3.6, 3.3, 2.8]}}, {"type": "Feature", "geometry": {"type": "Point", "coordinates": [11.3, 42.6]}, "properties": {"lat": 42.6, "lon": 11.3, "rain_source": "modello", "rain_gauge_count": 0, "rain_gauge_km": null, "elevation_m": null, "veg_class": "none", "vegetation_score": 0.1, "habitat_score": 0.06, "last_rain_date": "2026-09-19", "days_since_rain": 16, "rain_7d_mm": 0.5, "et0_7d_mm": 19.8, "humidity_pct": 89, "humidity_min_pct": 50, "soil_moisture": 0.184, "soil_moisture_deep": 0.217, "soil_temp_c": 19.5, "weather_score": 0.245, "daily_dates": ["2026-09-19", "2026-09-20", "2026-09-21", "2026-09-22", "2026-09-23", "2026-09-24", "2026-09-25", "2026-09-26", "2026-09-27", "2026-09-28", "2026-09-29", "2026-09-30", "2026-10-01", "2026-10-02", "2026-10-03", "2026-10-04", "2026-10-05"], "daily_precip_mm": [3.1, 0.0, 0.0, 0.0, 0.0, 0.0, 0.0, 0.0, 0.0, 0.0, 0.0, 0.0, 0.1, 0.0, 0.2, 0.0, 0.2], "daily_temp_mean_c": [22.6, 22.5, 22.1, 22.9, 20.2, 18.9, 21.1, 20.2, 19.7, 19.3, 19.5, 19.5, 20.2, 20.9, 20.4, 19.5, 18.8], "daily_et0_mm": [3.5, 3.7, 3.9, 5.4, 4.9, 2.7, 4.9, 5.0, 3.6, 3.3, 3.1, 3.0, 3.1, 3.1, 3.0, 2.5, 2.0]}}, {"type": "Feature", "geometry": {"type": "Point", "coordinates": [11.6, 42.6]}, "properties": {"lat": 42.6, "lon": 11.6, "rain_source": "pluviometri", "rain_gauge_count": 3, "rain_gauge_km": 0.7, "elevation_m": 193.0, "veg_class": "broadleaf", "vegetation_score": 1.0, "habitat_score": 1.0, "last_rain_date": "2026-10-01", "days_since_rain": 4, "rain_7d_mm": 1.4, "et0_7d_mm": 19.8, "humidity_pct": 89, "humidity_min_pct": 50, "soil_moisture": 0.184, "soil_moisture_deep": 0.217, "soil_temp_c": 19.5, "weather_score": 0.552, "daily_dates": ["2026-09-19", "2026-09-20", "2026-09-21", "2026-09-22", "2026-09-23", "2026-09-24", "2026-09-25", "2026-09-26", "2026-09-27", "2026-09-28", "2026-09-29", "2026-09-30", "2026-10-01", "2026-10-02", "2026-10-03", "2026-10-04", "2026-10-05"], "daily_precip_mm": [0.0, 0.0, 0.0, 0.0, 0.0, 0.0, 0.0, 0.0, 0.0, 0.0, 0.0, 0.0, 1.2, 0.2, 0.0, 0.0, 0.0], "daily_temp_mean_c": [22.6, 22.5, 22.1, 22.9, 20.2, 18.9, 21.1, 20.2, 19.7, 19.3, 19.5, 19.5, 20.2, 20.9, 20.4, 19.5, 18.8], "daily_et0_mm": [3.5, 3.7, 3.9, 5.4, 4.9, 2.7, 4.9, 5.0, 3.6, 3.3, 3.1, 3.0, 3.1, 3.1, 3.0, 2.5, 2.0]}}, {"type": "Feature", "geometry": {"type": "Point", "coordinates": [11.9, 42.6]}, "properties": {"lat": 42.6, "lon": 11.9, "rain_source": "pluviometri", "rain_gauge_count": 3, "rain_gauge_km": 7.2, "elevation_m": null, "veg_class": "none", "vegetation_score": 0.1, "habitat_score": 0.06, "last_rain_date": "2026-10-01", "days_since_rain": 4, "rain_7d_mm": 2.7, "et0_7d_mm": 20.4, "humidity_pct": 77, "humidity_min_pct": 42, "soil_moisture": 0.135, "soil_moisture_deep": 0.17, "soil_temp_c": 18.5, "weather_score": 0.487, "daily_dates": ["2026-09-19", "2026-09-20", "2026-09-21", "2026-09-22", "2026-09-23", "2026-09-24", "2026-09-25", "2026-09-26", "2026-09-27", "2026-09-28", "2026-09-29", "2026-09-30", "2026-10-01", "2026-10-02", "2026-10-03", "2026-10-04", "2026-10-05"], "daily_precip_mm": [0.7, 0.0, 0.0, 0.0, 0.0, 0.0, 0.0, 0.0, 0.0, 0.0, 0.0, 0.0, 2.7, 0.0, 0.0, 0.0, 0.0], "daily_temp_mean_c": [21.8, 22.1, 22.3, 21.9, 18.7, 18.2, 19.4, 18.3, 18.9, 19.0, 19.1, 19.3, 19.5, 20.1, 19.6, 19.0, 18.3], "daily_et0_mm": [3.8, 4.0, 3.9, 5.6, 4.9, 3.0, 4.9, 4.9, 3.9, 3.3, 3.2, 2.9, 2.8, 3.3, 3.2, 2.7, 2.3]}}, {"type": "Feature", "geometry": {"type": "Point", "coordinates": [12.2, 42.6]}, "properties": {"lat": 42.6, "lon": 12.2, "rain_source": "pluviometri", "rain_gauge_count": 3, "rain_gauge_km": 3.1, "elevation_m": 242.0, "veg_class": "none", "vegetation_score": 0.1, "habitat_score": 0.1, "last_rain_date": null, "days_since_rain": null, "rain_7d_mm": 0.1, "et0_7d_mm": 20.4, "humidity_pct": 77, "humidity_min_pct": 42, "soil_moisture": 0.135, "soil_moisture_deep": 0.17, "soil_temp_c": 18.5, "weather_score": 0.165, "daily_dates": ["2026-09-19", "2026-09-20", "2026-09-21", "2026-09-22", "2026-09-23", "2026-09-24", "2026-09-25", "2026-09-26", "2026-09-27", "2026-09-28", "2026-09-29", "2026-09-30", "2026-10-01", "2026-10-02", "2026-10-03", "2026-10-04", "2026-10-05"], "daily_precip_mm": [0.0, 0.0, 0.0, 0.0, 0.0, 0.0, 0.0, 0.0, 0.0, 0.0, 0.0, 0.0, 0.1, 0.0, 0.0, 0.0, 0.0], "daily_temp_mean_c": [21.8, 22.1, 22.3, 21.9, 18.7, 18.2, 19.4, 18.3, 18.9, 19.0, 19.1, 19.3, 19.5, 20.1, 19.6, 19.0, 18.3], "daily_et0_mm": [3.8, 4.0, 3.9, 5.6, 4.9, 3.0, 4.9, 4.9, 3.9, 3.3, 3.2, 2.9, 2.8, 3.3, 3.2, 2.7, 2.3]}}, {"type": "Feature", "geometry": {"type": "Point", "coordinates": [12.5, 42.6]}, "properties": {"lat": 42.6, "lon": 12.5, "rain_source": "pluviometri", "rain_gauge_count": 3, "rain_gauge_km": 3.5, "elevation_m": null, "veg_class": "none", "vegetation_score": 0.1, "habitat_score": 0.06, "last_rain_date": "2026-09-19", "days_since_rain": 16, "rain_7d_mm": 0.0, "et0_7d_mm": 20.8, "humidity_pct": 72, "humidity_min_pct": 40, "soil_moisture": 0.136, "soil_moisture_deep": 0.174, "soil_temp_c": 19.6, "weather_score": 0.152, "daily_dates": ["2026-09-19", "2026-09-20", "2026-09-21", "2026-09-22", "2026-09-23", "2026-09-24", "2026-09-25", "2026-09-26", "2026-09-27", "2026-09-28", "2026-09-29", "2026-09-30", "2026-10-01", "2026-10-02", "2026-10-03", "2026-10-04", "2026-10-05"], "daily_precip_mm": [15.5, 0.0, 0.0, 0.0, 0.0, 0.0, 0.1, 0.0, 0.0, 0.0, 0.0, 0.0, 0.0, 0.0, 0.0, 0.0, 0.0], "daily_temp_mean_c": [22.8, 22.9, 22.8, 22.1, 18.4, 18.7, 21.0, 18.1, 18.4, 19.4, 19.9, 19.9, 20.6, 20.2, 19.8, 20.0, 19.1], "daily_et0_mm": [3.7, 3.8, 3.9, 4.7, 4.2, 3.5, 4.6, 4.1, 3.4, 3.2, 3.2, 3.0, 3.3, 3.0, 3.0, 2.9, 2.3]}}, {"type": "Feature", "geometry": {"type": "Point", "coordinates": [12.8, 42.6]}, "properties": {"lat": 42.6, "lon": 12.8, "rain_source": "pluviometri", "rain_gauge_count": 3, "rain_gauge_km": 3.4, "elevation_m": 804.0, "veg_class": "broadleaf", "vegetation_score": 1.0, "habitat_score": 1.0, "last_rain_date": "2026-09-19", "days_since_rain": 16, "rain_7d_mm": 0.0, "et0_7d_mm": 17.7, "humidity_pct": 82, "humidity_min_pct": 43, "soil_moisture": 0.103, "soil_moisture_deep": 0.114, "soil_temp_c": 10.1, "weather_score": 0.141, "daily_dates": ["2026-09-19", "2026-09-20", "2026-09-21", "2026-09-22", "2026-09-23", "2026-09-24", "2026-09-25", "2026-09-26", "2026-09-27", "2026-09-28", "2026-09-29", "2026-09-30", "2026-10-01", "2026-10-02", "2026-10-03", "2026-10-04", "2026-10-05"], "daily_precip_mm": [5.8, 0.1, 0.0, 0.0, 0.0, 0.4, 0.3, 0.0, 0.0, 0.0, 0.0, 0.0, 0.0, 0.0, 0.0, 0.0, 0.0], "daily_temp_mean_c": [13.3, 14.3, 15.3, 12.7, 10.0, 11.6, 11.5, 10.5, 12.7, 13.7, 13.2, 12.3, 12.5, 12.5, 12.1, 12.0, 11.2], "daily_et0_mm": [2.2, 2.8, 3.1, 3.3, 3.5, 2.9, 3.3, 3.5, 3.5, 3.2, 3.2, 2.5, 2.9, 2.5, 2.4, 2.5, 1.6]}}, {"type": "Feature", "geometry": {"type": "Point", "coordinates": [13.1, 42.6]}, "properties": {"lat": 42.6, "lon": 13.1, "rain_source": "pluviometri", "rain_gauge_count": 3, "rain_gauge_km": 5.3, "elevation_m": null, "veg_class": "broadleaf", "vegetation_score": 1.0, "habitat_score": 0.6, "last_rain_date": "2026-09-25", "days_since_rain": 10, "rain_7d_mm": 0.0, "et0_7d_mm": 17.7, "humidity_pct": 82, "humidity_min_pct": 43, "soil_moisture": 0.103, "soil_moisture_deep": 0.114, "soil_temp_c": 10.1, "weather_score": 0.241, "daily_dates": ["2026-09-19", "2026-09-20", "2026-09-21", "2026-09-22", "2026-09-23", "2026-09-24", "2026-09-25", "2026-09-26", "2026-09-27", "2026-09-28", "2026-09-29", "2026-09-30", "2026-10-01", "2026-10-02", "2026-10-03", "2026-10-04", "2026-10-05"], "daily_precip_mm": [6.2, 0.1, 0.0, 0.1, 0.0, 0.0, 2.0, 0.0, 0.0, 0.0, 0.0, 0.0, 0.0, 0.0, 0.0, 0.0, 0.0], "daily_temp_mean_c": [13.3, 14.3, 15.3, 12.7, 10.0, 11.6, 11.5, 10.5, 12.7, 13.7, 13.2, 12.3, 12.5, 12.5, 12.1, 12.0, 11.2], "daily_et0_mm": [2.2, 2.8, 3.1, 3.3, 3.5, 2.9, 3.3, 3.5, 3.5, 3.2, 3.2, 2.5, 2.9, 2.5, 2.4, 2.5, 1.6]}}, {"type": "Feature", "geometry": {"type": "Point", "coordinates": [13.4, 42.6]}, "properties": {"lat": 42.6, "lon": 13.4, "rain_source": "pluviometri", "rain_gauge_count": 3, "rain_gauge_km": 10.1, "elevation_m": 2026.0, "veg_class": "none", "vegetation_score": 0.1, "habitat_score": 0.015, "last_rain_date": "2026-09-25", "days_since_rain": 10, "rain_7d_mm": 0.1, "et0_7d_mm": 17.5, "humidity_pct": 91, "humidity_min_pct": 42, "soil_moisture": 0.144, "soil_moisture_deep": 0.172, "soil_temp_c": 10.5, "weather_score": 0.309, "daily_dates": ["2026-09-19", "2026-09-20", "2026-09-21", "2026-09-22", "2026-09-23", "2026-09-24", "2026-09-25", "2026-09-26", "2026-09-27", "2026-09-28", "2026-09-29", "2026-09-30", "2026-10-01", "2026-10-02", "2026-10-03", "2026-10-04", "2026-10-05"], "daily_precip_mm": [3.1, 0.1, 0.0, 0.1, 0.0, 0.0, 9.7, 0.0, 0.0, 0.0, 0.0, 0.1, 0.0, 0.0, 0.0, 0.0, 0.0], "daily_temp_mean_c": [13.4, 13.8, 14.7, 10.8, 8.6, 12.4, 10.3, 8.8, 11.6, 13.1, 12.4, 11.8, 11.9, 11.8, 11.6, 11.8, 11.9], "daily_et0_mm": [1.8, 2.3, 2.8, 2.3, 2.9, 3.4, 2.7, 2.7, 3.0, 3.0, 2.8, 2.9, 2.7, 2.4, 2.2, 2.2, 2.2]}}, {"type": "Feature", "geometry": {"type": "Point", "coordinates": [13.7, 42.6]}, "properties": {"lat": 42.6, "lon": 13.7, "rain_source": "modello", "rain_gauge_count": 0, "rain_gauge_km": null, "elevation_m": null, "veg_class": "none", "vegetation_score": 0.1, "habitat_score": 0.06, "last_rain_date": "2026-09-25", "days_since_rain": 10, "rain_7d_mm": 0.0, "et0_7d_mm": 17.5, "humidity_pct": 91, "humidity_min_pct": 42, "soil_moisture": 0.144, "soil_moisture_deep": 0.172, "soil_temp_c": 10.5, "weather_score": 0.308, "daily_dates": ["2026-09-19", "2026-09-20", "2026-09-21", "2026-09-22", "2026-09-23", "2026-09-24", "2026-09-25", "2026-09-26", "2026-09-27", "2026-09-28", "2026-09-29", "2026-09-30", "2026-10-01", "2026-10-02", "2026-10-03", "2026-10-04", "2026-10-05"], "daily_precip_mm": [9.2, 0.0, 0.0, 0.4, 0.0, 0.0, 9.6, 0.0, 0.0, 0.0, 0.0, 0.0, 0.0, 0.0, 0.0, 0.0, 0.0], "daily_temp_mean_c": [13.4, 13.8, 14.7, 10.8, 8.6, 12.4, 10.3, 8.8, 11.6, 13.1, 12.4, 11.8, 11.9, 11.8, 11.6, 11.8, 11.9], "daily_et0_mm": [1.8, 2.3, 2.8, 2.3, 2.9, 3.4, 2.7, 2.7, 3.0, 3.0, 2.8, 2.9, 2.7, 2.4, 2.2, 2.2, 2.2]}}, {"type": "Feature", "geometry": {"type": "Point", "coordinates": [14.0, 42.6]}, "properties": {"lat": 42.6, "lon": 14.0, "rain_source": "modello", "rain_gauge_count": 0, "rain_gauge_km": null, "elevation_m": 124.0, "veg_class": "none", "vegetation_score": 0.1, "habitat_score": 0.1, "last_rain_date": "2026-09-25", "days_since_rain": 10, "rain_7d_mm": 0.0, "et0_7d_mm": 20.4, "humidity_pct": 84, "humidity_min_pct": 52, "soil_moisture": 0.238, "soil_moisture_deep": 0.277, "soil_temp_c": 18.4, "weather_score": 0.378, "daily_dates": ["2026-09-19", "2026-09-20", "2026-09-21", "2026-09-22", "2026-09-23", "2026-09-24", "2026-09-25", "2026-09-26", "2026-09-27", "2026-09-28", "2026-09-29", "2026-09-30", "2026-10-01", "2026-10-02", "2026-10-03", "2026-10-04", "2026-10-05"], "daily_precip_mm": [3.7, 0.0, 0.0, 0.2, 0.0, 0.0, 14.1, 0.0, 0.0, 0.0, 0.0, 0.0, 0.0, 0.0, 0.0, 0.0, 0.0], "daily_temp_mean_c": [21.2, 21.5, 21.8, 19.9, 17.3, 17.6, 18.1, 17.7, 17.4, 17.8, 17.9, 17.7, 17.8, 18.4, 18.1, 18.2, 18.2], "daily_et0_mm": [2.9, 3.4, 3.3, 3.7, 3.4, 3.7, 3.0, 3.5, 3.1, 3.0, 3.0, 3.3, 3.3, 2.8, 2.8, 2.6, 2.5]}}, {"type": "Feature", "geometry": {"type": "Point", "coordinates": [14.3, 42.6]}, "properties": {"lat": 42.6, "lon": 14.3, "rain_source": "modello", "rain_gauge_count": 0, "rain_gauge_km": null, "elevation_m": null, "veg_class": "none", "vegetation_score": 0.1, "habitat_score": 0.06, "last_rain_date": "2026-09-25", "days_since_rain": 10, "rain_7d_mm": 0.0, "et0_7d_mm": 21.9, "humidity_pct": 72, "humidity_min_pct": 63, "soil_moisture": 0.0, "soil_moisture_deep": 0.0, "soil_temp_c": 23.5, "weather_score": 0.207, "daily_dates": ["2026-09-19", "2026-09-20", "2026-09-21", "2026-09-22", "2026-09-23", "2026-09-24", "2026-09-25", "2026-09-26", "2026-09-27", "2026-09-28", "2026-09-29", "2026-09-30", "2026-10-01", "2026-10-02", "2026-10-03", "2026-10-04", "2026-10-05"], "daily_precip_mm": [12.1, 0.2, 0.0, 0.2, 0.0, 0.0, 14.3, 0.0, 0.0, 0.0, 0.0, 0.0, 0.0, 0.0, 0.0, 0.0, 0.0], "daily_temp_mean_c": [23.7, 23.7, 24.7, 23.0, 20.5, 21.6, 20.9, 21.4, 21.8, 21.9, 22.1, 22.3, 22.1, 22.2, 22.0, 21.7, 21.6], "daily_et0_mm": [2.7, 3.1, 3.6, 5.3, 5.0, 4.4, 4.4, 4.8, 3.9, 3.1, 3.1, 3.3, 3.5, 3.4, 3.1, 3.0, 2.6]}}, {"type": "Feature", "geometry": {"type": "Point", "coordinates": [11.0, 42.9]}, "properties": {"lat": 42.9, "lon": 11.0, "rain_source": "modello", "rain_gauge_count": 0, "rain_gauge_km": null, "elevation_m": 23.0, "veg_class": "none", "vegetation_score": 0.1, "habitat_score": 0.068, "last_rain_date": "2026-09-19", "days_since_rain": 16, "rain_7d_mm": 0.7, "et0_7d_mm": 17.9, "humidity_pct": 90, "humidity_min_pct": 33, "soil_moisture": 0.2, "soil_moisture_deep": 0.228, "soil_temp_c": 17.9, "weather_score": 0.262, "daily_dates": ["2026-09-19", "2026-09-20", "2026-09-21", "2026-09-22", "2026-09-23", "2026-09-24", "2026-09-25", "2026-09-26", "2026-09-27", "2026-09-28", "2026-09-29", "2026-09-30", "2026-10-01", "2026-10-02", "2026-10-03", "2026-10-04", "2026-10-05"], "daily_precip_mm": [2.7, 0.0, 0.0, 0.0, 0.0, 0.0, 0.0, 0.0, 0.0, 0.0, 0.0, 0.0, 0.5, 0.0, 0.0, 0.0, 0.2], "daily_temp_mean_c": [21.2, 22.0, 20.9, 21.9, 19.5, 18.7, 20.1, 19.1, 19.2, 19.0, 19.5, 19.4, 20.0, 20.8, 20.4, 19.6, 17.9], "daily_et0_mm": [3.1, 3.7, 3.6, 4.7, 4.7, 2.8, 4.2, 4.3, 3.8, 3.5, 3.0, 2.6, 2.0, 2.6, 3.3, 2.8, 1.5]}}, {"type": "Feature", "geometry": {"type": "Point", "coordinates": [11.3, 42.9]}, "properties": {"lat": 42.9, "lon": 11.3, "rain_source": "modello", "rain_gauge_count": 0, "rain_gauge_km": null, "elevation_m": 211.0, "veg_class": "broadleaf", "vegetation_score": 1.0, "habitat_score": 1.0, "last_rain_date": null, "days_since_rain": null, "rain_7d_mm": 0.5, "et0_7d_mm": 20.6, "humidity_pct": 91, "humidity_min_pct": 33, "soil_moisture": 0.18, "soil_moisture_deep": 0.233, "soil_temp_c": 17.2, "weather_score": 0.253, "daily_dates": ["2026-09-19", "2026-09-20", "2026-09-21", "2026-09-22", "2026-09-23", "2026-09-24", "2026-09-25", "2026-09-26", "2026-09-27", "2026-09-28", "2026-09-29", "2026-09-30", "2026-10-01", "2026-10-02", "2026-10-03", "2026-10-04", "2026-10-05"], "daily_precip_mm": [0.8, 0.0, 0.0, 0.0, 0.0, 0.0, 0.0, 0.0, 0.0, 0.0, 0.0, 0.0, 0.2, 0.0, 0.0, 0.0, 0.3], "daily_temp_mean_c": [20.1, 20.6, 20.4, 19.8, 17.9, 17.6, 18.8, 17.5, 18.3, 18.6, 18.4, 18.2, 18.5, 19.5, 18.5, 17.9, 16.8], "daily_et0_mm": [3.4, 3.8, 3.6, 4.7, 4.7, 3.2, 4.5, 4.9, 4.1, 3.4, 3.4, 3.1, 2.8, 3.2, 3.4, 2.9, 1.8]}}, {"type": "Feature", "geometry": {"type": "Point", "coordinates": [11.6, 42.9]}, "properties": {"lat": 42.9, "lon": 11.6, "rain_source": "pluviometri", "rain_gauge_count": 2, "rain_gauge_km": 5.7, "elevation_m": 1174.0, "veg_class": "broadleaf", "vegetation_score": 1.0, "habitat_score": 1.0, "last_rain_date": "2026-10-01", "days_since_rain": 4, "rain_7d_mm": 8.6, "et0_7d_mm": 20.6, "humidity_pct": 91, "humidity_min_pct": 33, "soil_moisture": 0.18, "soil_moisture_deep": 0.233, "soil_temp_c": 17.2, "weather_score": 0.62, "daily_dates": ["2026-09-19", "2026-09-20", "2026-09-21", "2026-09-22", "2026-09-23", "2026-09-24", "2026-09-25", "2026-09-26", "2026-09-27", "2026-09-28", "2026-09-29", "2026-09-30", "2026-10-01", "2026-10-02", "2026-10-03", "2026-10-04", "2026-10-05"], "daily_precip_mm": [1.0, 0.0, 0.0, 0.0, 0.0, 0.0, 0.0, 0.0, 0.0, 0.0, 0.0, 0.0, 8.1, 0.0, 0.0, 0.0, 0.5], "daily_temp_mean_c": [20.1, 20.6, 20.4, 19.8, 17.9, 17.6, 18.8, 17.5, 18.3, 18.6, 18.4, 18.2, 18.5, 19.5, 18.5, 17.9, 16.8], "daily_et0_mm": [3.4, 3.8, 3.6, 4.7, 4.7, 3.2, 4.5, 4.9, 4.1, 3.4, 3.4, 3.1, 2.8, 3.2, 3.4, 2.9, 1.8]}}, {"type": "Feature", "geometry": {"type": "Point", "coordinates": [11.9, 42.9]}, "properties": {"lat": 42.9, "lon": 11.9, "rain_source": "pluviometri", "rain_gauge_count": 3, "rain_gauge_km": 6.6, "elevation_m": 420.0, "veg_class": "broadleaf", "vegetation_score": 1.0, "habitat_score": 1.0, "last_rain_date": null, "days_since_rain": null, "rain_7d_mm": 0.2, "et0_7d_mm": 21.0, "humidity_pct": 92, "humidity_min_pct": 32, "soil_moisture": 0.165, "soil_moisture_deep": 0.206, "soil_temp_c": 18.7, "weather_score": 0.236, "daily_dates": ["2026-09-19", "2026-09-20", "2026-09-21", "2026-09-22", "2026-09-23", "2026-09-24", "2026-09-25", "2026-09-26", "2026-09-27", "2026-09-28", "2026-09-29", "2026-09-30", "2026-10-01", "2026-10-02", "2026-10-03", "2026-10-04", "2026-10-05"], "daily_precip_mm": [0.0, 0.0, 0.0, 0.0, 0.0, 0.0, 0.0, 0.0, 0.0, 0.0, 0.0, 0.0, 0.0, 0.0, 0.0, 0.0, 0.2], "daily_temp_mean_c": [21.3, 22.1, 21.9, 20.6, 17.9, 18.2, 19.2, 17.3, 19.2, 19.7, 19.9, 19.8, 19.8, 20.6, 19.7, 19.0, 17.7], "daily_et0_mm": [3.7, 3.9, 3.7, 4.6, 3.9, 3.6, 4.3, 4.0, 3.5, 3.4, 3.5, 3.3, 3.3, 3.1, 3.2, 2.7, 1.9]}}, {"type": "Feature", "geometry": {"type": "Point", "coordinates": [12.2, 42.9]}, "properties": {"lat": 42.9, "lon": 12.2, "rain_source": "pluviometri", "rain_gauge_count": 3, "rain_gauge_km": 2.7, "elevation_m": 405.0, "veg_class": "broadleaf", "vegetation_score": 1.0, "habitat_score": 1.0, "last_rain_date": null, "days_since_rain": null, "rain_7d_mm": 0.2, "et0_7d_mm": 21.0, "humidity_pct": 92, "humidity_min_pct": 32, "soil_moisture": 0.165, "soil_moisture_deep": 0.206, "soil_temp_c": 18.7, "weather_score": 0.236, "daily_dates": ["2026-09-19", "2026-09-20", "2026-09-21", "2026-09-22", "2026-09-23", "2026-09-24", "2026-09-25", "2026-09-26", "2026-09-27", "2026-09-28", "2026-09-29", "2026-09-30", "2026-10-01", "2026-10-02", "2026-10-03", "2026-10-04", "2026-10-05"], "daily_precip_mm": [0.0, 0.0, 0.0, 0.0, 0.0, 0.0, 0.0, 0.0, 0.0, 0.0, 0.0, 0.0, 0.0, 0.0, 0.0, 0.0, 0.2], "daily_temp_mean_c": [21.3, 22.1, 21.9, 20.6, 17.9, 18.2, 19.2, 17.3, 19.2, 19.7, 19.9, 19.8, 19.8, 20.6, 19.7, 19.0, 17.7], "daily_et0_mm": [3.7, 3.9, 3.7, 4.6, 3.9, 3.6, 4.3, 4.0, 3.5, 3.4, 3.5, 3.3, 3.3, 3.1, 3.2, 2.7, 1.9]}}, {"type": "Feature", "geometry": {"type": "Point", "coordinates": [12.5, 42.9]}, "properties": {"lat": 42.9, "lon": 12.5, "rain_source": "pluviometri", "rain_gauge_count": 3, "rain_gauge_km": 6.1, "elevation_m": 369.0, "veg_class": "none", "vegetation_score": 0.1, "habitat_score": 0.1, "last_rain_date": null, "days_since_rain": null, "rain_7d_mm": 0.0, "et0_7d_mm": 20.9, "humidity_pct": 82, "humidity_min_pct": 34, "soil_moisture": 0.115, "soil_moisture_deep": 0.106, "soil_temp_c": 17.8, "weather_score": 0.145, "daily_dates": ["2026-09-19", "2026-09-20", "2026-09-21", "2026-09-22", "2026-09-23", "2026-09-24", "2026-09-25", "2026-09-26", "2026-09-27", "2026-09-28", "2026-09-29", "2026-09-30", "2026-10-01", "2026-10-02", "2026-10-03", "2026-10-04", "2026-10-05"], "daily_precip_mm": [0.7, 0.0, 0.0, 0.0, 0.0, 0.0, 0.2, 0.0, 0.0, 0.0, 0.0, 0.0, 0.0, 0.0, 0.0, 0.0, 0.0], "daily_temp_mean_c": [21.2, 21.9, 22.1, 20.4, 17.7, 18.5, 18.7, 17.1, 18.6, 19.0, 19.4, 19.4, 19.3, 20.0, 19.2, 19.2, 18.5], "daily_et0_mm": [3.4, 3.7, 3.4, 4.2, 3.8, 3.4, 3.8, 3.6, 3.3, 3.3, 3.4, 3.2, 3.0, 3.1, 3.1, 3.0, 2.1]}}, {"type": "Feature", "geometry": {"type": "Point", "coordinates": [12.8, 42.9]}, "properties": {"lat": 42.9, "lon": 12.8, "rain_source": "pluviometri", "rain_gauge_count": 3, "rain_gauge_km": 9.2, "elevation_m": 1144.0, "veg_class": "none", "vegetation_score": 0.1, "habitat_score": 0.1, "last_rain_date": "2026-09-25", "days_since_rain": 10, "rain_7d_mm": 0.1, "et0_7d_mm": 18.8, "humidity_pct": 87, "humidity_min_pct": 44, "soil_moisture": 0.114, "soil_moisture_deep": 0.13, "soil_temp_c": 13.2, "weather_score": 0.267, "daily_dates": ["2026-09-19", "2026-09-20", "2026-09-21", "2026-09-22", "2026-09-23", "2026-09-24", "2026-09-25", "2026-09-26", "2026-09-27", "2026-09-28", "2026-09-29", "2026-09-30", "2026-10-01", "2026-10-02", "2026-10-03", "2026-10-04", "2026-10-05"], "daily_precip_mm": [2.6, 0.1, 0.0, 0.1, 0.0, 0.0, 3.9, 0.0, 0.0, 0.0, 0.0, 0.1, 0.0, 0.0, 0.0, 0.0, 0.0], "daily_temp_mean_c": [15.6, 15.9, 16.5, 14.6, 11.3, 13.6, 12.9, 11.2, 13.0, 14.1, 14.0, 13.4, 13.2, 13.7, 13.0, 13.4, 13.2], "daily_et0_mm": [2.5, 2.9, 3.1, 3.5, 3.3, 3.5, 3.1, 2.9, 3.0, 3.2, 3.0, 3.2, 3.0, 2.6, 2.5, 2.8, 1.9]}}, {"type": "Feature", "geometry": {"type": "Point", "coordinates": [13.1, 42.9]}, "properties": {"lat": 42.9, "lon": 13.1, "rain_source": "pluviometri", "rain_gauge_count": 3, "rain_gauge_km": 11.3, "elevation_m": 1324.0, "veg_class": "none", "vegetation_score": 0.1, "habitat_score": 0.1, "last_rain_date": "2026-09-25", "days_since_rain": 10, "rain_7d_mm": 0.3, "et0_7d_mm": 18.8, "humidity_pct": 87, "humidity_min_pct": 44, "soil_moisture": 0.114, "soil_moisture_deep": 0.13, "soil_temp_c": 13.2, "weather_score": 0.268, "daily_dates": ["2026-09-19", "2026-09-20", "2026-09-21", "2026-09-22", "2026-09-23", "2026-09-24", "2026-09-25", "2026-09-26", "2026-09-27", "2026-09-28", "2026-09-29", "2026-09-30", "2026-10-01", "2026-10-02", "2026-10-03", "2026-10-04", "2026-10-05"], "daily_precip_mm": [2.3, 0.2, 0.0, 0.2, 0.0, 0.2, 3.8, 0.0, 0.0, 0.0, 0.0, 0.1, 0.0, 0.0, 0.1, 0.1, 0.0], "daily_temp_mean_c": [15.6, 15.9, 16.5, 14.6, 11.3, 13.6, 12.9, 11.2, 13.0, 14.1, 14.0, 13.4, 13.2, 13.7, 13.0, 13.4, 13.2], "daily_et0_mm": [2.5, 2.9, 3.1, 3.5, 3.3, 3.5, 3.1, 2.9, 3.0, 3.2, 3.0, 3.2, 3.0, 2.6, 2.5, 2.8, 1.9]}}, {"type": "Feature", "geometry": {"type": "Point", "coordinates": [13.4, 42.9]}, "properties": {"lat": 42.9, "lon": 13.4, "rain_source": "pluviometri", "rain_gauge_count": 2, "rain_gauge_km": 17.0, "elevation_m": 776.0, "veg_class": "broadleaf", "vegetation_score": 1.0, "habitat_score": 1.0, "last_rain_date": "2026-09-25", "days_since_rain": 10, "rain_7d_mm": 0.4, "et0_7d_mm": 20.6, "humidity_pct": 90, "humidity_min_pct": 44, "soil_moisture": 0.19, "soil_moisture_deep": 0.21, "soil_temp_c": 18.2, "weather_score": 0.348, "daily_dates": ["2026-09-19", "2026-09-20", "2026-09-21", "2026-09-22", "2026-09-23", "2026-09-24", "2026-09-25", "2026-09-26", "2026-09-27", "2026-09-28", "2026-09-29", "2026-09-30", "2026-10-01", "2026-10-02", "2026-10-03", "2026-10-04", "2026-10-05"], "daily_precip_mm": [2.9, 0.2, 0.0, 0.3, 0.0, 0.0, 6.6, 0.0, 0.0, 0.0, 0.0, 0.1, 0.0, 0.0, 0.2, 0.2, 0.0], "daily_temp_mean_c": [19.4, 20.2, 20.6, 17.9, 15.4, 16.9, 16.4, 15.0, 16.1, 17.1, 17.1, 17.2, 17.5, 17.6, 17.0, 17.1, 17.7], "daily_et0_mm": [2.5, 3.4, 3.2, 3.5, 3.3, 3.6, 2.9, 3.0, 3.0, 3.1, 3.0, 3.5, 3.3, 2.8, 2.6, 2.8, 2.6]}}, {"type": "Feature", "geometry": {"type": "Point", "coordinates": [13.7, 42.9]}, "properties": {"lat": 42.9, "lon": 13.7, "rain_source": "modello", "rain_gauge_count": 0, "rain_gauge_km": null, "elevation_m": 119.0, "veg_class": "none", "vegetation_score": 0.1, "habitat_score": 0.1, "last_rain_date": "2026-09-25", "days_since_rain": 10, "rain_7d_mm": 0.0, "et0_7d_mm": 20.6, "humidity_pct": 90, "humidity_min_pct": 44, "soil_moisture": 0.19, "soil_moisture_deep": 0.21, "soil_temp_c": 18.2, "weather_score": 0.345, "daily_dates": ["2026-09-19", "2026-09-20", "2026-09-21", "2026-09-22", "2026-09-23", "2026-09-24", "2026-09-25", "2026-09-26", "2026-09-27", "2026-09-28", "2026-09-29", "2026-09-30", "2026-10-01", "2026-10-02", "2026-10-03", "2026-10-04", "2026-10-05"], "daily_precip_mm": [4.4, 0.0, 0.0, 0.0, 0.0, 0.0, 15.9, 0.0, 0.0, 0.0, 0.0, 0.0, 0.0, 0.0, 0.0, 0.0, 0.0], "daily_temp_mean_c": [19.4, 20.2, 20.6, 17.9, 15.4, 16.9, 16.4, 15.0, 16.1, 17.1, 17.1, 17.2, 17.5, 17.6, 17.0, 17.1, 17.7], "daily_et0_mm": [2.5, 3.4, 3.2, 3.5, 3.3, 3.6, 2.9, 3.0, 3.0, 3.1, 3.0, 3.5, 3.3, 2.8, 2.6, 2.8, 2.6]}}, {"type": "Feature", "geometry": {"type": "Point", "coordinates": [10.1, 43.2]}, "properties": {"lat": 43.2, "lon": 10.1, "rain_source": "modello", "rain_gauge_count": 0, "rain_gauge_km": null, "elevation_m": null, "veg_class": "none", "vegetation_score": 0.1, "habitat_score": 0.06, "last_rain_date": null, "days_since_rain": null, "rain_7d_mm": 0.7, "et0_7d_mm": 21.7, "humidity_pct": 79, "humidity_min_pct": 53, "soil_moisture": 0.0, "soil_moisture_deep": 0.0, "soil_temp_c": 26.1, "weather_score": 0.133, "daily_dates": ["2026-09-19", "2026-09-20", "2026-09-21", "2026-09-22", "2026-09-23", "2026-09-24", "2026-09-25", "2026-09-26", "2026-09-27", "2026-09-28", "2026-09-29", "2026-09-30", "2026-10-01", "2026-10-02", "2026-10-03", "2026-10-04", "2026-10-05"], "daily_precip_mm": [0.4, 0.0, 0.0, 0.0, 0.0, 0.0, 0.0, 0.0, 0.0, 0.0, 0.0, 0.0, 0.0, 0.0, 0.0, 0.0, 0.7], "daily_temp_mean_c": [24.0, 25.6, 25.4, 25.4, 23.3, 24.3, 24.5, 23.1, 24.1, 24.4, 24.3, 24.2, 24.4, 25.0, 24.4, 24.2, 22.7], "daily_et0_mm": [3.7, 4.3, 3.7, 5.0, 5.2, 3.6, 4.7, 5.3, 4.1, 3.5, 3.5, 2.9, 2.6, 2.6, 4.0, 3.7, 2.3]}}, {"type": "Feature", "geometry": {"type": "Point", "coordinates": [10.7, 43.2]}, "properties": {"lat": 43.2, "lon": 10.7, "rain_source": "modello", "rain_gauge_count": 0, "rain_gauge_km": null, "elevation_m": null, "veg_class": "broadleaf", "vegetation_score": 1.0, "habitat_score": 0.6, "last_rain_date": "2026-09-19", "days_since_rain": 16, "rain_7d_mm": 0.7, "et0_7d_mm": 17.2, "humidity_pct": 79, "humidity_min_pct": 37, "soil_moisture": 0.236, "soil_moisture_deep": 0.251, "soil_temp_c": 19.6, "weather_score": 0.261, "daily_dates": ["2026-09-19", "2026-09-20", "2026-09-21", "2026-09-22", "2026-09-23", "2026-09-24", "2026-09-25", "2026-09-26", "2026-09-27", "2026-09-28", "2026-09-29", "2026-09-30", "2026-10-01", "2026-10-02", "2026-10-03", "2026-10-04", "2026-10-05"], "daily_precip_mm": [1.2, 0.0, 0.0, 0.0, 0.0, 0.0, 0.0, 0.0, 0.0, 0.0, 0.0, 0.0, 0.0, 0.0, 0.0, 0.2, 0.6], "daily_temp_mean_c": [22.9, 22.9, 22.6, 24.0, 21.3, 20.4, 23.0, 19.9, 19.3, 19.7, 20.7, 21.1, 22.0, 22.2, 20.8, 20.9, 19.0], "daily_et0_mm": [3.3, 3.8, 3.4, 4.4, 4.4, 3.0, 4.3, 3.9, 3.5, 3.3, 3.0, 2.8, 2.2, 1.8, 3.1, 2.8, 1.4]}}, {"type": "Feature", "geometry": {"type": "Point", "coordinates": [11.0, 43.2]}, "properties": {"lat": 43.2, "lon": 11.0, "rain_source": "modello", "rain_gauge_count": 0, "rain_gauge_km": null, "elevation_m": 546.0, "veg_class": "broadleaf", "vegetation_score": 1.0, "habitat_score": 1.0, "last_rain_date": null, "days_since_rain": null, "rain_7d_mm": 1.1, "et0_7d_mm": 17.9, "humidity_pct": 90, "humidity_min_pct": 33, "soil_moisture": 0.2, "soil_moisture_deep": 0.228, "soil_temp_c": 17.9, "weather_score": 0.266, "daily_dates": ["2026-09-19", "2026-09-20", "2026-09-21", "2026-09-22", "2026-09-23", "2026-09-24", "2026-09-25", "2026-09-26", "2026-09-27", "2026-09-28", "2026-09-29", "2026-09-30", "2026-10-01", "2026-10-02", "2026-10-03", "2026-10-04", "2026-10-05"], "daily_precip_mm": [0.2, 0.0, 0.0, 0.0, 0.0, 0.0, 0.0, 0.0, 0.0, 0.0, 0.0, 0.0, 0.6, 0.0, 0.0, 0.0, 0.5], "daily_temp_mean_c": [21.2, 22.0, 20.9, 21.9, 19.5, 18.7, 20.1, 19.1, 19.2, 19.0, 19.5, 19.4, 20.0, 20.8, 20.4, 19.6, 17.9], "daily_et0_mm": [3.1, 3.7, 3.6, 4.7, 4.7, 2.8, 4.2, 4.3, 3.8, 3.5, 3.0, 2.6, 2.0, 2.6, 3.3, 2.8, 1.5]}}, {"type": "Feature", "geometry": {"type": "Point", "coordinates": [11.3, 43.2]}, "properties": {"lat": 43.2, "lon": 11.3, "rain_source": "modello", "rain_gauge_count": 0, "rain_gauge_km": null, "elevation_m": null, "veg_class": "broadleaf", "vegetation_score": 1.0, "habitat_score": 0.6, "last_rain_date": "2026-09-19", "days_since_rain": 16, "rain_7d_mm": 0.4, "et0_7d_mm": 20.6, "humidity_pct": 91, "humidity_min_pct": 33, "soil_moisture": 0.18, "soil_moisture_deep": 0.233, "soil_temp_c": 17.2, "weather_score": 0.252, "daily_dates": ["2026-09-19", "2026-09-20", "2026-09-21", "2026-09-22", "2026-09-23", "2026-09-24", "2026-09-25", "2026-09-26", "2026-09-27", "2026-09-28", "2026-09-29", "2026-09-30", "2026-10-01", "2026-10-02", "2026-10-03", "2026-10-04", "2026-10-05"], "daily_precip_mm": [2.0, 0.0, 0.0, 0.0, 0.0, 0.0, 0.0, 0.0, 0.0, 0.0, 0.0, 0.0, 0.0, 0.0, 0.0, 0.0, 0.4], "daily_temp_mean_c": [20.1, 20.6, 20.4, 19.8, 17.9, 17.6, 18.8, 17.5, 18.3, 18.6, 18.4, 18.2, 18.5, 19.5, 18.5, 17.9, 16.8], "daily_et0_mm": [3.4, 3.8, 3.6, 4.7, 4.7, 3.2, 4.5, 4.9, 4.1, 3.4, 3.4, 3.1, 2.8, 3.2, 3.4, 2.9, 1.8]}}, {"type": "Feature", "geometry": {"type": "Point", "coordinates": [11.6, 43.2]}, "properties": {"lat": 43.2, "lon": 11.6, "rain_source": "modello", "rain_gauge_count": 0, "rain_gauge_km": null, "elevation_m": 302.0, "veg_class": "none", "vegetation_score": 0.1, "habitat_score": 0.1, "last_rain_date": null, "days_since_rain": null, "rain_7d_mm": 0.3, "et0_7d_mm": 20.6, "humidity_pct": 91, "humidity_min_pct": 33, "soil_moisture": 0.18, "soil_moisture_deep": 0.233, "soil_temp_c": 17.2, "weather_score": 0.251, "daily_dates": ["2026-09-19", "2026-09-20", "2026-09-21", "2026-09-22", "2026-09-23", "2026-09-24", "2026-09-25", "2026-09-26", "2026-09-27", "2026-09-28", "2026-09-29", "2026-09-30", "2026-10-01", "2026-10-02", "2026-10-03", "2026-10-04", "2026-10-05"], "daily_precip_mm": [0.0, 0.0, 0.0, 0.0, 0.0, 0.0, 0.0, 0.0, 0.0, 0.0, 0.0, 0.0, 0.0, 0.0, 0.0, 0.0, 0.3], "daily_temp_mean_c": [20.1, 20.6, 20.4, 19.8, 17.9, 17.6, 18.8, 17.5, 18.3, 18.6, 18.4, 18.2, 18.5, 19.5, 18.5, 17.9, 16.8], "daily_et0_mm": [3.4, 3.8, 3.6, 4.7, 4.7, 3.2, 4.5, 4.9, 4.1, 3.4, 3.4, 3.1, 2.8, 3.2, 3.4, 2.9, 1.8]}}, {"type": "Feature", "geometry": {"type": "Point", "coordinates": [11.9, 43.2]}, "properties": {"lat": 43.2, "lon": 11.9, "rain_source": "pluviometri", "rain_gauge_count": 3, "rain_gauge_km": 6.0, "elevation_m": null, "veg_class": "none", "vegetation_score": 0.1, "habitat_score": 0.06, "last_rain_date": null, "days_since_rain": null, "rain_7d_mm": 0.2, "et0_7d_mm": 21.0, "humidity_pct": 92, "humidity_min_pct": 32, "soil_moisture": 0.165, "soil_moisture_deep": 0.206, "soil_temp_c": 18.7, "weather_score": 0.235, "daily_dates": ["2026-09-19", "2026-09-20", "2026-09-21", "2026-09-22", "2026-09-23", "2026-09-24", "2026-09-25", "2026-09-26", "2026-09-27", "2026-09-28", "2026-09-29", "2026-09-30", "2026-10-01", "2026-10-02", "2026-10-03", "2026-10-04", "2026-10-05"], "daily_precip_mm": [0.0, 0.0, 0.0, 0.0, 0.0, 0.0, 0.0, 0.0, 0.0, 0.0, 0.0, 0.0, 0.0, 0.0, 0.0, 0.0, 0.2], "daily_temp_mean_c": [21.3, 22.1, 21.9, 20.6, 17.9, 18.2, 19.2, 17.3, 19.2, 19.7, 19.9, 19.8, 19.8, 20.6, 19.7, 19.0, 17.7], "daily_et0_mm": [3.7, 3.9, 3.7, 4.6, 3.9, 3.6, 4.3, 4.0, 3.5, 3.4, 3.5, 3.3, 3.3, 3.1, 3.2, 2.7, 1.9]}}, {"type": "Feature", "geometry": {"type": "Point", "coordinates": [12.2, 43.2]}, "properties": {"lat": 43.2, "lon": 12.2, "rain_source": "pluviometri", "rain_gauge_count": 3, "rain_gauge_km": 4.9, "elevation_m": 433.0, "veg_class": "none", "vegetation_score": 0.1, "habitat_score": 0.1, "last_rain_date": null, "days_since_rain": null, "rain_7d_mm": 0.0, "et0_7d_mm": 21.0, "humidity_pct": 92, "humidity_min_pct": 32, "soil_moisture": 0.165, "soil_moisture_deep": 0.206, "soil_temp_c": 18.7, "weather_score": 0.234, "daily_dates": ["2026-09-19", "2026-09-20", "2026-09-21", "2026-09-22", "2026-09-23", "2026-09-24", "2026-09-25", "2026-09-26", "2026-09-27", "2026-09-28", "2026-09-29", "2026-09-30", "2026-10-01", "2026-10-02", "2026-10-03", "2026-10-04", "2026-10-05"], "daily_precip_mm": [0.0, 0.0, 0.0, 0.0, 0.0, 0.0, 0.0, 0.0, 0.0, 0.0, 0.0, 0.0, 0.0, 0.0, 0.0, 0.0, 0.0], "daily_temp_mean_c": [21.3, 22.1, 21.9, 20.6, 17.9, 18.2, 19.2, 17.3, 19.2, 19.7, 19.9, 19.8, 19.8, 20.6, 19.7, 19.0, 17.7], "daily_et0_mm": [3.7, 3.9, 3.7, 4.6, 3.9, 3.6, 4.3, 4.0, 3.5, 3.4, 3.5, 3.3, 3.3, 3.1, 3.2, 2.7, 1.9]}}, {"type": "Feature", "geometry": {"type": "Point", "coordinates": [12.5, 43.2]}, "properties": {"lat": 43.2, "lon": 12.5, "rain_source": "pluviometri", "rain_gauge_count": 3, "rain_gauge_km": 7.9, "elevation_m": null, "veg_class": "none", "vegetation_score": 0.1, "habitat_score": 0.06, "last_rain_date": null, "days_since_rain": null, "rain_7d_mm": 0.0, "et0_7d_mm": 20.9, "humidity_pct": 82, "humidity_min_pct": 34, "soil_moisture": 0.115, "soil_moisture_deep": 0.106, "soil_temp_c": 17.8, "weather_score": 0.145, "daily_dates": ["2026-09-19", "2026-09-20", "2026-09-21", "2026-09-22", "2026-09-23", "2026-09-24", "2026-09-25", "2026-09-26", "2026-09-27", "2026-09-28", "2026-09-29", "2026-09-30", "2026-10-01", "2026-10-02", "2026-10-03", "2026-10-04", "2026-10-05"], "daily_precip_mm": [0.0, 0.0, 0.0, 0.0, 0.0, 0.0, 0.6, 0.0, 0.0, 0.0, 0.0, 0.0, 0.0, 0.0, 0.0, 0.0, 0.0], "daily_temp_mean_c": [21.2, 21.9, 22.1, 20.4, 17.7, 18.5, 18.7, 17.1, 18.6, 19.0, 19.4, 19.4, 19.3, 20.0, 19.2, 19.2, 18.5], "daily_et0_mm": [3.4, 3.7, 3.4, 4.2, 3.8, 3.4, 3.8, 3.6, 3.3, 3.3, 3.4, 3.2, 3.0, 3.1, 3.1, 3.0, 2.1]}}, {"type": "Feature", "geometry": {"type": "Point", "coordinates": [12.8, 43.2]}, "properties": {"lat": 43.2, "lon": 12.8, "rain_source": "pluviometri", "rain_gauge_count": 3, "rain_gauge_km": 4.8, "elevation_m": 802.0, "veg_class": "conifer", "vegetation_score": 1.0, "habitat_score": 1.0, "last_rain_date": null, "days_since_rain": null, "rain_7d_mm": 0.0, "et0_7d_mm": 18.8, "humidity_pct": 87, "humidity_min_pct": 44, "soil_moisture": 0.114, "soil_moisture_deep": 0.13, "soil_temp_c": 13.2, "weather_score": 0.166, "daily_dates": ["2026-09-19", "2026-09-20", "2026-09-21", "2026-09-22", "2026-09-23", "2026-09-24", "2026-09-25", "2026-09-26", "2026-09-27", "2026-09-28", "2026-09-29", "2026-09-30", "2026-10-01", "2026-10-02", "2026-10-03", "2026-10-04", "2026-10-05"], "daily_precip_mm": [0.1, 0.0, 0.0, 0.0, 0.0, 0.0, 0.4, 0.0, 0.0, 0.0, 0.0, 0.0, 0.0, 0.0, 0.0, 0.0, 0.0], "daily_temp_mean_c": [15.6, 15.9, 16.5, 14.6, 11.3, 13.6, 12.9, 11.2, 13.0, 14.1, 14.0, 13.4, 13.2, 13.7, 13.0, 13.4, 13.2], "daily_et0_mm": [2.5, 2.9, 3.1, 3.5, 3.3, 3.5, 3.1, 2.9, 3.0, 3.2, 3.0, 3.2, 3.0, 2.6, 2.5, 2.8, 1.9]}}, {"type": "Feature", "geometry": {"type": "Point", "coordinates": [13.1, 43.2]}, "properties": {"lat": 43.2, "lon": 13.1, "rain_source": "modello", "rain_gauge_count": 0, "rain_gauge_km": null, "elevation_m": null, "veg_class": "none", "vegetation_score": 0.1, "habitat_score": 0.06, "last_rain_date": "2026-09-25", "days_since_rain": 10, "rain_7d_mm": 0.0, "et0_7d_mm": 18.8, "humidity_pct": 87, "humidity_min_pct": 44, "soil_moisture": 0.114, "soil_moisture_deep": 0.13, "soil_temp_c": 13.2, "weather_score": 0.266, "daily_dates": ["2026-09-19", "2026-09-20", "2026-09-21", "2026-09-22", "2026-09-23", "2026-09-24", "2026-09-25", "2026-09-26", "2026-09-27", "2026-09-28", "2026-09-29", "2026-09-30", "2026-10-01", "2026-10-02", "2026-10-03", "2026-10-04", "2026-10-05"], "daily_precip_mm": [4.1, 0.0, 0.0, 0.0, 0.0, 0.0, 6.0, 0.0, 0.0, 0.0, 0.0, 0.0, 0.0, 0.0, 0.0, 0.0, 0.0], "daily_temp_mean_c": [15.6, 15.9, 16.5, 14.6, 11.3, 13.6, 12.9, 11.2, 13.0, 14.1, 14.0, 13.4, 13.2, 13.7, 13.0, 13.4, 13.2], "daily_et0_mm": [2.5, 2.9, 3.1, 3.5, 3.3, 3.5, 3.1, 2.9, 3.0, 3.2, 3.0, 3.2, 3.0, 2.6, 2.5, 2.8, 1.9]}}, {"type": "Feature", "geometry": {"type": "Point", "coordinates": [13.4, 43.2]}, "properties": {"lat": 43.2, "lon": 13.4, "rain_source": "modello", "rain_gauge_count": 0, "rain_gauge_km": null, "elevation_m": 256.0, "veg_class": "none", "vegetation_score": 0.1, "habitat_score": 0.1, "last_rain_date": "2026-09-25", "days_since_rain": 10, "rain_7d_mm": 0.0, "et0_7d_mm": 20.6, "humidity_pct": 90, "humidity_min_pct": 44, "soil_moisture": 0.19, "soil_moisture_deep": 0.21, "soil_temp_c": 18.2, "weather_score": 0.345, "daily_dates": ["2026-09-19", "2026-09-20", "2026-09-21", "2026-09-22", "2026-09-23", "2026-09-24", "2026-09-25", "2026-09-26", "2026-09-27", "2026-09-28", "2026-09-29", "2026-09-30", "2026-10-01", "2026-10-02", "2026-10-03", "2026-10-04", "2026-10-05"], "daily_precip_mm": [7.1, 0.0, 0.0, 0.0, 0.0, 0.0, 15.4, 0.0, 0.0, 0.0, 0.0, 0.0, 0.0, 0.0, 0.0, 0.0, 0.0], "daily_temp_mean_c": [19.4, 20.2, 20.6, 17.9, 15.4, 16.9, 16.4, 15.0, 16.1, 17.1, 17.1, 17.2, 17.5, 17.6, 17.0, 17.1, 17.7], "daily_et0_mm": [2.5, 3.4, 3.2, 3.5, 3.3, 3.6, 2.9, 3.0, 3.0, 3.1, 3.0, 3.5, 3.3, 2.8, 2.6, 2.8, 2.6]}}, {"type": "Feature", "geometry": {"type": "Point", "coordinates": [13.7, 43.2]}, "properties": {"lat": 43.2, "lon": 13.7, "rain_source": "modello", "rain_gauge_count": 0, "rain_gauge_km": null, "elevation_m": null, "veg_class": "none", "vegetation_score": 0.1, "habitat_score": 0.06, "last_rain_date": "2026-09-25", "days_since_rain": 10, "rain_7d_mm": 0.7, "et0_7d_mm": 20.6, "humidity_pct": 90, "humidity_min_pct": 44, "soil_moisture": 0.19, "soil_moisture_deep": 0.21, "soil_temp_c": 18.2, "weather_score": 0.35, "daily_dates": ["2026-09-19", "2026-09-20", "2026-09-21", "2026-09-22", "2026-09-23", "2026-09-24", "2026-09-25", "2026-09-26", "2026-09-27", "2026-09-28", "2026-09-29", "2026-09-30", "2026-10-01", "2026-10-02", "2026-10-03", "2026-10-04", "2026-10-05"], "daily_precip_mm": [4.0, 0.0, 0.0, 0.0, 0.0, 0.0, 22.6, 0.0, 0.0, 0.0, 0.0, 0.0, 0.0, 0.0, 0.0, 0.0, 0.7], "daily_temp_mean_c": [19.4, 20.2, 20.6, 17.9, 15.4, 16.9, 16.4, 15.0, 16.1, 17.1, 17.1, 17.2, 17.5, 17.6, 17.0, 17.1, 17.7], "daily_et0_mm": [2.5, 3.4, 3.2, 3.5, 3.3, 3.6, 2.9, 3.0, 3.0, 3.1, 3.0, 3.5, 3.3, 2.8, 2.6, 2.8, 2.6]}}, {"type": "Feature", "geometry": {"type": "Point", "coordinates": [10.4, 43.5]}, "properties": {"lat": 43.5, "lon": 10.4, "rain_source": "modello", "rain_gauge_count": 0, "rain_gauge_km": null, "elevation_m": 170.0, "veg_class": "broadleaf", "vegetation_score": 1.0, "habitat_score": 1.0, "last_rain_date": null, "days_since_rain": null, "rain_7d_mm": 0.2, "et0_7d_mm": 18.3, "humidity_pct": 85, "humidity_min_pct": 28, "soil_moisture": 0.18, "soil_moisture_deep": 0.2, "soil_temp_c": 17.9, "weather_score": 0.224, "daily_dates": ["2026-09-19", "2026-09-20", "2026-09-21", "2026-09-22", "2026-09-23", "2026-09-24", "2026-09-25", "2026-09-26", "2026-09-27", "2026-09-28", "2026-09-29", "2026-09-30", "2026-10-01", "2026-10-02", "2026-10-03", "2026-10-04", "2026-10-05"], "daily_precip_mm": [0.0, 0.0, 0.0, 0.0, 0.0, 0.0, 0.0, 0.0, 0.0, 0.0, 0.0, 0.0, 0.0, 0.0, 0.0, 0.0, 0.2], "daily_temp_mean_c": [22.3, 22.8, 22.2, 22.9, 20.6, 19.7, 21.3, 19.7, 20.5, 20.4, 20.5, 20.8, 21.7, 22.2, 21.5, 19.9, 18.3], "daily_et0_mm": [3.2, 3.9, 3.1, 4.8, 4.5, 3.2, 4.5, 4.1, 3.7, 3.3, 3.2, 2.9, 2.0, 2.4, 3.9, 2.6, 1.3]}}, {"type": "Feature", "geometry": {"type": "Point", "coordinates": [10.7, 43.5]}, "properties": {"lat": 43.5, "lon": 10.7, "rain_source": "modello", "rain_gauge_count": 0, "rain_gauge_km": null, "elevation_m": 131.0, "veg_class": "none", "vegetation_score": 0.1, "habitat_score": 0.1, "last_rain_date": null, "days_since_rain": null, "rain_7d_mm": 0.2, "et0_7d_mm": 18.3, "humidity_pct": 85, "humidity_min_pct": 28, "soil_moisture": 0.18, "soil_moisture_deep": 0.2, "soil_temp_c": 17.9, "weather_score": 0.224, "daily_dates": ["2026-09-19", "2026-09-20", "2026-09-21", "2026-09-22", "2026-09-23", "2026-09-24", "2026-09-25", "2026-09-26", "2026-09-27", "2026-09-28", "2026-09-29", "2026-09-30", "2026-10-01", "2026-10-02", "2026-10-03", "2026-10-04", "2026-10-05"], "daily_precip_mm": [0.0, 0.0, 0.0, 0.0, 0.0, 0.0, 0.0, 0.0, 0.0, 0.0, 0.0, 0.0, 0.0, 0.0, 0.0, 0.0, 0.2], "daily_temp_mean_c": [22.3, 22.8, 22.2, 22.9, 20.6, 19.7, 21.3, 19.7, 20.5, 20.4, 20.5, 20.8, 21.7, 22.2, 21.5, 19.9, 18.3], "daily_et0_mm": [3.2, 3.9, 3.1, 4.8, 4.5, 3.2, 4.5, 4.1, 3.7, 3.3, 3.2, 2.9, 2.0, 2.4, 3.9, 2.6, 1.3]}}, {"type": "Feature", "geometry": {"type": "Point", "coordinates": [11.0, 43.5]}, "properties": {"lat": 43.5, "lon": 11.0, "rain_source": "modello", "rain_gauge_count": 0, "rain_gauge_km": null, "elevation_m": 222.0, "veg_class": "broadleaf", "vegetation_score": 1.0, "habitat_score": 1.0, "last_rain_date": null, "days_since_rain": null, "rain_7d_mm": 0.0, "et0_7d_mm": 17.5, "humidity_pct": 80, "humidity_min_pct": 32, "soil_moisture": 0.117, "soil_moisture_deep": 0.14, "soil_temp_c": 16.7, "weather_score": 0.152, "daily_dates": ["2026-09-19", "2026-09-20", "2026-09-21", "2026-09-22", "2026-09-23", "2026-09-24", "2026-09-25", "2026-09-26", "2026-09-27", "2026-09-28", "2026-09-29", "2026-09-30", "2026-10-01", "2026-10-02", "2026-10-03", "2026-10-04", "2026-10-05"], "daily_precip_mm": [0.5, 0.0, 0.0, 0.0, 0.0, 0.0, 0.0, 0.0, 0.0, 0.0, 0.0, 0.0, 0.0, 0.0, 0.0, 0.0, 0.0], "daily_temp_mean_c": [21.0, 21.6, 21.2, 20.9, 17.6, 19.0, 19.3, 17.2, 18.7, 19.6, 19.9, 20.0, 19.8, 20.7, 19.1, 19.3, 18.0], "daily_et0_mm": [3.1, 3.7, 3.4, 3.9, 3.4, 3.5, 3.4, 3.4, 3.4, 3.3, 3.2, 3.2, 1.7, 2.1, 3.1, 2.7, 1.6]}}, {"type": "Feature", "geometry": {"type": "Point", "coordinates": [11.3, 43.5]}, "properties": {"lat": 43.5, "lon": 11.3, "rain_source": "modello", "rain_gauge_count": 0, "rain_gauge_km": null, "elevation_m": 435.0, "veg_class": "broadleaf", "vegetation_score": 1.0, "habitat_score": 1.0, "last_rain_date": null, "days_since_rain": null, "rain_7d_mm": 0.0, "et0_7d_mm": 18.5, "humidity_pct": 83, "humidity_min_pct": 30, "soil_moisture": 0.137, "soil_moisture_deep": 0.163, "soil_temp_c": 17.1, "weather_score": 0.179, "daily_dates": ["2026-09-19", "2026-09-20", "2026-09-21", "2026-09-22", "2026-09-23", "2026-09-24", "2026-09-25", "2026-09-26", "2026-09-27", "2026-09-28", "2026-09-29", "2026-09-30", "2026-10-01", "2026-10-02", "2026-10-03", "2026-10-04", "2026-10-05"], "daily_precip_mm": [0.7, 0.0, 0.0, 0.0, 0.0, 0.0, 0.0, 0.0, 0.0, 0.0, 0.0, 0.0, 0.0, 0.0, 0.0, 0.0, 0.0], "daily_temp_mean_c": [20.5, 21.5, 21.0, 20.2, 17.4, 18.4, 18.6, 17.1, 19.2, 19.6, 19.8, 19.5, 19.5, 20.4, 19.1, 19.2, 17.5], "daily_et0_mm": [3.0, 3.7, 3.5, 3.8, 3.4, 3.4, 3.8, 3.3, 3.3, 3.1, 3.1, 3.1, 2.4, 2.3, 3.0, 2.7, 1.8]}}, {"type": "Feature", "geometry": {"type": "Point", "coordinates": [11.6, 43.5]}, "properties": {"lat": 43.5, "lon": 11.6, "rain_source": "modello", "rain_gauge_count": 0, "rain_gauge_km": null, "elevation_m": 165.0, "veg_class": "none", "vegetation_score": 0.1, "habitat_score": 0.1, "last_rain_date": null, "days_since_rain": null, "rain_7d_mm": 0.0, "et0_7d_mm": 18.5, "humidity_pct": 83, "humidity_min_pct": 30, "soil_moisture": 0.137, "soil_moisture_deep": 0.163, "soil_temp_c": 17.1, "weather_score": 0.179, "daily_dates": ["2026-09-19", "2026-09-20", "2026-09-21", "2026-09-22", "2026-09-23", "2026-09-24", "2026-09-25", "2026-09-26", "2026-09-27", "2026-09-28", "2026-09-29", "2026-09-30", "2026-10-01", "2026-10-02", "2026-10-03", "2026-10-04", "2026-10-05"], "daily_precip_mm": [0.3, 0.0, 0.0, 0.0, 0.0, 0.0, 0.0, 0.0, 0.0, 0.0, 0.0, 0.0, 0.0, 0.0, 0.0, 0.0, 0.0], "daily_temp_mean_c": [20.5, 21.5, 21.0, 20.2, 17.4, 18.4, 18.6, 17.1, 19.2, 19.6, 19.8, 19.5, 19.5, 20.4, 19.1, 19.2, 17.5], "daily_et0_mm": [3.0, 3.7, 3.5, 3.8, 3.4, 3.4, 3.8, 3.3, 3.3, 3.1, 3.1, 3.1, 2.4, 2.3, 3.0, 2.7, 1.8]}}, {"type": "Feature", "geometry": {"type": "Point", "coordinates": [11.9, 43.5]}, "properties": {"lat": 43.5, "lon": 11.9, "rain_source": "modello", "rain_gauge_count": 0, "rain_gauge_km": null, "elevation_m": 272.0, "veg_class": "none", "vegetation_score": 0.1, "habitat_score": 0.1, "last_rain_date": null, "days_since_rain": null, "rain_7d_mm": 0.0, "et0_7d_mm": 19.3, "humidity_pct": 79, "humidity_min_pct": 40, "soil_moisture": 0.123, "soil_moisture_deep": 0.147, "soil_temp_c": 14.3, "weather_score": 0.155, "daily_dates": ["2026-09-19", "2026-09-20", "2026-09-21", "2026-09-22", "2026-09-23", "2026-09-24", "2026-09-25", "2026-09-26", "2026-09-27", "2026-09-28", "2026-09-29", "2026-09-30", "2026-10-01", "2026-10-02", "2026-10-03", "2026-10-04", "2026-10-05"], "daily_precip_mm": [0.2, 0.0, 0.0, 0.0, 0.0, 0.0, 0.0, 0.0, 0.0, 0.0, 0.0, 0.0, 0.0, 0.0, 0.0, 0.0, 0.0], "daily_temp_mean_c": [18.1, 19.0, 19.6, 17.1, 14.5, 16.5, 16.0, 14.2, 15.9, 16.5, 16.6, 16.8, 16.9, 17.1, 15.9, 16.3, 15.6], "daily_et0_mm": [2.8, 3.2, 3.2, 3.6, 3.2, 3.4, 3.6, 3.4, 3.3, 3.2, 3.2, 3.0, 2.8, 2.7, 3.0, 2.6, 1.9]}}, {"type": "Feature", "geometry": {"type": "Point", "coordinates": [12.2, 43.5]}, "properties": {"lat": 43.5, "lon": 12.2, "rain_source": "pluviometri", "rain_gauge_count": 3, "rain_gauge_km": 1.7, "elevation_m": 295.0, "veg_class": "none", "vegetation_score": 0.1, "habitat_score": 0.1, "last_rain_date": null, "days_since_rain": null, "rain_7d_mm": 0.0, "et0_7d_mm": 19.3, "humidity_pct": 79, "humidity_min_pct": 40, "soil_moisture": 0.123, "soil_moisture_deep": 0.147, "soil_temp_c": 14.3, "weather_score": 0.155, "daily_dates": ["2026-09-19", "2026-09-20", "2026-09-21", "2026-09-22", "2026-09-23", "2026-09-24", "2026-09-25", "2026-09-26", "2026-09-27", "2026-09-28", "2026-09-29", "2026-09-30", "2026-10-01", "2026-10-02", "2026-10-03", "2026-10-04", "2026-10-05"], "daily_precip_mm": [0.2, 0.0, 0.2, 0.0, 0.0, 0.0, 0.0, 0.0, 0.0, 0.0, 0.0, 0.0, 0.0, 0.0, 0.0, 0.0, 0.0], "daily_temp_mean_c": [18.1, 19.0, 19.6, 17.1, 14.5, 16.5, 16.0, 14.2, 15.9, 16.5, 16.6, 16.8, 16.9, 17.1, 15.9, 16.3, 15.6], "daily_et0_mm": [2.8, 3.2, 3.2, 3.6, 3.2, 3.4, 3.6, 3.4, 3.3, 3.2, 3.2, 3.0, 2.8, 2.7, 3.0, 2.6, 1.9]}}, {"type": "Feature", "geometry": {"type": "Point", "coordinates": [12.5, 43.5]}, "properties": {"lat": 43.5, "lon": 12.5, "rain_source": "pluviometri", "rain_gauge_count": 3, "rain_gauge_km": 7.6, "elevation_m": 557.0, "veg_class": "none", "vegetation_score": 0.1, "habitat_score": 0.1, "last_rain_date": null, "days_since_rain": null, "rain_7d_mm": 0.3, "et0_7d_mm": 19.3, "humidity_pct": 69, "humidity_min_pct": 40, "soil_moisture": 0.151, "soil_moisture_deep": 0.173, "soil_temp_c": 15.4, "weather_score": 0.155, "daily_dates": ["2026-09-19", "2026-09-20", "2026-09-21", "2026-09-22", "2026-09-23", "2026-09-24", "2026-09-25", "2026-09-26", "2026-09-27", "2026-09-28", "2026-09-29", "2026-09-30", "2026-10-01", "2026-10-02", "2026-10-03", "2026-10-04", "2026-10-05"], "daily_precip_mm": [0.4, 0.0, 0.0, 0.0, 0.0, 0.0, 0.2, 0.0, 0.0, 0.0, 0.0, 0.0, 0.0, 0.0, 0.0, 0.0, 0.3], "daily_temp_mean_c": [18.6, 19.1, 19.8, 17.5, 14.7, 16.8, 16.0, 14.9, 15.9, 16.7, 16.7, 16.8, 16.9, 16.9, 15.9, 16.5, 16.3], "daily_et0_mm": [2.6, 3.3, 3.0, 3.5, 3.4, 3.5, 3.5, 3.4, 3.2, 3.4, 3.1, 3.0, 2.8, 2.9, 2.7, 2.8, 1.9]}}, {"type": "Feature", "geometry": {"type": "Point", "coordinates": [12.8, 43.5]}, "properties": {"lat": 43.5, "lon": 12.8, "rain_source": "pluviometri", "rain_gauge_count": 2, "rain_gauge_km": 15.0, "elevation_m": 385.0, "veg_class": "broadleaf", "vegetation_score": 1.0, "habitat_score": 1.0, "last_rain_date": "2026-09-25", "days_since_rain": 10, "rain_7d_mm": 0.4, "et0_7d_mm": 18.8, "humidity_pct": 94, "humidity_min_pct": 52, "soil_moisture": 0.139, "soil_moisture_deep": 0.165, "soil_temp_c": 17.5, "weather_score": 0.314, "daily_dates": ["2026-09-19", "2026-09-20", "2026-09-21", "2026-09-22", "2026-09-23", "2026-09-24", "2026-09-25", "2026-09-26", "2026-09-27", "2026-09-28", "2026-09-29", "2026-09-30", "2026-10-01", "2026-10-02", "2026-10-03", "2026-10-04", "2026-10-05"], "daily_precip_mm": [1.2, 0.1, 0.1, 0.0, 0.0, 0.0, 1.8, 0.0, 0.0, 0.0, 0.0, 0.0, 0.0, 0.0, 0.0, 0.1, 0.3], "daily_temp_mean_c": [19.2, 19.8, 20.7, 18.7, 15.7, 18.4, 16.9, 15.2, 16.0, 16.6, 16.7, 16.6, 17.1, 17.0, 16.6, 16.5, 17.7], "daily_et0_mm": [2.5, 3.2, 3.2, 3.6, 3.4, 4.1, 3.0, 3.0, 2.7, 3.0, 2.8, 3.0, 2.9, 2.7, 2.6, 2.8, 2.0]}}, {"type": "Feature", "geometry": {"type": "Point", "coordinates": [13.1, 43.5]}, "properties": {"lat": 43.5, "lon": 13.1, "rain_source": "modello", "rain_gauge_count": 0, "rain_gauge_km": null, "elevation_m": 254.0, "veg_class": "shrub", "vegetation_score": 0.5, "habitat_score": 0.5, "last_rain_date": "2026-09-25", "days_since_rain": 10, "rain_7d_mm": 0.2, "et0_7d_mm": 18.8, "humidity_pct": 94, "humidity_min_pct": 52, "soil_moisture": 0.139, "soil_moisture_deep": 0.165, "soil_temp_c": 17.5, "weather_score": 0.313, "daily_dates": ["2026-09-19", "2026-09-20", "2026-09-21", "2026-09-22", "2026-09-23", "2026-09-24", "2026-09-25", "2026-09-26", "2026-09-27", "2026-09-28", "2026-09-29", "2026-09-30", "2026-10-01", "2026-10-02", "2026-10-03", "2026-10-04", "2026-10-05"], "daily_precip_mm": [2.0, 0.0, 0.0, 0.0, 0.0, 0.0, 12.8, 0.0, 0.0, 0.0, 0.0, 0.0, 0.0, 0.0, 0.0, 0.0, 0.2], "daily_temp_mean_c": [19.2, 19.8, 20.7, 18.7, 15.7, 18.4, 16.9, 15.2, 16.0, 16.6, 16.7, 16.6, 17.1, 17.0, 16.6, 16.5, 17.7], "daily_et0_mm": [2.5, 3.2, 3.2, 3.6, 3.4, 4.1, 3.0, 3.0, 2.7, 3.0, 2.8, 3.0, 2.9, 2.7, 2.6, 2.8, 2.0]}}, {"type": "Feature", "geometry": {"type": "Point", "coordinates": [13.4, 43.5]}, "properties": {"lat": 43.5, "lon": 13.4, "rain_source": "modello", "rain_gauge_count": 0, "rain_gauge_km": null, "elevation_m": 213.0, "veg_class": "none", "vegetation_score": 0.1, "habitat_score": 0.1, "last_rain_date": "2026-09-25", "days_since_rain": 10, "rain_7d_mm": 0.2, "et0_7d_mm": 18.7, "humidity_pct": 88, "humidity_min_pct": 55, "soil_moisture": 0.249, "soil_moisture_deep": 0.283, "soil_temp_c": 19.0, "weather_score": 0.399, "daily_dates": ["2026-09-19", "2026-09-20", "2026-09-21", "2026-09-22", "2026-09-23", "2026-09-24", "2026-09-25", "2026-09-26", "2026-09-27", "2026-09-28", "2026-09-29", "2026-09-30", "2026-10-01", "2026-10-02", "2026-10-03", "2026-10-04", "2026-10-05"], "daily_precip_mm": [0.6, 0.0, 0.0, 0.0, 0.0, 0.0, 12.7, 0.0, 0.0, 0.0, 0.0, 0.0, 0.0, 0.0, 0.0, 0.0, 0.2], "daily_temp_mean_c": [21.3, 21.0, 21.3, 20.2, 17.8, 18.1, 18.5, 16.6, 17.5, 17.7, 18.1, 18.5, 18.3, 18.7, 17.9, 17.6, 18.0], "daily_et0_mm": [2.8, 3.3, 3.3, 3.7, 3.0, 3.6, 3.1, 3.1, 2.8, 2.9, 2.7, 3.0, 2.9, 2.6, 2.6, 2.6, 2.1]}}, {"type": "Feature", "geometry": {"type": "Point", "coordinates": [7.7, 43.8]}, "properties": {"lat": 43.8, "lon": 7.7, "rain_source": "modello", "rain_gauge_count": 0, "rain_gauge_km": null, "elevation_m": 82.0, "veg_class": "none", "vegetation_score": 0.1, "habitat_score": 0.1, "last_rain_date": null, "days_since_rain": null, "rain_7d_mm": 0.5, "et0_7d_mm": 16.9, "humidity_pct": 97, "humidity_min_pct": 30, "soil_moisture": 0.173, "soil_moisture_deep": 0.185, "soil_temp_c": 16.3, "weather_score": 0.244, "daily_dates": ["2026-09-19", "2026-09-20", "2026-09-21", "2026-09-22", "2026-09-23", "2026-09-24", "2026-09-25", "2026-09-26", "2026-09-27", "2026-09-28", "2026-09-29", "2026-09-30", "2026-10-01", "2026-10-02", "2026-10-03", "2026-10-04", "2026-10-05"], "daily_precip_mm": [0.0, 0.0, 0.0, 0.0, 0.0, 0.0, 0.0, 0.0, 0.0, 0.0, 0.0, 0.0, 0.5, 0.0, 0.0, 0.0, 0.0], "daily_temp_mean_c": [18.3, 19.0, 19.8, 20.2, 16.6, 16.2, 17.3, 16.6, 17.6, 18.1, 18.4, 17.7, 16.7, 17.2, 18.2, 17.1, 16.1], "daily_et0_mm": [3.2, 3.4, 3.1, 3.8, 1.6, 2.5, 2.8, 2.4, 3.0, 3.0, 3.0, 2.4, 1.2, 1.6, 3.4, 3.5, 1.8]}}, {"type": "Feature", "geometry": {"type": "Point", "coordinates": [10.4, 43.8]}, "properties": {"lat": 43.8, "lon": 10.4, "rain_source": "modello", "rain_gauge_count": 0, "rain_gauge_km": null, "elevation_m": 4.0, "veg_class": "none", "vegetation_score": 0.1, "habitat_score": 0.045, "last_rain_date": null, "days_since_rain": null, "rain_7d_mm": 0.0, "et0_7d_mm": 20.8, "humidity_pct": 89, "humidity_min_pct": 35, "soil_moisture": 0.05, "soil_moisture_deep": 0.075, "soil_temp_c": 14.7, "weather_score": 0.154, "daily_dates": ["2026-09-19", "2026-09-20", "2026-09-21", "2026-09-22", "2026-09-23", "2026-09-24", "2026-09-25", "2026-09-26", "2026-09-27", "2026-09-28", "2026-09-29", "2026-09-30", "2026-10-01", "2026-10-02", "2026-10-03", "2026-10-04", "2026-10-05"], "daily_precip_mm": [0.0, 0.0, 0.0, 0.0, 0.0, 0.0, 0.0, 0.0, 0.0, 0.0, 0.0, 0.0, 0.0, 0.0, 0.0, 0.0, 0.0], "daily_temp_mean_c": [18.7, 19.3, 19.2, 19.0, 15.9, 16.2, 16.7, 16.4, 17.9, 18.2, 18.6, 18.2, 18.3, 18.4, 17.1, 17.5, 16.2], "daily_et0_mm": [3.0, 3.4, 3.1, 3.4, 3.2, 2.8, 3.4, 3.4, 3.6, 3.4, 3.3, 3.2, 2.2, 3.2, 3.5, 3.1, 2.3]}}, {"type": "Feature", "geometry": {"type": "Point", "coordinates": [10.7, 43.8]}, "properties": {"lat": 43.8, "lon": 10.7, "rain_source": "modello", "rain_gauge_count": 0, "rain_gauge_km": null, "elevation_m": 28.0, "veg_class": "none", "vegetation_score": 0.1, "habitat_score": 0.074, "last_rain_date": null, "days_since_rain": null, "rain_7d_mm": 0.0, "et0_7d_mm": 20.8, "humidity_pct": 89, "humidity_min_pct": 35, "soil_moisture": 0.05, "soil_moisture_deep": 0.075, "soil_temp_c": 14.7, "weather_score": 0.154, "daily_dates": ["2026-09-19", "2026-09-20", "2026-09-21", "2026-09-22", "2026-09-23", "2026-09-24", "2026-09-25", "2026-09-26", "2026-09-27", "2026-09-28", "2026-09-29", "2026-09-30", "2026-10-01", "2026-10-02", "2026-10-03", "2026-10-04", "2026-10-05"], "daily_precip_mm": [0.1, 0.0, 0.0, 0.0, 0.0, 0.0, 0.0, 0.0, 0.0, 0.0, 0.0, 0.0, 0.0, 0.0, 0.0, 0.0, 0.0], "daily_temp_mean_c": [18.7, 19.3, 19.2, 19.0, 15.9, 16.2, 16.7, 16.4, 17.9, 18.2, 18.6, 18.2, 18.3, 18.4, 17.1, 17.5, 16.2], "daily_et0_mm": [3.0, 3.4, 3.1, 3.4, 3.2, 2.8, 3.4, 3.4, 3.6, 3.4, 3.3, 3.2, 2.2, 3.2, 3.5, 3.1, 2.3]}}, {"type": "Feature", "geometry": {"type": "Point", "coordinates": [11.0, 43.8]}, "properties": {"lat": 43.8, "lon": 11.0, "rain_source": "modello", "rain_gauge_count": 0, "rain_gauge_km": null, "elevation_m": 164.0, "veg_class": "mixed", "vegetation_score": 1.0, "habitat_score": 1.0, "last_rain_date": null, "days_since_rain": null, "rain_7d_mm": 0.0, "et0_7d_mm": 20.4, "humidity_pct": 87, "humidity_min_pct": 46, "soil_moisture": 0.082, "soil_moisture_deep": 0.104, "soil_temp_c": 12.0, "weather_score": 0.149, "daily_dates": ["2026-09-19", "2026-09-20", "2026-09-21", "2026-09-22", "2026-09-23", "2026-09-24", "2026-09-25", "2026-09-26", "2026-09-27", "2026-09-28", "2026-09-29", "2026-09-30", "2026-10-01", "2026-10-02", "2026-10-03", "2026-10-04", "2026-10-05"], "daily_precip_mm": [0.0, 0.0, 0.0, 0.0, 0.0, 0.0, 0.0, 0.0, 0.0, 0.0, 0.0, 0.0, 0.0, 0.0, 0.0, 0.0, 0.0], "daily_temp_mean_c": [15.4, 16.6, 17.3, 14.9, 12.6, 13.1, 13.0, 13.2, 14.8, 15.4, 15.5, 15.2, 15.5, 14.8, 13.7, 14.3, 13.5], "daily_et0_mm": [2.6, 3.2, 2.9, 3.1, 2.8, 2.6, 3.1, 3.7, 3.8, 3.4, 3.3, 2.9, 2.7, 3.5, 3.2, 2.8, 2.0]}}, {"type": "Feature", "geometry": {"type": "Point", "coordinates": [11.3, 43.8]}, "properties": {"lat": 43.8, "lon": 11.3, "rain_source": "modello", "rain_gauge_count": 0, "rain_gauge_km": null, "elevation_m": 285.0, "veg_class": "mixed", "vegetation_score": 1.0, "habitat_score": 1.0, "last_rain_date": null, "days_since_rain": null, "rain_7d_mm": 0.0, "et0_7d_mm": 22.1, "humidity_pct": 82, "humidity_min_pct": 44, "soil_moisture": 0.131, "soil_moisture_deep": 0.155, "soil_temp_c": 12.9, "weather_score": 0.17, "daily_dates": ["2026-09-19", "2026-09-20", "2026-09-21", "2026-09-22", "2026-09-23", "2026-09-24", "2026-09-25", "2026-09-26", "2026-09-27", "2026-09-28", "2026-09-29", "2026-09-30", "2026-10-01", "2026-10-02", "2026-10-03", "2026-10-04", "2026-10-05"], "daily_precip_mm": [0.0, 0.0, 0.0, 0.0, 0.0, 0.0, 0.0, 0.0, 0.0, 0.0, 0.0, 0.0, 0.0, 0.0, 0.0, 0.0, 0.0], "daily_temp_mean_c": [16.5, 18.0, 18.1, 15.5, 13.7, 14.5, 13.8, 13.6, 15.5, 16.5, 16.3, 16.4, 16.8, 16.1, 15.0, 16.0, 14.4], "daily_et0_mm": [2.9, 3.5, 2.8, 3.1, 3.3, 2.8, 3.2, 3.5, 3.8, 3.7, 3.3, 3.4, 3.1, 3.6, 3.5, 3.1, 2.0]}}, {"type": "Feature", "geometry": {"type": "Point", "coordinates": [11.6, 43.8]}, "properties": {"lat": 43.8, "lon": 11.6, "rain_source": "pluviometri", "rain_gauge_count": 3, "rain_gauge_km": 14.2, "elevation_m": 900.0, "veg_class": "mixed", "vegetation_score": 1.0, "habitat_score": 1.0, "last_rain_date": "2026-09-19", "days_since_rain": 16, "rain_7d_mm": 0.1, "et0_7d_mm": 22.1, "humidity_pct": 82, "humidity_min_pct": 44, "soil_moisture": 0.131, "soil_moisture_deep": 0.155, "soil_temp_c": 12.9, "weather_score": 0.171, "daily_dates": ["2026-09-19", "2026-09-20", "2026-09-21", "2026-09-22", "2026-09-23", "2026-09-24", "2026-09-25", "2026-09-26", "2026-09-27", "2026-09-28", "2026-09-29", "2026-09-30", "2026-10-01", "2026-10-02", "2026-10-03", "2026-10-04", "2026-10-05"], "daily_precip_mm": [1.3, 0.1, 0.0, 0.0, 0.0, 0.0, 0.0, 0.0, 0.0, 0.0, 0.0, 0.0, 0.0, 0.0, 0.0, 0.0, 0.0], "daily_temp_mean_c": [16.5, 18.0, 18.1, 15.5, 13.7, 14.5, 13.8, 13.6, 15.5, 16.5, 16.3, 16.4, 16.8, 16.1, 15.0, 16.0, 14.4], "daily_et0_mm": [2.9, 3.5, 2.8, 3.1, 3.3, 2.8, 3.2, 3.5, 3.8, 3.7, 3.3, 3.4, 3.1, 3.6, 3.5, 3.1, 2.0]}}, {"type": "Feature", "geometry": {"type": "Point", "coordinates": [11.9, 43.8]}, "properties": {"lat": 43.8, "lon": 11.9, "rain_source": "pluviometri", "rain_gauge_count": 3, "rain_gauge_km": 6.1, "elevation_m": 1071.0, "veg_class": "mixed", "vegetation_score": 1.0, "habitat_score": 1.0, "last_rain_date": "2026-09-19", "days_since_rain": 16, "rain_7d_mm": 0.6, "et0_7d_mm": 21.0, "humidity_pct": 52, "humidity_min_pct": 30, "soil_moisture": 0.171, "soil_moisture_deep": 0.187, "soil_temp_c": 17.5, "weather_score": 0.127, "daily_dates": ["2026-09-19", "2026-09-20", "2026-09-21", "2026-09-22", "2026-09-23", "2026-09-24", "2026-09-25", "2026-09-26", "2026-09-27", "2026-09-28", "2026-09-29", "2026-09-30", "2026-10-01", "2026-10-02", "2026-10-03", "2026-10-04", "2026-10-05"], "daily_precip_mm": [2.1, 0.2, 0.1, 0.0, 0.0, 0.0, 0.0, 0.1, 0.0, 0.0, 0.0, 0.1, 0.0, 0.0, 0.1, 0.0, 0.3], "daily_temp_mean_c": [18.2, 19.2, 20.4, 17.7, 15.8, 18.7, 16.4, 15.1, 16.8, 17.6, 17.4, 17.5, 18.1, 18.0, 16.7, 17.7, 18.2], "daily_et0_mm": [2.6, 3.4, 3.4, 3.0, 3.5, 4.0, 3.4, 3.1, 3.1, 3.3, 2.7, 2.9, 2.9, 3.4, 3.2, 3.4, 2.4]}}, {"type": "Feature", "geometry": {"type": "Point", "coordinates": [12.2, 43.8]}, "properties": {"lat": 43.8, "lon": 12.2, "rain_source": "pluviometri", "rain_gauge_count": 3, "rain_gauge_km": 4.8, "elevation_m": 550.0, "veg_class": "broadleaf", "vegetation_score": 1.0, "habitat_score": 1.0, "last_rain_date": "2026-09-19", "days_since_rain": 16, "rain_7d_mm": 0.8, "et0_7d_mm": 21.0, "humidity_pct": 52, "humidity_min_pct": 30, "soil_moisture": 0.171, "soil_moisture_deep": 0.187, "soil_temp_c": 17.5, "weather_score": 0.129, "daily_dates": ["2026-09-19", "2026-09-20", "2026-09-21", "2026-09-22", "2026-09-23", "2026-09-24", "2026-09-25", "2026-09-26", "2026-09-27", "2026-09-28", "2026-09-29", "2026-09-30", "2026-10-01", "2026-10-02", "2026-10-03", "2026-10-04", "2026-10-05"], "daily_precip_mm": [2.3, 0.0, 0.0, 0.0, 0.0, 0.0, 0.1, 0.0, 0.0, 0.0, 0.0, 0.0, 0.0, 0.0, 0.0, 0.0, 0.8], "daily_temp_mean_c": [18.2, 19.2, 20.4, 17.7, 15.8, 18.7, 16.4, 15.1, 16.8, 17.6, 17.4, 17.5, 18.1, 18.0, 16.7, 17.7, 18.2], "daily_et0_mm": [2.6, 3.4, 3.4, 3.0, 3.5, 4.0, 3.4, 3.1, 3.1, 3.3, 2.7, 2.9, 2.9, 3.4, 3.2, 3.4, 2.4]}}, {"type": "Feature", "geometry": {"type": "Point", "coordinates": [12.5, 43.8]}, "properties": {"lat": 43.8, "lon": 12.5, "rain_source": "pluviometri", "rain_gauge_count": 3, "rain_gauge_km": 8.3, "elevation_m": 188.0, "veg_class": "none", "vegetation_score": 0.1, "habitat_score": 0.1, "last_rain_date": null, "days_since_rain": null, "rain_7d_mm": 1.0, "et0_7d_mm": 20.3, "humidity_pct": 69, "humidity_min_pct": 41, "soil_moisture": 0.187, "soil_moisture_deep": 0.229, "soil_temp_c": 18.7, "weather_score": 0.2, "daily_dates": ["2026-09-19", "2026-09-20", "2026-09-21", "2026-09-22", "2026-09-23", "2026-09-24", "2026-09-25", "2026-09-26", "2026-09-27", "2026-09-28", "2026-09-29", "2026-09-30", "2026-10-01", "2026-10-02", "2026-10-03", "2026-10-04", "2026-10-05"], "daily_precip_mm": [0.5, 0.0, 0.0, 0.0, 0.0, 0.0, 1.0, 0.0, 0.0, 0.0, 0.0, 0.0, 0.0, 0.0, 0.0, 0.0, 1.0], "daily_temp_mean_c": [20.6, 20.9, 21.9, 20.6, 18.5, 18.8, 19.0, 17.2, 18.3, 18.5, 18.9, 18.9, 19.3, 18.9, 18.2, 18.2, 18.7], "daily_et0_mm": [2.5, 3.5, 3.4, 3.4, 3.8, 3.3, 3.5, 3.4, 3.1, 3.1, 2.7, 2.9, 3.0, 3.2, 3.2, 3.0, 2.3]}}, {"type": "Feature", "geometry": {"type": "Point", "coordinates": [12.8, 43.8]}, "properties": {"lat": 43.8, "lon": 12.8, "rain_source": "pluviometri", "rain_gauge_count": 3, "rain_gauge_km": 13.3, "elevation_m": 362.0, "veg_class": "none", "vegetation_score": 0.1, "habitat_score": 0.1, "last_rain_date": "2026-09-25", "days_since_rain": 10, "rain_7d_mm": 0.8, "et0_7d_mm": 21.5, "humidity_pct": 68, "humidity_min_pct": 56, "soil_moisture": 0.0, "soil_moisture_deep": 0.0, "soil_temp_c": 23.4, "weather_score": 0.203, "daily_dates": ["2026-09-19", "2026-09-20", "2026-09-21", "2026-09-22", "2026-09-23", "2026-09-24", "2026-09-25", "2026-09-26", "2026-09-27", "2026-09-28", "2026-09-29", "2026-09-30", "2026-10-01", "2026-10-02", "2026-10-03", "2026-10-04", "2026-10-05"], "daily_precip_mm": [0.3, 0.0, 0.0, 0.0, 0.0, 0.0, 3.1, 0.0, 0.0, 0.0, 0.0, 0.0, 0.0, 0.0, 0.0, 0.0, 0.8], "daily_temp_mean_c": [23.1, 23.7, 24.3, 23.0, 21.1, 21.9, 20.9, 21.0, 21.4, 21.8, 21.8, 21.9, 22.1, 22.0, 21.4, 21.1, 21.4], "daily_et0_mm": [2.7, 3.5, 3.7, 5.0, 4.8, 4.1, 4.5, 4.3, 3.4, 3.2, 3.0, 3.1, 2.9, 3.6, 3.3, 3.0, 2.6]}}, {"type": "Feature", "geometry": {"type": "Point", "coordinates": [7.7, 44.1]}, "properties": {"lat": 44.1, "lon": 7.7, "rain_source": "pluviometri", "rain_gauge_count": 3, "rain_gauge_km": 3.8, "elevation_m": 2139.0, "veg_class": "none", "vegetation_score": 0.1, "habitat_score": 0.015, "last_rain_date": null, "days_since_rain": null, "rain_7d_mm": 0.1, "et0_7d_mm": 16.9, "humidity_pct": 97, "humidity_min_pct": 30, "soil_moisture": 0.173, "soil_moisture_deep": 0.185, "soil_temp_c": 16.3, "weather_score": 0.241, "daily_dates": ["2026-09-19", "2026-09-20", "2026-09-21", "2026-09-22", "2026-09-23", "2026-09-24", "2026-09-25", "2026-09-26", "2026-09-27", "2026-09-28", "2026-09-29", "2026-09-30", "2026-10-01", "2026-10-02", "2026-10-03", "2026-10-04", "2026-10-05"], "daily_precip_mm": [0.0, 0.1, 0.0, 0.0, 0.1, 0.0, 0.0, 0.0, 0.0, 0.0, 0.0, 0.0, 0.1, 0.0, 0.0, 0.0, 0.0], "daily_temp_mean_c": [18.3, 19.0, 19.8, 20.2, 16.6, 16.2, 17.3, 16.6, 17.6, 18.1, 18.4, 17.7, 16.7, 17.2, 18.2, 17.1, 16.1], "daily_et0_mm": [3.2, 3.4, 3.1, 3.8, 1.6, 2.5, 2.8, 2.4, 3.0, 3.0, 3.0, 2.4, 1.2, 1.6, 3.4, 3.5, 1.8]}}, {"type": "Feature", "geometry": {"type": "Point", "coordinates": [8.0, 44.1]}, "properties": {"lat": 44.1, "lon": 8.0, "rain_source": "pluviometri", "rain_gauge_count": 3, "rain_gauge_km": 9.5, "elevation_m": 609.0, "veg_class": "broadleaf", "vegetation_score": 1.0, "habitat_score": 1.0, "last_rain_date": null, "days_since_rain": null, "rain_7d_mm": 0.2, "et0_7d_mm": 16.9, "humidity_pct": 97, "humidity_min_pct": 30, "soil_moisture": 0.173, "soil_moisture_deep": 0.185, "soil_temp_c": 16.3, "weather_score": 0.242, "daily_dates": ["2026-09-19", "2026-09-20", "2026-09-21", "2026-09-22", "2026-09-23", "2026-09-24", "2026-09-25", "2026-09-26", "2026-09-27", "2026-09-28", "2026-09-29", "2026-09-30", "2026-10-01", "2026-10-02", "2026-10-03", "2026-10-04", "2026-10-05"], "daily_precip_mm": [0.0, 0.0, 0.0, 0.0, 0.1, 0.0, 0.0, 0.0, 0.0, 0.0, 0.0, 0.1, 0.1, 0.0, 0.0, 0.0, 0.0], "daily_temp_mean_c": [18.3, 19.0, 19.8, 20.2, 16.6, 16.2, 17.3, 16.6, 17.6, 18.1, 18.4, 17.7, 16.7, 17.2, 18.2, 17.1, 16.1], "daily_et0_mm": [3.2, 3.4, 3.1, 3.8, 1.6, 2.5, 2.8, 2.4, 3.0, 3.0, 3.0, 2.4, 1.2, 1.6, 3.4, 3.5, 1.8]}}, {"type": "Feature", "geometry": {"type": "Point", "coordinates": [9.8, 44.1]}, "properties": {"lat": 44.1, "lon": 9.8, "rain_source": "modello", "rain_gauge_count": 0, "rain_gauge_km": null, "elevation_m": 114.0, "veg_class": "broadleaf", "vegetation_score": 1.0, "habitat_score": 1.0, "last_rain_date": null, "days_since_rain": null, "rain_7d_mm": 0.0, "et0_7d_mm": 22.7, "humidity_pct": 74, "humidity_min_pct": 39, "soil_moisture": 0.0, "soil_moisture_deep": 0.0, "soil_temp_c": 24.3, "weather_score": 0.113, "daily_dates": ["2026-09-19", "2026-09-20", "2026-09-21", "2026-09-22", "2026-09-23", "2026-09-24", "2026-09-25", "2026-09-26", "2026-09-27", "2026-09-28", "2026-09-29", "2026-09-30", "2026-10-01", "2026-10-02", "2026-10-03", "2026-10-04", "2026-10-05"], "daily_precip_mm": [0.0, 0.0, 0.0, 0.0, 0.0, 0.0, 0.0, 0.0, 0.0, 0.0, 0.0, 0.0, 0.0, 0.0, 0.0, 0.0, 0.0], "daily_temp_mean_c": [24.0, 24.1, 23.8, 24.1, 22.6, 22.1, 23.1, 22.0, 22.4, 22.7, 22.9, 22.8, 23.5, 23.4, 22.4, 22.1, 21.6], "daily_et0_mm": [4.0, 3.9, 3.1, 3.7, 4.1, 3.4, 3.9, 3.8, 3.7, 3.5, 3.4, 3.3, 2.7, 3.1, 4.1, 3.2, 2.8]}}, {"type": "Feature", "geometry": {"type": "Point", "coordinates": [10.1, 44.1]}, "properties": {"lat": 44.1, "lon": 10.1, "rain_source": "modello", "rain_gauge_count": 0, "rain_gauge_km": null, "elevation_m": 247.0, "veg_class": "broadleaf", "vegetation_score": 1.0, "habitat_score": 1.0, "last_rain_date": null, "days_since_rain": null, "rain_7d_mm": 0.0, "et0_7d_mm": 22.7, "humidity_pct": 74, "humidity_min_pct": 39, "soil_moisture": 0.0, "soil_moisture_deep": 0.0, "soil_temp_c": 24.3, "weather_score": 0.113, "daily_dates": ["2026-09-19", "2026-09-20", "2026-09-21", "2026-09-22", "2026-09-23", "2026-09-24", "2026-09-25", "2026-09-26", "2026-09-27", "2026-09-28", "2026-09-29", "2026-09-30", "2026-10-01", "2026-10-02", "2026-10-03", "2026-10-04", "2026-10-05"], "daily_precip_mm": [0.2, 0.0, 0.0, 0.0, 0.0, 0.0, 0.0, 0.0, 0.0, 0.0, 0.0, 0.0, 0.0, 0.0, 0.0, 0.0, 0.0], "daily_temp_mean_c": [24.0, 24.1, 23.8, 24.1, 22.6, 22.1, 23.1, 22.0, 22.4, 22.7, 22.9, 22.8, 23.5, 23.4, 22.4, 22.1, 21.6], "daily_et0_mm": [4.0, 3.9, 3.1, 3.7, 4.1, 3.4, 3.9, 3.8, 3.7, 3.5, 3.4, 3.3, 2.7, 3.1, 4.1, 3.2, 2.8]}}, {"type": "Feature", "geometry": {"type": "Point", "coordinates": [10.4, 44.1]}, "properties": {"lat": 44.1, "lon": 10.4, "rain_source": "pluviometri", "rain_gauge_count": 3, "rain_gauge_km": 14.1, "elevation_m": 335.0, "veg_class": "broadleaf", "vegetation_score": 1.0, "habitat_score": 1.0, "last_rain_date": null, "days_since_rain": null, "rain_7d_mm": 0.2, "et0_7d_mm": 20.8, "humidity_pct": 89, "humidity_min_pct": 35, "soil_moisture": 0.05, "soil_moisture_deep": 0.075, "soil_temp_c": 14.7, "weather_score": 0.155, "daily_dates": ["2026-09-19", "2026-09-20", "2026-09-21", "2026-09-22", "2026-09-23", "2026-09-24", "2026-09-25", "2026-09-26", "2026-09-27", "2026-09-28", "2026-09-29", "2026-09-30", "2026-10-01", "2026-10-02", "2026-10-03", "2026-10-04", "2026-10-05"], "daily_precip_mm": [0.1, 0.1, 0.0, 0.1, 0.1, 0.0, 0.1, 0.0, 0.0, 0.0, 0.0, 0.0, 0.2, 0.0, 0.0, 0.0, 0.0], "daily_temp_mean_c": [18.7, 19.3, 19.2, 19.0, 15.9, 16.2, 16.7, 16.4, 17.9, 18.2, 18.6, 18.2, 18.3, 18.4, 17.1, 17.5, 16.2], "daily_et0_mm": [3.0, 3.4, 3.1, 3.4, 3.2, 2.8, 3.4, 3.4, 3.6, 3.4, 3.3, 3.2, 2.2, 3.2, 3.5, 3.1, 2.3]}}, {"type": "Feature", "geometry": {"type": "Point", "coordinates": [10.7, 44.1]}, "properties": {"lat": 44.1, "lon": 10.7, "rain_source": "pluviometri", "rain_gauge_count": 3, "rain_gauge_km": 8.9, "elevation_m": 1334.0, "veg_class": "broadleaf", "vegetation_score": 1.0, "habitat_score": 1.0, "last_rain_date": null, "days_since_rain": null, "rain_7d_mm": 0.3, "et0_7d_mm": 20.8, "humidity_pct": 89, "humidity_min_pct": 35, "soil_moisture": 0.05, "soil_moisture_deep": 0.075, "soil_temp_c": 14.7, "weather_score": 0.156, "daily_dates": ["2026-09-19", "2026-09-20", "2026-09-21", "2026-09-22", "2026-09-23", "2026-09-24", "2026-09-25", "2026-09-26", "2026-09-27", "2026-09-28", "2026-09-29", "2026-09-30", "2026-10-01", "2026-10-02", "2026-10-03", "2026-10-04", "2026-10-05"], "daily_precip_mm": [0.5, 0.1, 0.0, 0.1, 0.0, 0.0, 0.1, 0.0, 0.0, 0.0, 0.0, 0.0, 0.2, 0.0, 0.0, 0.0, 0.0], "daily_temp_mean_c": [18.7, 19.3, 19.2, 19.0, 15.9, 16.2, 16.7, 16.4, 17.9, 18.2, 18.6, 18.2, 18.3, 18.4, 17.1, 17.5, 16.2], "daily_et0_mm": [3.0, 3.4, 3.1, 3.4, 3.2, 2.8, 3.4, 3.4, 3.6, 3.4, 3.3, 3.2, 2.2, 3.2, 3.5, 3.1, 2.3]}}, {"type": "Feature", "geometry": {"type": "Point", "coordinates": [11.0, 44.1]}, "properties": {"lat": 44.1, "lon": 11.0, "rain_source": "pluviometri", "rain_gauge_count": 3, "rain_gauge_km": 2.1, "elevation_m": 585.0, "veg_class": "broadleaf", "vegetation_score": 1.0, "habitat_score": 1.0, "last_rain_date": "2026-09-19", "days_since_rain": 16, "rain_7d_mm": 0.0, "et0_7d_mm": 20.4, "humidity_pct": 87, "humidity_min_pct": 46, "soil_moisture": 0.082, "soil_moisture_deep": 0.104, "soil_temp_c": 12.0, "weather_score": 0.149, "daily_dates": ["2026-09-19", "2026-09-20", "2026-09-21", "2026-09-22", "2026-09-23", "2026-09-24", "2026-09-25", "2026-09-26", "2026-09-27", "2026-09-28", "2026-09-29", "2026-09-30", "2026-10-01", "2026-10-02", "2026-10-03", "2026-10-04", "2026-10-05"], "daily_precip_mm": [3.4, 0.1, 0.0, 0.0, 0.0, 0.0, 0.0, 0.0, 0.0, 0.0, 0.0, 0.0, 0.0, 0.0, 0.0, 0.0, 0.0], "daily_temp_mean_c": [15.4, 16.6, 17.3, 14.9, 12.6, 13.1, 13.0, 13.2, 14.8, 15.4, 15.5, 15.2, 15.5, 14.8, 13.7, 14.3, 13.5], "daily_et0_mm": [2.6, 3.2, 2.9, 3.1, 2.8, 2.6, 3.1, 3.7, 3.8, 3.4, 3.3, 2.9, 2.7, 3.5, 3.2, 2.8, 2.0]}}, {"type": "Feature", "geometry": {"type": "Point", "coordinates": [11.3, 44.1]}, "properties": {"lat": 44.1, "lon": 11.3, "rain_source": "pluviometri", "rain_gauge_count": 3, "rain_gauge_km": 6.4, "elevation_m": 580.0, "veg_class": "broadleaf", "vegetation_score": 1.0, "habitat_score": 1.0, "last_rain_date": "2026-09-19", "days_since_rain": 16, "rain_7d_mm": 0.2, "et0_7d_mm": 22.1, "humidity_pct": 82, "humidity_min_pct": 44, "soil_moisture": 0.131, "soil_moisture_deep": 0.155, "soil_temp_c": 12.9, "weather_score": 0.172, "daily_dates": ["2026-09-19", "2026-09-20", "2026-09-21", "2026-09-22", "2026-09-23", "2026-09-24", "2026-09-25", "2026-09-26", "2026-09-27", "2026-09-28", "2026-09-29", "2026-09-30", "2026-10-01", "2026-10-02", "2026-10-03", "2026-10-04", "2026-10-05"], "daily_precip_mm": [1.8, 0.0, 0.1, 0.0, 0.0, 0.0, 0.0, 0.0, 0.0, 0.0, 0.0, 0.1, 0.0, 0.0, 0.1, 0.0, 0.0], "daily_temp_mean_c": [16.5, 18.0, 18.1, 15.5, 13.7, 14.5, 13.8, 13.6, 15.5, 16.5, 16.3, 16.4, 16.8, 16.1, 15.0, 16.0, 14.4], "daily_et0_mm": [2.9, 3.5, 2.8, 3.1, 3.3, 2.8, 3.2, 3.5, 3.8, 3.7, 3.3, 3.4, 3.1, 3.6, 3.5, 3.1, 2.0]}}, {"type": "Feature", "geometry": {"type": "Point", "coordinates": [11.6, 44.1]}, "properties": {"lat": 44.1, "lon": 11.6, "rain_source": "pluviometri", "rain_gauge_count": 3, "rain_gauge_km": 2.7, "elevation_m": 538.0, "veg_class": "broadleaf", "vegetation_score": 1.0, "habitat_score": 1.0, "last_rain_date": "2026-09-19", "days_since_rain": 16, "rain_7d_mm": 0.0, "et0_7d_mm": 22.1, "humidity_pct": 82, "humidity_min_pct": 44, "soil_moisture": 0.131, "soil_moisture_deep": 0.155, "soil_temp_c": 12.9, "weather_score": 0.171, "daily_dates": ["2026-09-19", "2026-09-20", "2026-09-21", "2026-09-22", "2026-09-23", "2026-09-24", "2026-09-25", "2026-09-26", "2026-09-27", "2026-09-28", "2026-09-29", "2026-09-30", "2026-10-01", "2026-10-02", "2026-10-03", "2026-10-04", "2026-10-05"], "daily_precip_mm": [2.5, 0.0, 0.0, 0.0, 0.0, 0.0, 0.0, 0.0, 0.0, 0.0, 0.0, 0.0, 0.0, 0.0, 0.0, 0.0, 0.0], "daily_temp_mean_c": [16.5, 18.0, 18.1, 15.5, 13.7, 14.5, 13.8, 13.6, 15.5, 16.5, 16.3, 16.4, 16.8, 16.1, 15.0, 16.0, 14.4], "daily_et0_mm": [2.9, 3.5, 2.8, 3.1, 3.3, 2.8, 3.2, 3.5, 3.8, 3.7, 3.3, 3.4, 3.1, 3.6, 3.5, 3.1, 2.0]}}, {"type": "Feature", "geometry": {"type": "Point", "coordinates": [11.9, 44.1]}, "properties": {"lat": 44.1, "lon": 11.9, "rain_source": "pluviometri", "rain_gauge_count": 3, "rain_gauge_km": 3.8, "elevation_m": 331.0, "veg_class": "broadleaf", "vegetation_score": 1.0, "habitat_score": 1.0, "last_rain_date": "2026-09-19", "days_since_rain": 16, "rain_7d_mm": 0.0, "et0_7d_mm": 21.0, "humidity_pct": 52, "humidity_min_pct": 30, "soil_moisture": 0.171, "soil_moisture_deep": 0.187, "soil_temp_c": 17.5, "weather_score": 0.122, "daily_dates": ["2026-09-19", "2026-09-20", "2026-09-21", "2026-09-22", "2026-09-23", "2026-09-24", "2026-09-25", "2026-09-26", "2026-09-27", "2026-09-28", "2026-09-29", "2026-09-30", "2026-10-01", "2026-10-02", "2026-10-03", "2026-10-04", "2026-10-05"], "daily_precip_mm": [14.9, 0.0, 0.0, 0.0, 0.0, 0.0, 0.0, 0.0, 0.0, 0.0, 0.0, 0.0, 0.0, 0.0, 0.0, 0.0, 0.0], "daily_temp_mean_c": [18.2, 19.2, 20.4, 17.7, 15.8, 18.7, 16.4, 15.1, 16.8, 17.6, 17.4, 17.5, 18.1, 18.0, 16.7, 17.7, 18.2], "daily_et0_mm": [2.6, 3.4, 3.4, 3.0, 3.5, 4.0, 3.4, 3.1, 3.1, 3.3, 2.7, 2.9, 2.9, 3.4, 3.2, 3.4, 2.4]}}, {"type": "Feature", "geometry": {"type": "Point", "coordinates": [12.2, 44.1]}, "properties": {"lat": 44.1, "lon": 12.2, "rain_source": "pluviometri", "rain_gauge_count": 3, "rain_gauge_km": 1.7, "elevation_m": 62.0, "veg_class": "none", "vegetation_score": 0.1, "habitat_score": 0.1, "last_rain_date": "2026-09-19", "days_since_rain": 16, "rain_7d_mm": 0.0, "et0_7d_mm": 21.0, "humidity_pct": 52, "humidity_min_pct": 30, "soil_moisture": 0.171, "soil_moisture_deep": 0.187, "soil_temp_c": 17.5, "weather_score": 0.122, "daily_dates": ["2026-09-19", "2026-09-20", "2026-09-21", "2026-09-22", "2026-09-23", "2026-09-24", "2026-09-25", "2026-09-26", "2026-09-27", "2026-09-28", "2026-09-29", "2026-09-30", "2026-10-01", "2026-10-02", "2026-10-03", "2026-10-04", "2026-10-05"], "daily_precip_mm": [4.4, 0.0, 0.0, 0.0, 0.0, 0.0, 0.1, 0.0, 0.0, 0.0, 0.0, 0.0, 0.0, 0.0, 0.0, 0.0, 0.0], "daily_temp_mean_c": [18.2, 19.2, 20.4, 17.7, 15.8, 18.7, 16.4, 15.1, 16.8, 17.6, 17.4, 17.5, 18.1, 18.0, 16.7, 17.7, 18.2], "daily_et0_mm": [2.6, 3.4, 3.4, 3.0, 3.5, 4.0, 3.4, 3.1, 3.1, 3.3, 2.7, 2.9, 2.9, 3.4, 3.2, 3.4, 2.4]}}, {"type": "Feature", "geometry": {"type": "Point", "coordinates": [12.5, 44.1]}, "properties": {"lat": 44.1, "lon": 12.5, "rain_source": "pluviometri", "rain_gauge_count": 3, "rain_gauge_km": 6.0, "elevation_m": 9.0, "veg_class": "none", "vegetation_score": 0.1, "habitat_score": 0.051, "last_rain_date": null, "days_since_rain": null, "rain_7d_mm": 0.1, "et0_7d_mm": 20.3, "humidity_pct": 69, "humidity_min_pct": 41, "soil_moisture": 0.187, "soil_moisture_deep": 0.229, "soil_temp_c": 18.7, "weather_score": 0.192, "daily_dates": ["2026-09-19", "2026-09-20", "2026-09-21", "2026-09-22", "2026-09-23", "2026-09-24", "2026-09-25", "2026-09-26", "2026-09-27", "2026-09-28", "2026-09-29", "2026-09-30", "2026-10-01", "2026-10-02", "2026-10-03", "2026-10-04", "2026-10-05"], "daily_precip_mm": [0.1, 0.0, 0.0, 0.0, 0.0, 0.0, 0.3, 0.0, 0.0, 0.0, 0.0, 0.0, 0.0, 0.0, 0.0, 0.1, 0.0], "daily_temp_mean_c": [20.6, 20.9, 21.9, 20.6, 18.5, 18.8, 19.0, 17.2, 18.3, 18.5, 18.9, 18.9, 19.3, 18.9, 18.2, 18.2, 18.7], "daily_et0_mm": [2.5, 3.5, 3.4, 3.4, 3.8, 3.3, 3.5, 3.4, 3.1, 3.1, 2.7, 2.9, 3.0, 3.2, 3.2, 3.0, 2.3]}}, {"type": "Feature", "geometry": {"type": "Point", "coordinates": [7.1, 44.4]}, "properties": {"lat": 44.4, "lon": 7.1, "rain_source": "pluviometri", "rain_gauge_count": 3, "rain_gauge_km": 5.4, "elevation_m": 2309.0, "veg_class": "none", "vegetation_score": 0.1, "habitat_score": 0.015, "last_rain_date": "2026-10-01", "days_since_rain": 4, "rain_7d_mm": 2.2, "et0_7d_mm": 8.9, "humidity_pct": 90, "humidity_min_pct": 59, "soil_moisture": 0.326, "soil_moisture_deep": 0.285, "soil_temp_c": 8.9, "weather_score": 0.664, "daily_dates": ["2026-09-19", "2026-09-20", "2026-09-21", "2026-09-22", "2026-09-23", "2026-09-24", "2026-09-25", "2026-09-26", "2026-09-27", "2026-09-28", "2026-09-29", "2026-09-30", "2026-10-01", "2026-10-02", "2026-10-03", "2026-10-04", "2026-10-05"], "daily_precip_mm": [0.3, 0.0, 0.0, 0.0, 0.8, 0.0, 0.0, 0.0, 0.0, 0.0, 0.0, 0.0, 1.5, 0.1, 0.2, 0.0, 0.4], "daily_temp_mean_c": [8.9, 11.9, 13.3, 11.0, 9.8, 13.5, 10.8, 10.8, 11.0, 11.0, 9.7, 7.8, 7.5, 8.1, 7.5, 7.8, 8.3], "daily_et0_mm": [1.8, 2.9, 3.1, 2.5, 2.1, 3.6, 2.7, 2.5, 2.7, 2.7, 2.3, 0.9, 0.5, 0.7, 1.0, 2.1, 1.6]}}, {"type": "Feature", "geometry": {"type": "Point", "coordinates": [7.4, 44.4]}, "properties": {"lat": 44.4, "lon": 7.4, "rain_source": "pluviometri", "rain_gauge_count": 3, "rain_gauge_km": 5.8, "elevation_m": 716.0, "veg_class": "broadleaf", "vegetation_score": 1.0, "habitat_score": 1.0, "last_rain_date": null, "days_since_rain": null, "rain_7d_mm": 0.1, "et0_7d_mm": 15.7, "humidity_pct": 75, "humidity_min_pct": 36, "soil_moisture": 0.179, "soil_moisture_deep": 0.203, "soil_temp_c": 18.4, "weather_score": 0.195, "daily_dates": ["2026-09-19", "2026-09-20", "2026-09-21", "2026-09-22", "2026-09-23", "2026-09-24", "2026-09-25", "2026-09-26", "2026-09-27", "2026-09-28", "2026-09-29", "2026-09-30", "2026-10-01", "2026-10-02", "2026-10-03", "2026-10-04", "2026-10-05"], "daily_precip_mm": [0.1, 0.0, 0.0, 0.0, 0.2, 0.0, 0.0, 0.0, 0.0, 0.0, 0.0, 0.0, 0.1, 0.0, 0.0, 0.0, 0.0], "daily_temp_mean_c": [18.8, 19.3, 20.5, 19.2, 18.1, 16.7, 16.4, 17.8, 18.6, 18.4, 18.1, 18.0, 17.0, 18.0, 18.3, 16.2, 17.1], "daily_et0_mm": [2.6, 3.2, 3.4, 2.9, 2.7, 2.5, 1.7, 2.1, 2.9, 3.1, 2.8, 2.1, 0.9, 1.6, 2.4, 3.0, 2.9]}}, {"type": "Feature", "geometry": {"type": "Point", "coordinates": [7.7, 44.4]}, "properties": {"lat": 44.4, "lon": 7.7, "rain_source": "pluviometri", "rain_gauge_count": 3, "rain_gauge_km": 2.1, "elevation_m": 438.0, "veg_class": "none", "vegetation_score": 0.1, "habitat_score": 0.1, "last_rain_date": "2026-09-25", "days_since_rain": 10, "rain_7d_mm": 0.0, "et0_7d_mm": 15.7, "humidity_pct": 75, "humidity_min_pct": 36, "soil_moisture": 0.179, "soil_moisture_deep": 0.203, "soil_temp_c": 18.4, "weather_score": 0.295, "daily_dates": ["2026-09-19", "2026-09-20", "2026-09-21", "2026-09-22", "2026-09-23", "2026-09-24", "2026-09-25", "2026-09-26", "2026-09-27", "2026-09-28", "2026-09-29", "2026-09-30", "2026-10-01", "2026-10-02", "2026-10-03", "2026-10-04", "2026-10-05"], "daily_precip_mm": [0.0, 0.0, 0.0, 0.0, 0.0, 0.0, 1.5, 0.0, 0.0, 0.0, 0.0, 0.0, 0.0, 0.0, 0.0, 0.0, 0.0], "daily_temp_mean_c": [18.8, 19.3, 20.5, 19.2, 18.1, 16.7, 16.4, 17.8, 18.6, 18.4, 18.1, 18.0, 17.0, 18.0, 18.3, 16.2, 17.1], "daily_et0_mm": [2.6, 3.2, 3.4, 2.9, 2.7, 2.5, 1.7, 2.1, 2.9, 3.1, 2.8, 2.1, 0.9, 1.6, 2.4, 3.0, 2.9]}}, {"type": "Feature", "geometry": {"type": "Point", "coordinates": [8.0, 44.4]}, "properties": {"lat": 44.4, "lon": 8.0, "rain_source": "pluviometri", "rain_gauge_count": 3, "rain_gauge_km": 2.0, "elevation_m": 400.0, "veg_class": "none", "vegetation_score": 0.1, "habitat_score": 0.1, "last_rain_date": null, "days_since_rain": null, "rain_7d_mm": 0.0, "et0_7d_mm": 15.1, "humidity_pct": 90, "humidity_min_pct": 44, "soil_moisture": 0.24, "soil_moisture_deep": 0.255, "soil_temp_c": 16.4, "weather_score": 0.288, "daily_dates": ["2026-09-19", "2026-09-20", "2026-09-21", "2026-09-22", "2026-09-23", "2026-09-24", "2026-09-25", "2026-09-26", "2026-09-27", "2026-09-28", "2026-09-29", "2026-09-30", "2026-10-01", "2026-10-02", "2026-10-03", "2026-10-04", "2026-10-05"], "daily_precip_mm": [0.0, 0.0, 0.0, 0.0, 0.0, 0.0, 0.0, 0.0, 0.0, 0.0, 0.0, 0.0, 0.0, 0.0, 0.0, 0.0, 0.0], "daily_temp_mean_c": [18.2, 19.2, 20.5, 18.4, 16.7, 17.4, 15.8, 16.4, 17.0, 17.8, 17.6, 16.8, 16.0, 16.9, 16.6, 16.0, 16.6], "daily_et0_mm": [2.6, 3.2, 3.4, 3.0, 2.5, 2.5, 1.7, 2.3, 2.8, 3.0, 2.7, 1.9, 1.0, 1.7, 2.5, 2.8, 2.6]}}, {"type": "Feature", "geometry": {"type": "Point", "coordinates": [8.3, 44.4]}, "properties": {"lat": 44.4, "lon": 8.3, "rain_source": "pluviometri", "rain_gauge_count": 3, "rain_gauge_km": 9.4, "elevation_m": 429.0, "veg_class": "broadleaf", "vegetation_score": 1.0, "habitat_score": 1.0, "last_rain_date": null, "days_since_rain": null, "rain_7d_mm": 0.9, "et0_7d_mm": 16.1, "humidity_pct": 92, "humidity_min_pct": 30, "soil_moisture": 0.108, "soil_moisture_deep": 0.12, "soil_temp_c": 15.7, "weather_score": 0.18, "daily_dates": ["2026-09-19", "2026-09-20", "2026-09-21", "2026-09-22", "2026-09-23", "2026-09-24", "2026-09-25", "2026-09-26", "2026-09-27", "2026-09-28", "2026-09-29", "2026-09-30", "2026-10-01", "2026-10-02", "2026-10-03", "2026-10-04", "2026-10-05"], "daily_precip_mm": [0.1, 0.0, 0.0, 0.0, 0.0, 0.1, 0.0, 0.0, 0.0, 0.0, 0.0, 0.0, 0.9, 0.0, 0.0, 0.0, 0.0], "daily_temp_mean_c": [18.3, 19.0, 20.4, 17.8, 16.1, 17.4, 16.6, 16.3, 16.5, 17.7, 17.5, 17.1, 16.5, 16.7, 15.7, 15.5, 16.7], "daily_et0_mm": [3.0, 3.3, 3.6, 3.1, 2.5, 2.9, 2.6, 3.1, 3.2, 3.1, 2.9, 2.1, 1.3, 1.6, 2.9, 2.9, 2.4]}}, {"type": "Feature", "geometry": {"type": "Point", "coordinates": [8.6, 44.4]}, "properties": {"lat": 44.4, "lon": 8.6, "rain_source": "pluviometri", "rain_gauge_count": 3, "rain_gauge_km": 14.0, "elevation_m": 285.0, "veg_class": "none", "vegetation_score": 0.1, "habitat_score": 0.1, "last_rain_date": null, "days_since_rain": null, "rain_7d_mm": 1.0, "et0_7d_mm": 16.1, "humidity_pct": 92, "humidity_min_pct": 30, "soil_moisture": 0.108, "soil_moisture_deep": 0.12, "soil_temp_c": 15.7, "weather_score": 0.181, "daily_dates": ["2026-09-19", "2026-09-20", "2026-09-21", "2026-09-22", "2026-09-23", "2026-09-24", "2026-09-25", "2026-09-26", "2026-09-27", "2026-09-28", "2026-09-29", "2026-09-30", "2026-10-01", "2026-10-02", "2026-10-03", "2026-10-04", "2026-10-05"], "daily_precip_mm": [0.0, 0.0, 0.0, 0.0, 0.0, 0.0, 0.0, 0.0, 0.0, 0.0, 0.0, 0.0, 0.6, 0.3, 0.0, 0.0, 0.0], "daily_temp_mean_c": [18.3, 19.0, 20.4, 17.8, 16.1, 17.4, 16.6, 16.3, 16.5, 17.7, 17.5, 17.1, 16.5, 16.7, 15.7, 15.5, 16.7], "daily_et0_mm": [3.0, 3.3, 3.6, 3.1, 2.5, 2.9, 2.6, 3.1, 3.2, 3.1, 2.9, 2.1, 1.3, 1.6, 2.9, 2.9, 2.4]}}, {"type": "Feature", "geometry": {"type": "Point", "coordinates": [9.2, 44.4]}, "properties": {"lat": 44.4, "lon": 9.2, "rain_source": "pluviometri", "rain_gauge_count": 3, "rain_gauge_km": 9.6, "elevation_m": 337.0, "veg_class": "broadleaf", "vegetation_score": 1.0, "habitat_score": 1.0, "last_rain_date": null, "days_since_rain": null, "rain_7d_mm": 0.1, "et0_7d_mm": 16.9, "humidity_pct": 97, "humidity_min_pct": 46, "soil_moisture": 0.201, "soil_moisture_deep": 0.242, "soil_temp_c": 15.0, "weather_score": 0.276, "daily_dates": ["2026-09-19", "2026-09-20", "2026-09-21", "2026-09-22", "2026-09-23", "2026-09-24", "2026-09-25", "2026-09-26", "2026-09-27", "2026-09-28", "2026-09-29", "2026-09-30", "2026-10-01", "2026-10-02", "2026-10-03", "2026-10-04", "2026-10-05"], "daily_precip_mm": [0.0, 0.0, 0.0, 0.0, 0.0, 0.0, 0.0, 0.0, 0.0, 0.0, 0.0, 0.0, 0.0, 0.0, 0.0, 0.0, 0.0], "daily_temp_mean_c": [16.7, 17.6, 18.8, 16.9, 14.8, 15.1, 15.1, 15.3, 15.7, 16.5, 16.8, 15.9, 15.7, 16.4, 14.8, 14.8, 15.3], "daily_et0_mm": [3.1, 3.3, 3.5, 3.2, 2.0, 2.0, 2.6, 3.1, 3.1, 2.9, 2.9, 1.9, 1.4, 2.4, 3.1, 3.0, 2.2]}}, {"type": "Feature", "geometry": {"type": "Point", "coordinates": [9.5, 44.4]}, "properties": {"lat": 44.4, "lon": 9.5, "rain_source": "pluviometri", "rain_gauge_count": 3, "rain_gauge_km": 4.4, "elevation_m": 693.0, "veg_class": "broadleaf", "vegetation_score": 1.0, "habitat_score": 1.0, "last_rain_date": null, "days_since_rain": null, "rain_7d_mm": 0.0, "et0_7d_mm": 16.5, "humidity_pct": 97, "humidity_min_pct": 37, "soil_moisture": 0.185, "soil_moisture_deep": 0.216, "soil_temp_c": 10.8, "weather_score": 0.257, "daily_dates": ["2026-09-19", "2026-09-20", "2026-09-21", "2026-09-22", "2026-09-23", "2026-09-24", "2026-09-25", "2026-09-26", "2026-09-27", "2026-09-28", "2026-09-29", "2026-09-30", "2026-10-01", "2026-10-02", "2026-10-03", "2026-10-04", "2026-10-05"], "daily_precip_mm": [0.0, 0.0, 0.0, 0.0, 0.0, 0.0, 0.0, 0.0, 0.0, 0.0, 0.0, 0.0, 0.0, 0.0, 0.0, 0.0, 0.0], "daily_temp_mean_c": [13.2, 14.3, 16.8, 13.8, 11.3, 12.5, 11.5, 11.0, 12.6, 13.4, 13.1, 13.1, 13.3, 12.8, 11.6, 11.6, 11.7], "daily_et0_mm": [2.8, 2.8, 3.5, 2.6, 2.0, 2.4, 2.4, 2.7, 3.0, 2.8, 2.6, 1.7, 1.6, 2.8, 3.0, 2.3, 2.5]}}, {"type": "Feature", "geometry": {"type": "Point", "coordinates": [9.8, 44.4]}, "properties": {"lat": 44.4, "lon": 9.8, "rain_source": "pluviometri", "rain_gauge_count": 3, "rain_gauge_km": 5.1, "elevation_m": 1117.0, "veg_class": "broadleaf", "vegetation_score": 1.0, "habitat_score": 1.0, "last_rain_date": null, "days_since_rain": null, "rain_7d_mm": 0.0, "et0_7d_mm": 19.5, "humidity_pct": 79, "humidity_min_pct": 41, "soil_moisture": 0.129, "soil_moisture_deep": 0.157, "soil_temp_c": 13.3, "weather_score": 0.162, "daily_dates": ["2026-09-19", "2026-09-20", "2026-09-21", "2026-09-22", "2026-09-23", "2026-09-24", "2026-09-25", "2026-09-26", "2026-09-27", "2026-09-28", "2026-09-29", "2026-09-30", "2026-10-01", "2026-10-02", "2026-10-03", "2026-10-04", "2026-10-05"], "daily_precip_mm": [0.1, 0.0, 0.0, 0.0, 0.0, 0.0, 0.0, 0.0, 0.0, 0.0, 0.0, 0.0, 0.0, 0.0, 0.0, 0.0, 0.0], "daily_temp_mean_c": [16.2, 17.1, 18.5, 15.9, 14.0, 14.7, 14.4, 14.0, 14.6, 15.8, 15.8, 15.6, 15.9, 15.4, 13.8, 14.8, 14.7], "daily_et0_mm": [2.9, 3.0, 3.5, 2.8, 3.2, 2.7, 3.1, 3.3, 3.2, 3.3, 3.0, 2.6, 2.1, 3.2, 3.2, 2.9, 2.4]}}, {"type": "Feature", "geometry": {"type": "Point", "coordinates": [10.1, 44.4]}, "properties": {"lat": 44.4, "lon": 10.1, "rain_source": "pluviometri", "rain_gauge_count": 3, "rain_gauge_km": 3.4, "elevation_m": 1090.0, "veg_class": "shrub", "vegetation_score": 0.5, "habitat_score": 0.5, "last_rain_date": null, "days_since_rain": null, "rain_7d_mm": 0.4, "et0_7d_mm": 19.5, "humidity_pct": 79, "humidity_min_pct": 41, "soil_moisture": 0.129, "soil_moisture_deep": 0.157, "soil_temp_c": 13.3, "weather_score": 0.165, "daily_dates": ["2026-09-19", "2026-09-20", "2026-09-21", "2026-09-22", "2026-09-23", "2026-09-24", "2026-09-25", "2026-09-26", "2026-09-27", "2026-09-28", "2026-09-29", "2026-09-30", "2026-10-01", "2026-10-02", "2026-10-03", "2026-10-04", "2026-10-05"], "daily_precip_mm": [0.0, 0.1, 0.0, 0.0, 0.0, 0.0, 0.0, 0.1, 0.0, 0.0, 0.0, 0.1, 0.2, 0.1, 0.0, 0.0, 0.0], "daily_temp_mean_c": [16.2, 17.1, 18.5, 15.9, 14.0, 14.7, 14.4, 14.0, 14.6, 15.8, 15.8, 15.6, 15.9, 15.4, 13.8, 14.8, 14.7], "daily_et0_mm": [2.9, 3.0, 3.5, 2.8, 3.2, 2.7, 3.1, 3.3, 3.2, 3.3, 3.0, 2.6, 2.1, 3.2, 3.2, 2.9, 2.4]}}, {"type": "Feature", "geometry": {"type": "Point", "coordinates": [10.4, 44.4]}, "properties": {"lat": 44.4, "lon": 10.4, "rain_source": "pluviometri", "rain_gauge_count": 3, "rain_gauge_km": 3.9, "elevation_m": 571.0, "veg_class": "none", "vegetation_score": 0.1, "habitat_score": 0.1, "last_rain_date": null, "days_since_rain": null, "rain_7d_mm": 0.0, "et0_7d_mm": 21.1, "humidity_pct": 63, "humidity_min_pct": 35, "soil_moisture": 0.173, "soil_moisture_deep": 0.186, "soil_temp_c": 15.2, "weather_score": 0.153, "daily_dates": ["2026-09-19", "2026-09-20", "2026-09-21", "2026-09-22", "2026-09-23", "2026-09-24", "2026-09-25", "2026-09-26", "2026-09-27", "2026-09-28", "2026-09-29", "2026-09-30", "2026-10-01", "2026-10-02", "2026-10-03", "2026-10-04", "2026-10-05"], "daily_precip_mm": [0.0, 0.0, 0.0, 0.0, 0.1, 0.0, 0.0, 0.0, 0.0, 0.0, 0.0, 0.0, 0.0, 0.0, 0.0, 0.0, 0.0], "daily_temp_mean_c": [18.6, 19.6, 20.8, 17.9, 15.9, 17.7, 15.9, 15.7, 16.8, 17.8, 17.7, 17.6, 18.3, 17.8, 16.0, 16.9, 17.3], "daily_et0_mm": [2.8, 3.2, 3.4, 3.0, 3.3, 3.1, 3.1, 3.3, 3.2, 3.3, 3.1, 3.0, 2.6, 3.2, 3.1, 3.0, 3.1]}}, {"type": "Feature", "geometry": {"type": "Point", "coordinates": [10.7, 44.4]}, "properties": {"lat": 44.4, "lon": 10.7, "rain_source": "pluviometri", "rain_gauge_count": 3, "rain_gauge_km": 6.7, "elevation_m": 480.0, "veg_class": "broadleaf", "vegetation_score": 1.0, "habitat_score": 1.0, "last_rain_date": null, "days_since_rain": null, "rain_7d_mm": 0.0, "et0_7d_mm": 21.1, "humidity_pct": 63, "humidity_min_pct": 35, "soil_moisture": 0.173, "soil_moisture_deep": 0.186, "soil_temp_c": 15.2, "weather_score": 0.153, "daily_dates": ["2026-09-19", "2026-09-20", "2026-09-21", "2026-09-22", "2026-09-23", "2026-09-24", "2026-09-25", "2026-09-26", "2026-09-27", "2026-09-28", "2026-09-29", "2026-09-30", "2026-10-01", "2026-10-02", "2026-10-03", "2026-10-04", "2026-10-05"], "daily_precip_mm": [0.0, 0.0, 0.0, 0.0, 0.0, 0.0, 0.0, 0.0, 0.0, 0.0, 0.0, 0.0, 0.0, 0.0, 0.0, 0.0, 0.0], "daily_temp_mean_c": [18.6, 19.6, 20.8, 17.9, 15.9, 17.7, 15.9, 15.7, 16.8, 17.8, 17.7, 17.6, 18.3, 17.8, 16.0, 16.9, 17.3], "daily_et0_mm": [2.8, 3.2, 3.4, 3.0, 3.3, 3.1, 3.1, 3.3, 3.2, 3.3, 3.1, 3.0, 2.6, 3.2, 3.1, 3.0, 3.1]}}, {"type": "Feature", "geometry": {"type": "Point", "coordinates": [11.0, 44.4]}, "properties": {"lat": 44.4, "lon": 11.0, "rain_source": "pluviometri", "rain_gauge_count": 3, "rain_gauge_km": 3.7, "elevation_m": 555.0, "veg_class": "none", "vegetation_score": 0.1, "habitat_score": 0.1, "last_rain_date": null, "days_since_rain": null, "rain_7d_mm": 0.0, "et0_7d_mm": 23.2, "humidity_pct": 68, "humidity_min_pct": 24, "soil_moisture": 0.174, "soil_moisture_deep": 0.205, "soil_temp_c": 20.8, "weather_score": 0.173, "daily_dates": ["2026-09-19", "2026-09-20", "2026-09-21", "2026-09-22", "2026-09-23", "2026-09-24", "2026-09-25", "2026-09-26", "2026-09-27", "2026-09-28", "2026-09-29", "2026-09-30", "2026-10-01", "2026-10-02", "2026-10-03", "2026-10-04", "2026-10-05"], "daily_precip_mm": [0.0, 0.0, 0.0, 0.0, 0.0, 0.0, 0.0, 0.0, 0.0, 0.0, 0.0, 0.0, 0.0, 0.0, 0.0, 0.0, 0.0], "daily_temp_mean_c": [20.9, 22.4, 23.1, 20.5, 18.0, 19.8, 19.2, 17.5, 18.9, 19.2, 18.8, 19.2, 20.4, 19.8, 18.3, 19.1, 19.7], "daily_et0_mm": [3.2, 3.8, 3.6, 3.5, 3.6, 3.4, 3.7, 3.7, 3.6, 3.7, 3.5, 3.4, 2.9, 3.4, 3.4, 3.3, 3.3]}}, {"type": "Feature", "geometry": {"type": "Point", "coordinates": [11.3, 44.4]}, "properties": {"lat": 44.4, "lon": 11.3, "rain_source": "pluviometri", "rain_gauge_count": 3, "rain_gauge_km": 4.5, "elevation_m": 267.0, "veg_class": "broadleaf", "vegetation_score": 1.0, "habitat_score": 1.0, "last_rain_date": null, "days_since_rain": null, "rain_7d_mm": 0.0, "et0_7d_mm": 21.9, "humidity_pct": 82, "humidity_min_pct": 30, "soil_moisture": 0.177, "soil_moisture_deep": 0.202, "soil_temp_c": 20.0, "weather_score": 0.213, "daily_dates": ["2026-09-19", "2026-09-20", "2026-09-21", "2026-09-22", "2026-09-23", "2026-09-24", "2026-09-25", "2026-09-26", "2026-09-27", "2026-09-28", "2026-09-29", "2026-09-30", "2026-10-01", "2026-10-02", "2026-10-03", "2026-10-04", "2026-10-05"], "daily_precip_mm": [0.2, 0.0, 0.0, 0.0, 0.0, 0.0, 0.0, 0.0, 0.0, 0.0, 0.0, 0.0, 0.0, 0.0, 0.0, 0.0, 0.0], "daily_temp_mean_c": [20.7, 22.1, 22.5, 20.1, 17.6, 18.7, 19.1, 16.6, 17.7, 18.0, 18.6, 19.0, 19.6, 19.3, 18.1, 18.3, 18.5], "daily_et0_mm": [2.8, 3.5, 3.5, 3.6, 3.6, 3.4, 4.0, 3.4, 3.5, 3.4, 3.2, 3.3, 2.7, 3.5, 3.3, 3.0, 3.0]}}, {"type": "Feature", "geometry": {"type": "Point", "coordinates": [11.6, 44.4]}, "properties": {"lat": 44.4, "lon": 11.6, "rain_source": "pluviometri", "rain_gauge_count": 3, "rain_gauge_km": 1.3, "elevation_m": 58.0, "veg_class": "none", "vegetation_score": 0.1, "habitat_score": 0.1, "last_rain_date": null, "days_since_rain": null, "rain_7d_mm": 0.0, "et0_7d_mm": 21.9, "humidity_pct": 82, "humidity_min_pct": 30, "soil_moisture": 0.177, "soil_moisture_deep": 0.202, "soil_temp_c": 20.0, "weather_score": 0.213, "daily_dates": ["2026-09-19", "2026-09-20", "2026-09-21", "2026-09-22", "2026-09-23", "2026-09-24", "2026-09-25", "2026-09-26", "2026-09-27", "2026-09-28", "2026-09-29", "2026-09-30", "2026-10-01", "2026-10-02", "2026-10-03", "2026-10-04", "2026-10-05"], "daily_precip_mm": [0.2, 0.0, 0.0, 0.0, 0.0, 0.0, 0.0, 0.0, 0.0, 0.0, 0.0, 0.0, 0.0, 0.0, 0.0, 0.0, 0.0], "daily_temp_mean_c": [20.7, 22.1, 22.5, 20.1, 17.6, 18.7, 19.1, 16.6, 17.7, 18.0, 18.6, 19.0, 19.6, 19.3, 18.1, 18.3, 18.5], "daily_et0_mm": [2.8, 3.5, 3.5, 3.6, 3.6, 3.4, 4.0, 3.4, 3.5, 3.4, 3.2, 3.3, 2.7, 3.5, 3.3, 3.0, 3.0]}}, {"type": "Feature", "geometry": {"type": "Point", "coordinates": [11.9, 44.4]}, "properties": {"lat": 44.4, "lon": 11.9, "rain_source": "pluviometri", "rain_gauge_count": 3, "rain_gauge_km": 4.6, "elevation_m": 14.0, "veg_class": "none", "vegetation_score": 0.1, "habitat_score": 0.057, "last_rain_date": null, "days_since_rain": null, "rain_7d_mm": 0.0, "et0_7d_mm": 21.2, "humidity_pct": 87, "humidity_min_pct": 26, "soil_moisture": 0.176, "soil_moisture_deep": 0.193, "soil_temp_c": 18.3, "weather_score": 0.223, "daily_dates": ["2026-09-19", "2026-09-20", "2026-09-21", "2026-09-22", "2026-09-23", "2026-09-24", "2026-09-25", "2026-09-26", "2026-09-27", "2026-09-28", "2026-09-29", "2026-09-30", "2026-10-01", "2026-10-02", "2026-10-03", "2026-10-04", "2026-10-05"], "daily_precip_mm": [0.5, 0.0, 0.0, 0.0, 0.0, 0.0, 0.0, 0.0, 0.0, 0.0, 0.0, 0.0, 0.0, 0.0, 0.0, 0.0, 0.0], "daily_temp_mean_c": [20.7, 21.7, 22.0, 20.2, 18.6, 18.6, 19.2, 16.7, 17.6, 18.2, 18.6, 18.7, 19.9, 18.6, 17.5, 17.6, 17.7], "daily_et0_mm": [2.8, 3.5, 3.4, 3.9, 3.7, 3.2, 4.1, 3.2, 3.4, 3.2, 3.0, 3.0, 2.9, 3.2, 3.3, 3.0, 2.7]}}, {"type": "Feature", "geometry": {"type": "Point", "coordinates": [12.2, 44.4]}, "properties": {"lat": 44.4, "lon": 12.2, "rain_source": "pluviometri", "rain_gauge_count": 3, "rain_gauge_km": 1.7, "elevation_m": 5.0, "veg_class": "none", "vegetation_score": 0.1, "habitat_score": 0.046, "last_rain_date": null, "days_since_rain": null, "rain_7d_mm": 0.0, "et0_7d_mm": 21.2, "humidity_pct": 87, "humidity_min_pct": 26, "soil_moisture": 0.176, "soil_moisture_deep": 0.193, "soil_temp_c": 18.3, "weather_score": 0.223, "daily_dates": ["2026-09-19", "2026-09-20", "2026-09-21", "2026-09-22", "2026-09-23", "2026-09-24", "2026-09-25", "2026-09-26", "2026-09-27", "2026-09-28", "2026-09-29", "2026-09-30", "2026-10-01", "2026-10-02", "2026-10-03", "2026-10-04", "2026-10-05"], "daily_precip_mm": [0.0, 0.0, 0.0, 0.0, 0.0, 0.0, 0.0, 0.0, 0.0, 0.0, 0.0, 0.0, 0.0, 0.0, 0.0, 0.0, 0.0], "daily_temp_mean_c": [20.7, 21.7, 22.0, 20.2, 18.6, 18.6, 19.2, 16.7, 17.6, 18.2, 18.6, 18.7, 19.9, 18.6, 17.5, 17.6, 17.7], "daily_et0_mm": [2.8, 3.5, 3.4, 3.9, 3.7, 3.2, 4.1, 3.2, 3.4, 3.2, 3.0, 3.0, 2.9, 3.2, 3.3, 3.0, 2.7]}}, {"type": "Feature", "geometry": {"type": "Point", "coordinates": [7.1, 44.7]}, "properties": {"lat": 44.7, "lon": 7.1, "rain_source": "pluviometri", "rain_gauge_count": 3, "rain_gauge_km": 2.5, "elevation_m": 2083.0, "veg_class": "none", "vegetation_score": 0.1, "habitat_score": 0.015, "last_rain_date": "2026-10-05", "days_since_rain": 0, "rain_7d_mm": 7.6, "et0_7d_mm": 8.9, "humidity_pct": 90, "humidity_min_pct": 59, "soil_moisture": 0.326, "soil_moisture_deep": 0.285, "soil_temp_c": 8.9, "weather_score": 0.788, "daily_dates": ["2026-09-19", "2026-09-20", "2026-09-21", "2026-09-22", "2026-09-23", "2026-09-24", "2026-09-25", "2026-09-26", "2026-09-27", "2026-09-28", "2026-09-29", "2026-09-30", "2026-10-01", "2026-10-02", "2026-10-03", "2026-10-04", "2026-10-05"], "daily_precip_mm": [1.1, 0.0, 0.0, 0.0, 2.2, 0.0, 0.0, 0.0, 0.0, 0.0, 0.0, 0.5, 3.7, 0.1, 0.5, 0.0, 2.8], "daily_temp_mean_c": [8.9, 11.9, 13.3, 11.0, 9.8, 13.5, 10.8, 10.8, 11.0, 11.0, 9.7, 7.8, 7.5, 8.1, 7.5, 7.8, 8.3], "daily_et0_mm": [1.8, 2.9, 3.1, 2.5, 2.1, 3.6, 2.7, 2.5, 2.7, 2.7, 2.3, 0.9, 0.5, 0.7, 1.0, 2.1, 1.6]}}, {"type": "Feature", "geometry": {"type": "Point", "coordinates": [7.4, 44.7]}, "properties": {"lat": 44.7, "lon": 7.4, "rain_source": "pluviometri", "rain_gauge_count": 3, "rain_gauge_km": 9.7, "elevation_m": 275.0, "veg_class": "none", "vegetation_score": 0.1, "habitat_score": 0.1, "last_rain_date": "2026-09-19", "days_since_rain": 16, "rain_7d_mm": 0.7, "et0_7d_mm": 15.7, "humidity_pct": 75, "humidity_min_pct": 36, "soil_moisture": 0.179, "soil_moisture_deep": 0.203, "soil_temp_c": 18.4, "weather_score": 0.201, "daily_dates": ["2026-09-19", "2026-09-20", "2026-09-21", "2026-09-22", "2026-09-23", "2026-09-24", "2026-09-25", "2026-09-26", "2026-09-27", "2026-09-28", "2026-09-29", "2026-09-30", "2026-10-01", "2026-10-02", "2026-10-03", "2026-10-04", "2026-10-05"], "daily_precip_mm": [2.1, 0.0, 0.0, 0.0, 0.4, 0.0, 0.1, 0.0, 0.0, 0.0, 0.0, 0.0, 0.5, 0.0, 0.1, 0.0, 0.2], "daily_temp_mean_c": [18.8, 19.3, 20.5, 19.2, 18.1, 16.7, 16.4, 17.8, 18.6, 18.4, 18.1, 18.0, 17.0, 18.0, 18.3, 16.2, 17.1], "daily_et0_mm": [2.6, 3.2, 3.4, 2.9, 2.7, 2.5, 1.7, 2.1, 2.9, 3.1, 2.8, 2.1, 0.9, 1.6, 2.4, 3.0, 2.9]}}, {"type": "Feature", "geometry": {"type": "Point", "coordinates": [7.7, 44.7]}, "properties": {"lat": 44.7, "lon": 7.7, "rain_source": "pluviometri", "rain_gauge_count": 3, "rain_gauge_km": 4.3, "elevation_m": 284.0, "veg_class": "none", "vegetation_score": 0.1, "habitat_score": 0.1, "last_rain_date": "2026-09-19", "days_since_rain": 16, "rain_7d_mm": 0.2, "et0_7d_mm": 15.7, "humidity_pct": 75, "humidity_min_pct": 36, "soil_moisture": 0.179, "soil_moisture_deep": 0.203, "soil_temp_c": 18.4, "weather_score": 0.196, "daily_dates": ["2026-09-19", "2026-09-20", "2026-09-21", "2026-09-22", "2026-09-23", "2026-09-24", "2026-09-25", "2026-09-26", "2026-09-27", "2026-09-28", "2026-09-29", "2026-09-30", "2026-10-01", "2026-10-02", "2026-10-03", "2026-10-04", "2026-10-05"], "daily_precip_mm": [1.7, 0.0, 0.0, 0.0, 0.0, 0.0, 0.0, 0.0, 0.0, 0.0, 0.0, 0.0, 0.0, 0.0, 0.0, 0.1, 0.0], "daily_temp_mean_c": [18.8, 19.3, 20.5, 19.2, 18.1, 16.7, 16.4, 17.8, 18.6, 18.4, 18.1, 18.0, 17.0, 18.0, 18.3, 16.2, 17.1], "daily_et0_mm": [2.6, 3.2, 3.4, 2.9, 2.7, 2.5, 1.7, 2.1, 2.9, 3.1, 2.8, 2.1, 0.9, 1.6, 2.4, 3.0, 2.9]}}, {"type": "Feature", "geometry": {"type": "Point", "coordinates": [8.0, 44.7]}, "properties": {"lat": 44.7, "lon": 8.0, "rain_source": "pluviometri", "rain_gauge_count": 3, "rain_gauge_km": 2.2, "elevation_m": 165.0, "veg_class": "none", "vegetation_score": 0.1, "habitat_score": 0.1, "last_rain_date": null, "days_since_rain": null, "rain_7d_mm": 0.0, "et0_7d_mm": 15.1, "humidity_pct": 90, "humidity_min_pct": 44, "soil_moisture": 0.24, "soil_moisture_deep": 0.255, "soil_temp_c": 16.4, "weather_score": 0.288, "daily_dates": ["2026-09-19", "2026-09-20", "2026-09-21", "2026-09-22", "2026-09-23", "2026-09-24", "2026-09-25", "2026-09-26", "2026-09-27", "2026-09-28", "2026-09-29", "2026-09-30", "2026-10-01", "2026-10-02", "2026-10-03", "2026-10-04", "2026-10-05"], "daily_precip_mm": [0.0, 0.0, 0.0, 0.0, 0.0, 0.0, 0.0, 0.0, 0.0, 0.0, 0.0, 0.0, 0.0, 0.0, 0.0, 0.0, 0.0], "daily_temp_mean_c": [18.2, 19.2, 20.5, 18.4, 16.7, 17.4, 15.8, 16.4, 17.0, 17.8, 17.6, 16.8, 16.0, 16.9, 16.6, 16.0, 16.6], "daily_et0_mm": [2.6, 3.2, 3.4, 3.0, 2.5, 2.5, 1.7, 2.3, 2.8, 3.0, 2.7, 1.9, 1.0, 1.7, 2.5, 2.8, 2.6]}}, {"type": "Feature", "geometry": {"type": "Point", "coordinates": [8.3, 44.7]}, "properties": {"lat": 44.7, "lon": 8.3, "rain_source": "pluviometri", "rain_gauge_count": 3, "rain_gauge_km": 6.0, "elevation_m": 333.0, "veg_class": "none", "vegetation_score": 0.1, "habitat_score": 0.1, "last_rain_date": null, "days_since_rain": null, "rain_7d_mm": 0.3, "et0_7d_mm": 16.1, "humidity_pct": 92, "humidity_min_pct": 30, "soil_moisture": 0.108, "soil_moisture_deep": 0.12, "soil_temp_c": 15.7, "weather_score": 0.175, "daily_dates": ["2026-09-19", "2026-09-20", "2026-09-21", "2026-09-22", "2026-09-23", "2026-09-24", "2026-09-25", "2026-09-26", "2026-09-27", "2026-09-28", "2026-09-29", "2026-09-30", "2026-10-01", "2026-10-02", "2026-10-03", "2026-10-04", "2026-10-05"], "daily_precip_mm": [0.1, 0.0, 0.0, 0.0, 0.0, 0.0, 0.0, 0.0, 0.0, 0.0, 0.0, 0.0, 0.3, 0.0, 0.0, 0.0, 0.0], "daily_temp_mean_c": [18.3, 19.0, 20.4, 17.8, 16.1, 17.4, 16.6, 16.3, 16.5, 17.7, 17.5, 17.1, 16.5, 16.7, 15.7, 15.5, 16.7], "daily_et0_mm": [3.0, 3.3, 3.6, 3.1, 2.5, 2.9, 2.6, 3.1, 3.2, 3.1, 2.9, 2.1, 1.3, 1.6, 2.9, 2.9, 2.4]}}, {"type": "Feature", "geometry": {"type": "Point", "coordinates": [8.6, 44.7]}, "properties": {"lat": 44.7, "lon": 8.6, "rain_source": "pluviometri", "rain_gauge_count": 3, "rain_gauge_km": 6.5, "elevation_m": 283.0, "veg_class": "none", "vegetation_score": 0.1, "habitat_score": 0.1, "last_rain_date": null, "days_since_rain": null, "rain_7d_mm": 0.0, "et0_7d_mm": 16.1, "humidity_pct": 92, "humidity_min_pct": 30, "soil_moisture": 0.108, "soil_moisture_deep": 0.12, "soil_temp_c": 15.7, "weather_score": 0.173, "daily_dates": ["2026-09-19", "2026-09-20", "2026-09-21", "2026-09-22", "2026-09-23", "2026-09-24", "2026-09-25", "2026-09-26", "2026-09-27", "2026-09-28", "2026-09-29", "2026-09-30", "2026-10-01", "2026-10-02", "2026-10-03", "2026-10-04", "2026-10-05"], "daily_precip_mm": [0.0, 0.0, 0.0, 0.0, 0.0, 0.0, 0.0, 0.0, 0.0, 0.0, 0.0, 0.0, 0.0, 0.0, 0.0, 0.0, 0.0], "daily_temp_mean_c": [18.3, 19.0, 20.4, 17.8, 16.1, 17.4, 16.6, 16.3, 16.5, 17.7, 17.5, 17.1, 16.5, 16.7, 15.7, 15.5, 16.7], "daily_et0_mm": [3.0, 3.3, 3.6, 3.1, 2.5, 2.9, 2.6, 3.1, 3.2, 3.1, 2.9, 2.1, 1.3, 1.6, 2.9, 2.9, 2.4]}}, {"type": "Feature", "geometry": {"type": "Point", "coordinates": [8.9, 44.7]}, "properties": {"lat": 44.7, "lon": 8.9, "rain_source": "pluviometri", "rain_gauge_count": 3, "rain_gauge_km": 2.5, "elevation_m": 318.0, "veg_class": "none", "vegetation_score": 0.1, "habitat_score": 0.1, "last_rain_date": null, "days_since_rain": null, "rain_7d_mm": 0.0, "et0_7d_mm": 16.9, "humidity_pct": 97, "humidity_min_pct": 46, "soil_moisture": 0.201, "soil_moisture_deep": 0.242, "soil_temp_c": 15.0, "weather_score": 0.275, "daily_dates": ["2026-09-19", "2026-09-20", "2026-09-21", "2026-09-22", "2026-09-23", "2026-09-24", "2026-09-25", "2026-09-26", "2026-09-27", "2026-09-28", "2026-09-29", "2026-09-30", "2026-10-01", "2026-10-02", "2026-10-03", "2026-10-04", "2026-10-05"], "daily_precip_mm": [0.0, 0.0, 0.0, 0.0, 0.0, 0.0, 0.0, 0.0, 0.0, 0.0, 0.0, 0.0, 0.0, 0.0, 0.0, 0.0, 0.0], "daily_temp_mean_c": [16.7, 17.6, 18.8, 16.9, 14.8, 15.1, 15.1, 15.3, 15.7, 16.5, 16.8, 15.9, 15.7, 16.4, 14.8, 14.8, 15.3], "daily_et0_mm": [3.1, 3.3, 3.5, 3.2, 2.0, 2.0, 2.6, 3.1, 3.1, 2.9, 2.9, 1.9, 1.4, 2.4, 3.1, 3.0, 2.2]}}, {"type": "Feature", "geometry": {"type": "Point", "coordinates": [9.2, 44.7]}, "properties": {"lat": 44.7, "lon": 9.2, "rain_source": "pluviometri", "rain_gauge_count": 3, "rain_gauge_km": 2.2, "elevation_m": 1374.0, "veg_class": "broadleaf", "vegetation_score": 1.0, "habitat_score": 1.0, "last_rain_date": "2026-10-01", "days_since_rain": 4, "rain_7d_mm": 1.5, "et0_7d_mm": 16.9, "humidity_pct": 97, "humidity_min_pct": 46, "soil_moisture": 0.201, "soil_moisture_deep": 0.242, "soil_temp_c": 15.0, "weather_score": 0.587, "daily_dates": ["2026-09-19", "2026-09-20", "2026-09-21", "2026-09-22", "2026-09-23", "2026-09-24", "2026-09-25", "2026-09-26", "2026-09-27", "2026-09-28", "2026-09-29", "2026-09-30", "2026-10-01", "2026-10-02", "2026-10-03", "2026-10-04", "2026-10-05"], "daily_precip_mm": [0.0, 0.0, 0.0, 0.0, 0.0, 0.0, 0.0, 0.0, 0.0, 0.0, 0.0, 0.4, 1.1, 0.0, 0.0, 0.0, 0.0], "daily_temp_mean_c": [16.7, 17.6, 18.8, 16.9, 14.8, 15.1, 15.1, 15.3, 15.7, 16.5, 16.8, 15.9, 15.7, 16.4, 14.8, 14.8, 15.3], "daily_et0_mm": [3.1, 3.3, 3.5, 3.2, 2.0, 2.0, 2.6, 3.1, 3.1, 2.9, 2.9, 1.9, 1.4, 2.4, 3.1, 3.0, 2.2]}}, {"type": "Feature", "geometry": {"type": "Point", "coordinates": [9.5, 44.7]}, "properties": {"lat": 44.7, "lon": 9.5, "rain_source": "pluviometri", "rain_gauge_count": 3, "rain_gauge_km": 5.7, "elevation_m": 990.0, "veg_class": "none", "vegetation_score": 0.1, "habitat_score": 0.1, "last_rain_date": null, "days_since_rain": null, "rain_7d_mm": 0.0, "et0_7d_mm": 16.5, "humidity_pct": 97, "humidity_min_pct": 37, "soil_moisture": 0.185, "soil_moisture_deep": 0.216, "soil_temp_c": 10.8, "weather_score": 0.257, "daily_dates": ["2026-09-19", "2026-09-20", "2026-09-21", "2026-09-22", "2026-09-23", "2026-09-24", "2026-09-25", "2026-09-26", "2026-09-27", "2026-09-28", "2026-09-29", "2026-09-30", "2026-10-01", "2026-10-02", "2026-10-03", "2026-10-04", "2026-10-05"], "daily_precip_mm": [0.0, 0.0, 0.0, 0.0, 0.0, 0.0, 0.0, 0.0, 0.0, 0.0, 0.0, 0.0, 0.0, 0.0, 0.0, 0.0, 0.0], "daily_temp_mean_c": [13.2, 14.3, 16.8, 13.8, 11.3, 12.5, 11.5, 11.0, 12.6, 13.4, 13.1, 13.1, 13.3, 12.8, 11.6, 11.6, 11.7], "daily_et0_mm": [2.8, 2.8, 3.5, 2.6, 2.0, 2.4, 2.4, 2.7, 3.0, 2.8, 2.6, 1.7, 1.6, 2.8, 3.0, 2.3, 2.5]}}, {"type": "Feature", "geometry": {"type": "Point", "coordinates": [9.8, 44.7]}, "properties": {"lat": 44.7, "lon": 9.8, "rain_source": "pluviometri", "rain_gauge_count": 3, "rain_gauge_km": 1.8, "elevation_m": 577.0, "veg_class": "none", "vegetation_score": 0.1, "habitat_score": 0.1, "last_rain_date": null, "days_since_rain": null, "rain_7d_mm": 0.0, "et0_7d_mm": 19.5, "humidity_pct": 79, "humidity_min_pct": 41, "soil_moisture": 0.129, "soil_moisture_deep": 0.157, "soil_temp_c": 13.3, "weather_score": 0.162, "daily_dates": ["2026-09-19", "2026-09-20", "2026-09-21", "2026-09-22", "2026-09-23", "2026-09-24", "2026-09-25", "2026-09-26", "2026-09-27", "2026-09-28", "2026-09-29", "2026-09-30", "2026-10-01", "2026-10-02", "2026-10-03", "2026-10-04", "2026-10-05"], "daily_precip_mm": [0.0, 0.0, 0.0, 0.0, 0.2, 0.0, 0.0, 0.0, 0.0, 0.0, 0.0, 0.0, 0.0, 0.0, 0.0, 0.0, 0.0], "daily_temp_mean_c": [16.2, 17.1, 18.5, 15.9, 14.0, 14.7, 14.4, 14.0, 14.6, 15.8, 15.8, 15.6, 15.9, 15.4, 13.8, 14.8, 14.7], "daily_et0_mm": [2.9, 3.0, 3.5, 2.8, 3.2, 2.7, 3.1, 3.3, 3.2, 3.3, 3.0, 2.6, 2.1, 3.2, 3.2, 2.9, 2.4]}}, {"type": "Feature", "geometry": {"type": "Point", "coordinates": [10.1, 44.7]}, "properties": {"lat": 44.7, "lon": 10.1, "rain_source": "pluviometri", "rain_gauge_count": 3, "rain_gauge_km": 0.6, "elevation_m": 131.0, "veg_class": "none", "vegetation_score": 0.1, "habitat_score": 0.1, "last_rain_date": null, "days_since_rain": null, "rain_7d_mm": 0.0, "et0_7d_mm": 19.5, "humidity_pct": 79, "humidity_min_pct": 41, "soil_moisture": 0.129, "soil_moisture_deep": 0.157, "soil_temp_c": 13.3, "weather_score": 0.162, "daily_dates": ["2026-09-19", "2026-09-20", "2026-09-21", "2026-09-22", "2026-09-23", "2026-09-24", "2026-09-25", "2026-09-26", "2026-09-27", "2026-09-28", "2026-09-29", "2026-09-30", "2026-10-01", "2026-10-02", "2026-10-03", "2026-10-04", "2026-10-05"], "daily_precip_mm": [0.0, 0.0, 0.0, 0.0, 0.0, 0.0, 0.0, 0.0, 0.0, 0.0, 0.0, 0.0, 0.0, 0.0, 0.0, 0.0, 0.0], "daily_temp_mean_c": [16.2, 17.1, 18.5, 15.9, 14.0, 14.7, 14.4, 14.0, 14.6, 15.8, 15.8, 15.6, 15.9, 15.4, 13.8, 14.8, 14.7], "daily_et0_mm": [2.9, 3.0, 3.5, 2.8, 3.2, 2.7, 3.1, 3.3, 3.2, 3.3, 3.0, 2.6, 2.1, 3.2, 3.2, 2.9, 2.4]}}, {"type": "Feature", "geometry": {"type": "Point", "coordinates": [10.4, 44.7]}, "properties": {"lat": 44.7, "lon": 10.4, "rain_source": "pluviometri", "rain_gauge_count": 3, "rain_gauge_km": 4.1, "elevation_m": 117.0, "veg_class": "none", "vegetation_score": 0.1, "habitat_score": 0.1, "last_rain_date": null, "days_since_rain": null, "rain_7d_mm": 0.0, "et0_7d_mm": 21.1, "humidity_pct": 63, "humidity_min_pct": 35, "soil_moisture": 0.173, "soil_moisture_deep": 0.186, "soil_temp_c": 15.2, "weather_score": 0.153, "daily_dates": ["2026-09-19", "2026-09-20", "2026-09-21", "2026-09-22", "2026-09-23", "2026-09-24", "2026-09-25", "2026-09-26", "2026-09-27", "2026-09-28", "2026-09-29", "2026-09-30", "2026-10-01", "2026-10-02", "2026-10-03", "2026-10-04", "2026-10-05"], "daily_precip_mm": [0.0, 0.0, 0.0, 0.0, 0.0, 0.0, 0.0, 0.0, 0.0, 0.0, 0.0, 0.0, 0.0, 0.0, 0.0, 0.0, 0.0], "daily_temp_mean_c": [18.6, 19.6, 20.8, 17.9, 15.9, 17.7, 15.9, 15.7, 16.8, 17.8, 17.7, 17.6, 18.3, 17.8, 16.0, 16.9, 17.3], "daily_et0_mm": [2.8, 3.2, 3.4, 3.0, 3.3, 3.1, 3.1, 3.3, 3.2, 3.3, 3.1, 3.0, 2.6, 3.2, 3.1, 3.0, 3.1]}}, {"type": "Feature", "geometry": {"type": "Point", "coordinates": [10.7, 44.7]}, "properties": {"lat": 44.7, "lon": 10.7, "rain_source": "pluviometri", "rain_gauge_count": 3, "rain_gauge_km": 5.2, "elevation_m": 44.0, "veg_class": "none", "vegetation_score": 0.1, "habitat_score": 0.093, "last_rain_date": null, "days_since_rain": null, "rain_7d_mm": 0.0, "et0_7d_mm": 21.1, "humidity_pct": 63, "humidity_min_pct": 35, "soil_moisture": 0.173, "soil_moisture_deep": 0.186, "soil_temp_c": 15.2, "weather_score": 0.153, "daily_dates": ["2026-09-19", "2026-09-20", "2026-09-21", "2026-09-22", "2026-09-23", "2026-09-24", "2026-09-25", "2026-09-26", "2026-09-27", "2026-09-28", "2026-09-29", "2026-09-30", "2026-10-01", "2026-10-02", "2026-10-03", "2026-10-04", "2026-10-05"], "daily_precip_mm": [0.0, 0.0, 0.0, 0.0, 0.0, 0.0, 0.0, 0.0, 0.0, 0.0, 0.0, 0.0, 0.0, 0.0, 0.0, 0.0, 0.0], "daily_temp_mean_c": [18.6, 19.6, 20.8, 17.9, 15.9, 17.7, 15.9, 15.7, 16.8, 17.8, 17.7, 17.6, 18.3, 17.8, 16.0, 16.9, 17.3], "daily_et0_mm": [2.8, 3.2, 3.4, 3.0, 3.3, 3.1, 3.1, 3.3, 3.2, 3.3, 3.1, 3.0, 2.6, 3.2, 3.1, 3.0, 3.1]}}, {"type": "Feature", "geometry": {"type": "Point", "coordinates": [11.0, 44.7]}, "properties": {"lat": 44.7, "lon": 11.0, "rain_source": "pluviometri", "rain_gauge_count": 3, "rain_gauge_km": 3.4, "elevation_m": 24.0, "veg_class": "none", "vegetation_score": 0.1, "habitat_score": 0.069, "last_rain_date": null, "days_since_rain": null, "rain_7d_mm": 0.2, "et0_7d_mm": 23.2, "humidity_pct": 68, "humidity_min_pct": 24, "soil_moisture": 0.174, "soil_moisture_deep": 0.205, "soil_temp_c": 20.8, "weather_score": 0.176, "daily_dates": ["2026-09-19", "2026-09-20", "2026-09-21", "2026-09-22", "2026-09-23", "2026-09-24", "2026-09-25", "2026-09-26", "2026-09-27", "2026-09-28", "2026-09-29", "2026-09-30", "2026-10-01", "2026-10-02", "2026-10-03", "2026-10-04", "2026-10-05"], "daily_precip_mm": [0.1, 0.0, 0.0, 0.0, 0.0, 0.0, 0.0, 0.0, 0.0, 0.0, 0.0, 0.0, 0.0, 0.0, 0.0, 0.0, 0.2], "daily_temp_mean_c": [20.9, 22.4, 23.1, 20.5, 18.0, 19.8, 19.2, 17.5, 18.9, 19.2, 18.8, 19.2, 20.4, 19.8, 18.3, 19.1, 19.7], "daily_et0_mm": [3.2, 3.8, 3.6, 3.5, 3.6, 3.4, 3.7, 3.7, 3.6, 3.7, 3.5, 3.4, 2.9, 3.4, 3.4, 3.3, 3.3]}}, {"type": "Feature", "geometry": {"type": "Point", "coordinates": [11.3, 44.7]}, "properties": {"lat": 44.7, "lon": 11.3, "rain_source": "pluviometri", "rain_gauge_count": 3, "rain_gauge_km": 5.7, "elevation_m": 17.0, "veg_class": "none", "vegetation_score": 0.1, "habitat_score": 0.06, "last_rain_date": null, "days_since_rain": null, "rain_7d_mm": 0.3, "et0_7d_mm": 21.9, "humidity_pct": 82, "humidity_min_pct": 30, "soil_moisture": 0.177, "soil_moisture_deep": 0.202, "soil_temp_c": 20.0, "weather_score": 0.215, "daily_dates": ["2026-09-19", "2026-09-20", "2026-09-21", "2026-09-22", "2026-09-23", "2026-09-24", "2026-09-25", "2026-09-26", "2026-09-27", "2026-09-28", "2026-09-29", "2026-09-30", "2026-10-01", "2026-10-02", "2026-10-03", "2026-10-04", "2026-10-05"], "daily_precip_mm": [0.1, 0.0, 0.0, 0.0, 0.0, 0.0, 0.0, 0.0, 0.0, 0.0, 0.0, 0.0, 0.0, 0.0, 0.0, 0.0, 0.3], "daily_temp_mean_c": [20.7, 22.1, 22.5, 20.1, 17.6, 18.7, 19.1, 16.6, 17.7, 18.0, 18.6, 19.0, 19.6, 19.3, 18.1, 18.3, 18.5], "daily_et0_mm": [2.8, 3.5, 3.5, 3.6, 3.6, 3.4, 4.0, 3.4, 3.5, 3.4, 3.2, 3.3, 2.7, 3.5, 3.3, 3.0, 3.0]}}, {"type": "Feature", "geometry": {"type": "Point", "coordinates": [11.6, 44.7]}, "properties": {"lat": 44.7, "lon": 11.6, "rain_source": "pluviometri", "rain_gauge_count": 3, "rain_gauge_km": 3.7, "elevation_m": 7.0, "veg_class": "none", "vegetation_score": 0.1, "habitat_score": 0.048, "last_rain_date": null, "days_since_rain": null, "rain_7d_mm": 0.4, "et0_7d_mm": 21.9, "humidity_pct": 82, "humidity_min_pct": 30, "soil_moisture": 0.177, "soil_moisture_deep": 0.202, "soil_temp_c": 20.0, "weather_score": 0.216, "daily_dates": ["2026-09-19", "2026-09-20", "2026-09-21", "2026-09-22", "2026-09-23", "2026-09-24", "2026-09-25", "2026-09-26", "2026-09-27", "2026-09-28", "2026-09-29", "2026-09-30", "2026-10-01", "2026-10-02", "2026-10-03", "2026-10-04", "2026-10-05"], "daily_precip_mm": [0.2, 0.0, 0.0, 0.0, 0.0, 0.0, 0.0, 0.0, 0.0, 0.0, 0.0, 0.0, 0.0, 0.0, 0.0, 0.0, 0.3], "daily_temp_mean_c": [20.7, 22.1, 22.5, 20.1, 17.6, 18.7, 19.1, 16.6, 17.7, 18.0, 18.6, 19.0, 19.6, 19.3, 18.1, 18.3, 18.5], "daily_et0_mm": [2.8, 3.5, 3.5, 3.6, 3.6, 3.4, 4.0, 3.4, 3.5, 3.4, 3.2, 3.3, 2.7, 3.5, 3.3, 3.0, 3.0]}}, {"type": "Feature", "geometry": {"type": "Point", "coordinates": [6.8, 45.0]}, "properties": {"lat": 45.0, "lon": 6.8, "rain_source": "pluviometri", "rain_gauge_count": 3, "rain_gauge_km": 4.6, "elevation_m": 1537.0, "veg_class": "shrub", "vegetation_score": 0.5, "habitat_score": 0.38, "last_rain_date": "2026-10-01", "days_since_rain": 4, "rain_7d_mm": 3.4, "et0_7d_mm": 9.1, "humidity_pct": 95, "humidity_min_pct": 49, "soil_moisture": 0.167, "soil_moisture_deep": 0.184, "soil_temp_c": 8.8, "weather_score": 0.564, "daily_dates": ["2026-09-19", "2026-09-20", "2026-09-21", "2026-09-22", "2026-09-23", "2026-09-24", "2026-09-25", "2026-09-26", "2026-09-27", "2026-09-28", "2026-09-29", "2026-09-30", "2026-10-01", "2026-10-02", "2026-10-03", "2026-10-04", "2026-10-05"], "daily_precip_mm": [0.0, 0.0, 0.0, 0.0, 0.0, 0.0, 0.0, 0.0, 0.0, 0.0, 0.0, 0.0, 3.1, 0.1, 0.1, 0.0, 0.1], "daily_temp_mean_c": [7.5, 11.2, 12.0, 10.5, 9.5, 10.9, 10.4, 11.1, 11.0, 10.5, 9.0, 7.3, 7.0, 7.5, 6.7, 7.1, 7.7], "daily_et0_mm": [2.3, 3.3, 3.5, 3.0, 2.9, 3.7, 3.2, 3.0, 2.6, 2.4, 1.6, 0.8, 0.5, 1.0, 1.1, 2.0, 2.0]}}, {"type": "Feature", "geometry": {"type": "Point", "coordinates": [7.1, 45.0]}, "properties": {"lat": 45.0, "lon": 7.1, "rain_source": "pluviometri", "rain_gauge_count": 3, "rain_gauge_km": 4.6, "elevation_m": 1797.0, "veg_class": "broadleaf", "vegetation_score": 1.0, "habitat_score": 0.305, "last_rain_date": "2026-10-01", "days_since_rain": 4, "rain_7d_mm": 2.5, "et0_7d_mm": 9.1, "humidity_pct": 95, "humidity_min_pct": 49, "soil_moisture": 0.167, "soil_moisture_deep": 0.184, "soil_temp_c": 8.8, "weather_score": 0.557, "daily_dates": ["2026-09-19", "2026-09-20", "2026-09-21", "2026-09-22", "2026-09-23", "2026-09-24", "2026-09-25", "2026-09-26", "2026-09-27", "2026-09-28", "2026-09-29", "2026-09-30", "2026-10-01", "2026-10-02", "2026-10-03", "2026-10-04", "2026-10-05"], "daily_precip_mm": [0.0, 0.0, 0.0, 0.0, 0.5, 0.0, 0.0, 0.0, 0.0, 0.0, 0.0, 0.1, 2.3, 0.0, 0.1, 0.0, 0.0], "daily_temp_mean_c": [7.5, 11.2, 12.0, 10.5, 9.5, 10.9, 10.4, 11.1, 11.0, 10.5, 9.0, 7.3, 7.0, 7.5, 6.7, 7.1, 7.7], "daily_et0_mm": [2.3, 3.3, 3.5, 3.0, 2.9, 3.7, 3.2, 3.0, 2.6, 2.4, 1.6, 0.8, 0.5, 1.0, 1.1, 2.0, 2.0]}}, {"type": "Feature", "geometry": {"type": "Point", "coordinates": [7.4, 45.0]}, "properties": {"lat": 45.0, "lon": 7.4, "rain_source": "pluviometri", "rain_gauge_count": 3, "rain_gauge_km": 4.1, "elevation_m": 358.0, "veg_class": "none", "vegetation_score": 0.1, "habitat_score": 0.1, "last_rain_date": null, "days_since_rain": null, "rain_7d_mm": 0.1, "et0_7d_mm": 16.1, "humidity_pct": 69, "humidity_min_pct": 33, "soil_moisture": 0.235, "soil_moisture_deep": 0.28, "soil_temp_c": 20.1, "weather_score": 0.237, "daily_dates": ["2026-09-19", "2026-09-20", "2026-09-21", "2026-09-22", "2026-09-23", "2026-09-24", "2026-09-25", "2026-09-26", "2026-09-27", "2026-09-28", "2026-09-29", "2026-09-30", "2026-10-01", "2026-10-02", "2026-10-03", "2026-10-04", "2026-10-05"], "daily_precip_mm": [0.0, 0.0, 0.0, 0.0, 0.0, 0.0, 0.0, 0.0, 0.0, 0.0, 0.0, 0.0, 0.1, 0.0, 0.0, 0.0, 0.0], "daily_temp_mean_c": [19.6, 20.4, 21.2, 20.6, 19.7, 17.6, 18.1, 19.0, 19.3, 18.9, 20.3, 19.9, 19.5, 19.9, 19.1, 17.6, 18.0], "daily_et0_mm": [2.5, 3.2, 3.5, 3.0, 3.1, 2.6, 1.8, 2.6, 2.9, 3.0, 2.4, 1.8, 1.3, 2.6, 2.5, 2.8, 2.7]}}, {"type": "Feature", "geometry": {"type": "Point", "coordinates": [7.7, 45.0]}, "properties": {"lat": 45.0, "lon": 7.7, "rain_source": "pluviometri", "rain_gauge_count": 3, "rain_gauge_km": 2.8, "elevation_m": 240.0, "veg_class": "none", "vegetation_score": 0.1, "habitat_score": 0.1, "last_rain_date": null, "days_since_rain": null, "rain_7d_mm": 0.0, "et0_7d_mm": 16.1, "humidity_pct": 69, "humidity_min_pct": 33, "soil_moisture": 0.235, "soil_moisture_deep": 0.28, "soil_temp_c": 20.1, "weather_score": 0.236, "daily_dates": ["2026-09-19", "2026-09-20", "2026-09-21", "2026-09-22", "2026-09-23", "2026-09-24", "2026-09-25", "2026-09-26", "2026-09-27", "2026-09-28", "2026-09-29", "2026-09-30", "2026-10-01", "2026-10-02", "2026-10-03", "2026-10-04", "2026-10-05"], "daily_precip_mm": [0.4, 0.0, 0.0, 0.0, 0.0, 0.0, 0.0, 0.0, 0.0, 0.0, 0.0, 0.0, 0.0, 0.0, 0.0, 0.0, 0.0], "daily_temp_mean_c": [19.6, 20.4, 21.2, 20.6, 19.7, 17.6, 18.1, 19.0, 19.3, 18.9, 20.3, 19.9, 19.5, 19.9, 19.1, 17.6, 18.0], "daily_et0_mm": [2.5, 3.2, 3.5, 3.0, 3.1, 2.6, 1.8, 2.6, 2.9, 3.0, 2.4, 1.8, 1.3, 2.6, 2.5, 2.8, 2.7]}}, {"type": "Feature", "geometry": {"type": "Point", "coordinates": [8.0, 45.0]}, "properties": {"lat": 45.0, "lon": 8.0, "rain_source": "pluviometri", "rain_gauge_count": 3, "rain_gauge_km": 5.7, "elevation_m": 221.0, "veg_class": "broadleaf", "vegetation_score": 1.0, "habitat_score": 1.0, "last_rain_date": "2026-09-19", "days_since_rain": 16, "rain_7d_mm": 0.0, "et0_7d_mm": 15.9, "humidity_pct": 87, "humidity_min_pct": 36, "soil_moisture": 0.17, "soil_moisture_deep": 0.195, "soil_temp_c": 16.9, "weather_score": 0.22, "daily_dates": ["2026-09-19", "2026-09-20", "2026-09-21", "2026-09-22", "2026-09-23", "2026-09-24", "2026-09-25", "2026-09-26", "2026-09-27", "2026-09-28", "2026-09-29", "2026-09-30", "2026-10-01", "2026-10-02", "2026-10-03", "2026-10-04", "2026-10-05"], "daily_precip_mm": [1.8, 0.0, 0.0, 0.0, 0.0, 0.0, 0.0, 0.0, 0.0, 0.0, 0.0, 0.0, 0.0, 0.0, 0.0, 0.0, 0.0], "daily_temp_mean_c": [19.9, 20.1, 20.6, 19.6, 19.2, 17.6, 18.1, 17.8, 17.5, 17.1, 18.2, 18.7, 17.8, 18.4, 17.2, 16.0, 16.3], "daily_et0_mm": [2.6, 3.1, 3.1, 2.9, 2.7, 2.5, 2.1, 2.9, 2.9, 3.0, 2.5, 2.0, 1.2, 2.3, 2.5, 2.7, 2.6]}}, {"type": "Feature", "geometry": {"type": "Point", "coordinates": [8.3, 45.0]}, "properties": {"lat": 45.0, "lon": 8.3, "rain_source": "pluviometri", "rain_gauge_count": 3, "rain_gauge_km": 6.2, "elevation_m": 251.0, "veg_class": "none", "vegetation_score": 0.1, "habitat_score": 0.1, "last_rain_date": null, "days_since_rain": null, "rain_7d_mm": 0.1, "et0_7d_mm": 16.5, "humidity_pct": 85, "humidity_min_pct": 40, "soil_moisture": 0.238, "soil_moisture_deep": 0.283, "soil_temp_c": 17.4, "weather_score": 0.283, "daily_dates": ["2026-09-19", "2026-09-20", "2026-09-21", "2026-09-22", "2026-09-23", "2026-09-24", "2026-09-25", "2026-09-26", "2026-09-27", "2026-09-28", "2026-09-29", "2026-09-30", "2026-10-01", "2026-10-02", "2026-10-03", "2026-10-04", "2026-10-05"], "daily_precip_mm": [0.0, 0.0, 0.0, 0.0, 0.0, 0.0, 0.0, 0.0, 0.0, 0.0, 0.0, 0.1, 0.0, 0.0, 0.0, 0.0, 0.0], "daily_temp_mean_c": [20.1, 20.9, 22.1, 19.6, 18.4, 18.0, 18.2, 18.2, 18.0, 18.8, 18.2, 17.8, 18.2, 18.6, 17.0, 17.3, 17.4], "daily_et0_mm": [2.9, 3.1, 3.2, 3.0, 3.0, 2.6, 2.5, 2.9, 2.9, 3.0, 2.7, 2.1, 1.6, 2.3, 2.7, 2.6, 2.6]}}, {"type": "Feature", "geometry": {"type": "Point", "coordinates": [8.6, 45.0]}, "properties": {"lat": 45.0, "lon": 8.6, "rain_source": "pluviometri", "rain_gauge_count": 3, "rain_gauge_km": 2.7, "elevation_m": 162.0, "veg_class": "none", "vegetation_score": 0.1, "habitat_score": 0.1, "last_rain_date": null, "days_since_rain": null, "rain_7d_mm": 0.0, "et0_7d_mm": 16.5, "humidity_pct": 85, "humidity_min_pct": 40, "soil_moisture": 0.238, "soil_moisture_deep": 0.283, "soil_temp_c": 17.4, "weather_score": 0.283, "daily_dates": ["2026-09-19", "2026-09-20", "2026-09-21", "2026-09-22", "2026-09-23", "2026-09-24", "2026-09-25", "2026-09-26", "2026-09-27", "2026-09-28", "2026-09-29", "2026-09-30", "2026-10-01", "2026-10-02", "2026-10-03", "2026-10-04", "2026-10-05"], "daily_precip_mm": [0.0, 0.0, 0.0, 0.0, 0.0, 0.0, 0.0, 0.0, 0.0, 0.0, 0.0, 0.0, 0.0, 0.0, 0.0, 0.0, 0.0], "daily_temp_mean_c": [20.1, 20.9, 22.1, 19.6, 18.4, 18.0, 18.2, 18.2, 18.0, 18.8, 18.2, 17.8, 18.2, 18.6, 17.0, 17.3, 17.4], "daily_et0_mm": [2.9, 3.1, 3.2, 3.0, 3.0, 2.6, 2.5, 2.9, 2.9, 3.0, 2.7, 2.1, 1.6, 2.3, 2.7, 2.6, 2.6]}}, {"type": "Feature", "geometry": {"type": "Point", "coordinates": [8.9, 45.0]}, "properties": {"lat": 45.0, "lon": 8.9, "rain_source": "pluviometri", "rain_gauge_count": 3, "rain_gauge_km": 4.3, "elevation_m": 77.0, "veg_class": "none", "vegetation_score": 0.1, "habitat_score": 0.1, "last_rain_date": null, "days_since_rain": null, "rain_7d_mm": 0.0, "et0_7d_mm": 17.8, "humidity_pct": 84, "humidity_min_pct": 29, "soil_moisture": 0.242, "soil_moisture_deep": 0.285, "soil_temp_c": 20.0, "weather_score": 0.283, "daily_dates": ["2026-09-19", "2026-09-20", "2026-09-21", "2026-09-22", "2026-09-23", "2026-09-24", "2026-09-25", "2026-09-26", "2026-09-27", "2026-09-28", "2026-09-29", "2026-09-30", "2026-10-01", "2026-10-02", "2026-10-03", "2026-10-04", "2026-10-05"], "daily_precip_mm": [0.0, 0.0, 0.0, 0.0, 0.0, 0.0, 0.0, 0.0, 0.0, 0.0, 0.0, 0.0, 0.0, 0.0, 0.0, 0.0, 0.0], "daily_temp_mean_c": [21.4, 21.4, 22.0, 20.3, 18.9, 18.5, 18.8, 18.5, 18.3, 19.2, 19.0, 18.3, 18.9, 19.7, 17.3, 16.4, 17.9], "daily_et0_mm": [3.2, 3.3, 3.4, 3.2, 3.2, 3.0, 3.0, 3.1, 3.0, 3.3, 3.0, 2.0, 1.6, 2.9, 3.0, 2.7, 2.6]}}, {"type": "Feature", "geometry": {"type": "Point", "coordinates": [9.2, 45.0]}, "properties": {"lat": 45.0, "lon": 9.2, "rain_source": "pluviometri", "rain_gauge_count": 3, "rain_gauge_km": 5.3, "elevation_m": 218.0, "veg_class": "none", "vegetation_score": 0.1, "habitat_score": 0.1, "last_rain_date": null, "days_since_rain": null, "rain_7d_mm": 0.0, "et0_7d_mm": 17.8, "humidity_pct": 84, "humidity_min_pct": 29, "soil_moisture": 0.242, "soil_moisture_deep": 0.285, "soil_temp_c": 20.0, "weather_score": 0.283, "daily_dates": ["2026-09-19", "2026-09-20", "2026-09-21", "2026-09-22", "2026-09-23", "2026-09-24", "2026-09-25", "2026-09-26", "2026-09-27", "2026-09-28", "2026-09-29", "2026-09-30", "2026-10-01", "2026-10-02", "2026-10-03", "2026-10-04", "2026-10-05"], "daily_precip_mm": [0.0, 0.0, 0.0, 0.0, 0.0, 0.0, 0.0, 0.0, 0.0, 0.0, 0.0, 0.0, 0.0, 0.0, 0.0, 0.0, 0.0], "daily_temp_mean_c": [21.4, 21.4, 22.0, 20.3, 18.9, 18.5, 18.8, 18.5, 18.3, 19.2, 19.0, 18.3, 18.9, 19.7, 17.3, 16.4, 17.9], "daily_et0_mm": [3.2, 3.3, 3.4, 3.2, 3.2, 3.0, 3.0, 3.1, 3.0, 3.3, 3.0, 2.0, 1.6, 2.9, 3.0, 2.7, 2.6]}}, {"type": "Feature", "geometry": {"type": "Point", "coordinates": [9.5, 45.0]}, "properties": {"lat": 45.0, "lon": 9.5, "rain_source": "pluviometri", "rain_gauge_count": 3, "rain_gauge_km": 8.4, "elevation_m": 100.0, "veg_class": "shrub", "vegetation_score": 0.5, "habitat_score": 0.5, "last_rain_date": null, "days_since_rain": null, "rain_7d_mm": 0.0, "et0_7d_mm": 18.3, "humidity_pct": 73, "humidity_min_pct": 32, "soil_moisture": 0.184, "soil_moisture_deep": 0.199, "soil_temp_c": 18.0, "weather_score": 0.191, "daily_dates": ["2026-09-19", "2026-09-20", "2026-09-21", "2026-09-22", "2026-09-23", "2026-09-24", "2026-09-25", "2026-09-26", "2026-09-27", "2026-09-28", "2026-09-29", "2026-09-30", "2026-10-01", "2026-10-02", "2026-10-03", "2026-10-04", "2026-10-05"], "daily_precip_mm": [0.0, 0.0, 0.0, 0.0, 0.0, 0.0, 0.0, 0.0, 0.0, 0.0, 0.0, 0.0, 0.0, 0.0, 0.0, 0.0, 0.0], "daily_temp_mean_c": [20.5, 21.0, 21.7, 20.2, 18.0, 17.7, 18.4, 17.3, 17.5, 18.2, 18.1, 17.4, 18.3, 18.9, 16.3, 16.1, 17.1], "daily_et0_mm": [3.1, 3.4, 3.6, 3.2, 3.2, 2.8, 3.1, 3.2, 3.1, 3.2, 3.1, 2.0, 1.9, 2.9, 3.0, 2.9, 2.5]}}, {"type": "Feature", "geometry": {"type": "Point", "coordinates": [9.8, 45.0]}, "properties": {"lat": 45.0, "lon": 9.8, "rain_source": "pluviometri", "rain_gauge_count": 3, "rain_gauge_km": 11.2, "elevation_m": 61.0, "veg_class": "none", "vegetation_score": 0.1, "habitat_score": 0.1, "last_rain_date": null, "days_since_rain": null, "rain_7d_mm": 0.0, "et0_7d_mm": 19.9, "humidity_pct": 73, "humidity_min_pct": 27, "soil_moisture": 0.181, "soil_moisture_deep": 0.216, "soil_temp_c": 17.1, "weather_score": 0.195, "daily_dates": ["2026-09-19", "2026-09-20", "2026-09-21", "2026-09-22", "2026-09-23", "2026-09-24", "2026-09-25", "2026-09-26", "2026-09-27", "2026-09-28", "2026-09-29", "2026-09-30", "2026-10-01", "2026-10-02", "2026-10-03", "2026-10-04", "2026-10-05"], "daily_precip_mm": [0.1, 0.0, 0.0, 0.0, 0.0, 0.0, 0.0, 0.0, 0.0, 0.0, 0.0, 0.0, 0.0, 0.0, 0.0, 0.0, 0.0], "daily_temp_mean_c": [21.1, 21.6, 22.1, 20.6, 18.8, 17.8, 19.4, 17.4, 17.4, 18.3, 18.4, 18.7, 19.1, 19.9, 16.8, 16.4, 16.9], "daily_et0_mm": [3.2, 3.5, 3.3, 3.6, 3.6, 2.7, 3.6, 3.3, 3.1, 3.3, 3.2, 2.8, 2.2, 3.5, 3.2, 2.8, 2.3]}}, {"type": "Feature", "geometry": {"type": "Point", "coordinates": [10.1, 45.0]}, "properties": {"lat": 45.0, "lon": 10.1, "rain_source": "pluviometri", "rain_gauge_count": 3, "rain_gauge_km": 2.8, "elevation_m": 32.0, "veg_class": "none", "vegetation_score": 0.1, "habitat_score": 0.078, "last_rain_date": null, "days_since_rain": null, "rain_7d_mm": 0.0, "et0_7d_mm": 19.9, "humidity_pct": 73, "humidity_min_pct": 27, "soil_moisture": 0.181, "soil_moisture_deep": 0.216, "soil_temp_c": 17.1, "weather_score": 0.195, "daily_dates": ["2026-09-19", "2026-09-20", "2026-09-21", "2026-09-22", "2026-09-23", "2026-09-24", "2026-09-25", "2026-09-26", "2026-09-27", "2026-09-28", "2026-09-29", "2026-09-30", "2026-10-01", "2026-10-02", "2026-10-03", "2026-10-04", "2026-10-05"], "daily_precip_mm": [0.0, 0.0, 0.0, 0.0, 0.0, 0.0, 0.0, 0.0, 0.0, 0.0, 0.0, 0.0, 0.0, 0.0, 0.0, 0.0, 0.0], "daily_temp_mean_c": [21.1, 21.6, 22.1, 20.6, 18.8, 17.8, 19.4, 17.4, 17.4, 18.3, 18.4, 18.7, 19.1, 19.9, 16.8, 16.4, 16.9], "daily_et0_mm": [3.2, 3.5, 3.3, 3.6, 3.6, 2.7, 3.6, 3.3, 3.1, 3.3, 3.2, 2.8, 2.2, 3.5, 3.2, 2.8, 2.3]}}, {"type": "Feature", "geometry": {"type": "Point", "coordinates": [10.4, 45.0]}, "properties": {"lat": 45.0, "lon": 10.4, "rain_source": "pluviometri", "rain_gauge_count": 3, "rain_gauge_km": 1.3, "elevation_m": 26.0, "veg_class": "none", "vegetation_score": 0.1, "habitat_score": 0.071, "last_rain_date": null, "days_since_rain": null, "rain_7d_mm": 0.4, "et0_7d_mm": 21.3, "humidity_pct": 79, "humidity_min_pct": 21, "soil_moisture": 0.177, "soil_moisture_deep": 0.208, "soil_temp_c": 17.4, "weather_score": 0.209, "daily_dates": ["2026-09-19", "2026-09-20", "2026-09-21", "2026-09-22", "2026-09-23", "2026-09-24", "2026-09-25", "2026-09-26", "2026-09-27", "2026-09-28", "2026-09-29", "2026-09-30", "2026-10-01", "2026-10-02", "2026-10-03", "2026-10-04", "2026-10-05"], "daily_precip_mm": [0.0, 0.2, 0.0, 0.0, 0.0, 0.0, 0.0, 0.0, 0.0, 0.0, 0.0, 0.0, 0.0, 0.0, 0.0, 0.0, 0.4], "daily_temp_mean_c": [21.3, 21.6, 22.4, 21.0, 18.8, 18.2, 19.6, 17.4, 17.9, 18.8, 19.0, 19.2, 19.6, 19.6, 17.3, 16.9, 16.8], "daily_et0_mm": [2.9, 3.4, 3.2, 4.0, 3.6, 2.9, 3.9, 3.3, 3.1, 3.4, 3.4, 3.1, 2.5, 3.7, 3.4, 2.8, 2.3]}}, {"type": "Feature", "geometry": {"type": "Point", "coordinates": [10.7, 45.0]}, "properties": {"lat": 45.0, "lon": 10.7, "rain_source": "pluviometri", "rain_gauge_count": 3, "rain_gauge_km": 6.3, "elevation_m": 17.0, "veg_class": "none", "vegetation_score": 0.1, "habitat_score": 0.06, "last_rain_date": null, "days_since_rain": null, "rain_7d_mm": 0.2, "et0_7d_mm": 21.3, "humidity_pct": 79, "humidity_min_pct": 21, "soil_moisture": 0.177, "soil_moisture_deep": 0.208, "soil_temp_c": 17.4, "weather_score": 0.208, "daily_dates": ["2026-09-19", "2026-09-20", "2026-09-21", "2026-09-22", "2026-09-23", "2026-09-24", "2026-09-25", "2026-09-26", "2026-09-27", "2026-09-28", "2026-09-29", "2026-09-30", "2026-10-01", "2026-10-02", "2026-10-03", "2026-10-04", "2026-10-05"], "daily_precip_mm": [0.0, 0.0, 0.0, 0.0, 0.0, 0.0, 0.0, 0.0, 0.0, 0.0, 0.0, 0.0, 0.0, 0.0, 0.0, 0.0, 0.2], "daily_temp_mean_c": [21.3, 21.6, 22.4, 21.0, 18.8, 18.2, 19.6, 17.4, 17.9, 18.8, 19.0, 19.2, 19.6, 19.6, 17.3, 16.9, 16.8], "daily_et0_mm": [2.9, 3.4, 3.2, 4.0, 3.6, 2.9, 3.9, 3.3, 3.1, 3.4, 3.4, 3.1, 2.5, 3.7, 3.4, 2.8, 2.3]}}, {"type": "Feature", "geometry": {"type": "Point", "coordinates": [11.0, 45.0]}, "properties": {"lat": 45.0, "lon": 11.0, "rain_source": "pluviometri", "rain_gauge_count": 3, "rain_gauge_km": 12.7, "elevation_m": 15.0, "veg_class": "none", "vegetation_score": 0.1, "habitat_score": 0.058, "last_rain_date": null, "days_since_rain": null, "rain_7d_mm": 0.0, "et0_7d_mm": 22.5, "humidity_pct": 81, "humidity_min_pct": 17, "soil_moisture": 0.163, "soil_moisture_deep": 0.185, "soil_temp_c": 17.8, "weather_score": 0.196, "daily_dates": ["2026-09-19", "2026-09-20", "2026-09-21", "2026-09-22", "2026-09-23", "2026-09-24", "2026-09-25", "2026-09-26", "2026-09-27", "2026-09-28", "2026-09-29", "2026-09-30", "2026-10-01", "2026-10-02", "2026-10-03", "2026-10-04", "2026-10-05"], "daily_precip_mm": [0.0, 0.0, 0.0, 0.0, 0.0, 0.0, 0.0, 0.0, 0.0, 0.0, 0.0, 0.0, 0.0, 0.0, 0.0, 0.0, 0.0], "daily_temp_mean_c": [20.9, 22.0, 22.4, 20.9, 18.5, 18.6, 19.4, 17.7, 18.6, 18.9, 19.3, 19.3, 19.7, 19.2, 17.8, 17.2, 17.0], "daily_et0_mm": [3.0, 3.6, 3.3, 4.2, 3.5, 3.2, 3.9, 3.3, 3.4, 3.4, 3.4, 3.3, 2.8, 4.0, 3.6, 2.9, 2.5]}}, {"type": "Feature", "geometry": {"type": "Point", "coordinates": [11.3, 45.0]}, "properties": {"lat": 45.0, "lon": 11.3, "rain_source": "pluviometri", "rain_gauge_count": 3, "rain_gauge_km": 1.7, "elevation_m": 11.0, "veg_class": "none", "vegetation_score": 0.1, "habitat_score": 0.053, "last_rain_date": null, "days_since_rain": null, "rain_7d_mm": 0.2, "et0_7d_mm": 22.4, "humidity_pct": 76, "humidity_min_pct": 17, "soil_moisture": 0.166, "soil_moisture_deep": 0.185, "soil_temp_c": 19.0, "weather_score": 0.186, "daily_dates": ["2026-09-19", "2026-09-20", "2026-09-21", "2026-09-22", "2026-09-23", "2026-09-24", "2026-09-25", "2026-09-26", "2026-09-27", "2026-09-28", "2026-09-29", "2026-09-30", "2026-10-01", "2026-10-02", "2026-10-03", "2026-10-04", "2026-10-05"], "daily_precip_mm": [0.0, 0.0, 0.0, 0.0, 0.0, 0.0, 0.0, 0.0, 0.0, 0.0, 0.0, 0.0, 0.0, 0.0, 0.0, 0.0, 0.2], "daily_temp_mean_c": [20.9, 22.3, 22.1, 20.3, 17.9, 18.1, 18.7, 17.5, 18.5, 18.8, 19.2, 19.4, 19.5, 18.5, 17.8, 17.1, 17.6], "daily_et0_mm": [3.0, 3.5, 3.3, 3.9, 3.2, 3.0, 3.6, 3.2, 3.2, 3.3, 3.4, 3.2, 2.9, 3.9, 3.4, 2.9, 2.7]}}, {"type": "Feature", "geometry": {"type": "Point", "coordinates": [11.6, 45.0]}, "properties": {"lat": 45.0, "lon": 11.6, "rain_source": "pluviometri", "rain_gauge_count": 3, "rain_gauge_km": 12.4, "elevation_m": 4.0, "veg_class": "none", "vegetation_score": 0.1, "habitat_score": 0.045, "last_rain_date": null, "days_since_rain": null, "rain_7d_mm": 0.0, "et0_7d_mm": 22.4, "humidity_pct": 76, "humidity_min_pct": 17, "soil_moisture": 0.166, "soil_moisture_deep": 0.185, "soil_temp_c": 19.0, "weather_score": 0.184, "daily_dates": ["2026-09-19", "2026-09-20", "2026-09-21", "2026-09-22", "2026-09-23", "2026-09-24", "2026-09-25", "2026-09-26", "2026-09-27", "2026-09-28", "2026-09-29", "2026-09-30", "2026-10-01", "2026-10-02", "2026-10-03", "2026-10-04", "2026-10-05"], "daily_precip_mm": [0.1, 0.0, 0.0, 0.0, 0.0, 0.0, 0.0, 0.0, 0.0, 0.0, 0.0, 0.0, 0.0, 0.0, 0.0, 0.0, 0.0], "daily_temp_mean_c": [20.9, 22.3, 22.1, 20.3, 17.9, 18.1, 18.7, 17.5, 18.5, 18.8, 19.2, 19.4, 19.5, 18.5, 17.8, 17.1, 17.6], "daily_et0_mm": [3.0, 3.5, 3.3, 3.9, 3.2, 3.0, 3.6, 3.2, 3.2, 3.3, 3.4, 3.2, 2.9, 3.9, 3.4, 2.9, 2.7]}}, {"type": "Feature", "geometry": {"type": "Point", "coordinates": [7.4, 45.3]}, "properties": {"lat": 45.3, "lon": 7.4, "rain_source": "pluviometri", "rain_gauge_count": 3, "rain_gauge_km": 4.1, "elevation_m": 647.0, "veg_class": "none", "vegetation_score": 0.1, "habitat_score": 0.1, "last_rain_date": null, "days_since_rain": null, "rain_7d_mm": 0.3, "et0_7d_mm": 10.7, "humidity_pct": 88, "humidity_min_pct": 57, "soil_moisture": 0.173, "soil_moisture_deep": 0.182, "soil_temp_c": 11.4, "weather_score": 0.223, "daily_dates": ["2026-09-19", "2026-09-20", "2026-09-21", "2026-09-22", "2026-09-23", "2026-09-24", "2026-09-25", "2026-09-26", "2026-09-27", "2026-09-28", "2026-09-29", "2026-09-30", "2026-10-01", "2026-10-02", "2026-10-03", "2026-10-04", "2026-10-05"], "daily_precip_mm": [0.0, 0.0, 0.0, 0.0, 0.0, 0.0, 0.0, 0.0, 0.0, 0.0, 0.0, 0.0, 0.3, 0.0, 0.0, 0.0, 0.0], "daily_temp_mean_c": [13.7, 16.0, 18.0, 14.8, 13.3, 16.1, 12.4, 13.1, 13.3, 14.1, 13.5, 12.9, 13.1, 14.0, 12.8, 12.8, 13.3], "daily_et0_mm": [2.5, 3.2, 3.5, 2.9, 2.4, 3.2, 1.6, 1.9, 2.5, 2.7, 1.4, 0.8, 0.8, 1.6, 1.5, 2.3, 2.3]}}, {"type": "Feature", "geometry": {"type": "Point", "coordinates": [7.7, 45.3]}, "properties": {"lat": 45.3, "lon": 7.7, "rain_source": "pluviometri", "rain_gauge_count": 3, "rain_gauge_km": 3.2, "elevation_m": 281.0, "veg_class": "none", "vegetation_score": 0.1, "habitat_score": 0.1, "last_rain_date": null, "days_since_rain": null, "rain_7d_mm": 0.3, "et0_7d_mm": 10.7, "humidity_pct": 88, "humidity_min_pct": 57, "soil_moisture": 0.173, "soil_moisture_deep": 0.182, "soil_temp_c": 11.4, "weather_score": 0.223, "daily_dates": ["2026-09-19", "2026-09-20", "2026-09-21", "2026-09-22", "2026-09-23", "2026-09-24", "2026-09-25", "2026-09-26", "2026-09-27", "2026-09-28", "2026-09-29", "2026-09-30", "2026-10-01", "2026-10-02", "2026-10-03", "2026-10-04", "2026-10-05"], "daily_precip_mm": [0.0, 0.0, 0.0, 0.0, 0.0, 0.0, 0.0, 0.0, 0.0, 0.0, 0.0, 0.3, 0.0, 0.0, 0.0, 0.0, 0.0], "daily_temp_mean_c": [13.7, 16.0, 18.0, 14.8, 13.3, 16.1, 12.4, 13.1, 13.3, 14.1, 13.5, 12.9, 13.1, 14.0, 12.8, 12.8, 13.3], "daily_et0_mm": [2.5, 3.2, 3.5, 2.9, 2.4, 3.2, 1.6, 1.9, 2.5, 2.7, 1.4, 0.8, 0.8, 1.6, 1.5, 2.3, 2.3]}}, {"type": "Feature", "geometry": {"type": "Point", "coordinates": [8.0, 45.3]}, "properties": {"lat": 45.3, "lon": 8.0, "rain_source": "pluviometri", "rain_gauge_count": 3, "rain_gauge_km": 8.3, "elevation_m": 245.0, "veg_class": "none", "vegetation_score": 0.1, "habitat_score": 0.1, "last_rain_date": null, "days_since_rain": null, "rain_7d_mm": 0.0, "et0_7d_mm": 15.3, "humidity_pct": 74, "humidity_min_pct": 44, "soil_moisture": 0.242, "soil_moisture_deep": 0.259, "soil_temp_c": 16.9, "weather_score": 0.247, "daily_dates": ["2026-09-19", "2026-09-20", "2026-09-21", "2026-09-22", "2026-09-23", "2026-09-24", "2026-09-25", "2026-09-26", "2026-09-27", "2026-09-28", "2026-09-29", "2026-09-30", "2026-10-01", "2026-10-02", "2026-10-03", "2026-10-04", "2026-10-05"], "daily_precip_mm": [0.0, 0.0, 0.0, 0.0, 0.0, 0.0, 0.0, 0.0, 0.0, 0.0, 0.0, 0.0, 0.0, 0.0, 0.0, 0.0, 0.0], "daily_temp_mean_c": [19.3, 20.2, 22.1, 20.0, 18.7, 17.6, 17.4, 18.1, 18.0, 18.7, 18.6, 18.6, 18.6, 18.9, 17.7, 17.8, 18.1], "daily_et0_mm": [2.7, 3.1, 3.5, 2.6, 3.2, 2.7, 1.8, 2.5, 2.9, 3.0, 1.9, 1.8, 1.4, 2.4, 2.5, 2.8, 2.7]}}, {"type": "Feature", "geometry": {"type": "Point", "coordinates": [8.3, 45.3]}, "properties": {"lat": 45.3, "lon": 8.3, "rain_source": "pluviometri", "rain_gauge_count": 3, "rain_gauge_km": 7.5, "elevation_m": 143.0, "veg_class": "none", "vegetation_score": 0.1, "habitat_score": 0.1, "last_rain_date": null, "days_since_rain": null, "rain_7d_mm": 0.1, "et0_7d_mm": 17.3, "humidity_pct": 80, "humidity_min_pct": 37, "soil_moisture": 0.206, "soil_moisture_deep": 0.229, "soil_temp_c": 17.5, "weather_score": 0.233, "daily_dates": ["2026-09-19", "2026-09-20", "2026-09-21", "2026-09-22", "2026-09-23", "2026-09-24", "2026-09-25", "2026-09-26", "2026-09-27", "2026-09-28", "2026-09-29", "2026-09-30", "2026-10-01", "2026-10-02", "2026-10-03", "2026-10-04", "2026-10-05"], "daily_precip_mm": [0.1, 0.1, 0.1, 0.1, 0.0, 0.0, 0.0, 0.0, 0.0, 0.0, 0.0, 0.1, 0.0, 0.0, 0.0, 0.0, 0.0], "daily_temp_mean_c": [19.9, 20.5, 21.4, 19.6, 19.4, 17.1, 18.5, 18.8, 17.9, 18.1, 19.0, 18.6, 19.2, 18.7, 17.2, 16.3, 16.9], "daily_et0_mm": [3.0, 3.1, 3.4, 3.2, 3.4, 2.6, 2.2, 2.8, 2.9, 2.9, 2.7, 2.3, 1.9, 2.6, 2.5, 2.7, 2.6]}}, {"type": "Feature", "geometry": {"type": "Point", "coordinates": [8.6, 45.3]}, "properties": {"lat": 45.3, "lon": 8.6, "rain_source": "pluviometri", "rain_gauge_count": 3, "rain_gauge_km": 9.8, "elevation_m": 118.0, "veg_class": "none", "vegetation_score": 0.1, "habitat_score": 0.1, "last_rain_date": null, "days_since_rain": null, "rain_7d_mm": 0.0, "et0_7d_mm": 17.3, "humidity_pct": 80, "humidity_min_pct": 37, "soil_moisture": 0.206, "soil_moisture_deep": 0.229, "soil_temp_c": 17.5, "weather_score": 0.233, "daily_dates": ["2026-09-19", "2026-09-20", "2026-09-21", "2026-09-22", "2026-09-23", "2026-09-24", "2026-09-25", "2026-09-26", "2026-09-27", "2026-09-28", "2026-09-29", "2026-09-30", "2026-10-01", "2026-10-02", "2026-10-03", "2026-10-04", "2026-10-05"], "daily_precip_mm": [0.0, 0.0, 0.1, 0.0, 0.0, 0.0, 0.0, 0.0, 0.0, 0.1, 0.0, 0.0, 0.0, 0.0, 0.0, 0.0, 0.0], "daily_temp_mean_c": [19.9, 20.5, 21.4, 19.6, 19.4, 17.1, 18.5, 18.8, 17.9, 18.1, 19.0, 18.6, 19.2, 18.7, 17.2, 16.3, 16.9], "daily_et0_mm": [3.0, 3.1, 3.4, 3.2, 3.4, 2.6, 2.2, 2.8, 2.9, 2.9, 2.7, 2.3, 1.9, 2.6, 2.5, 2.7, 2.6]}}, {"type": "Feature", "geometry": {"type": "Point", "coordinates": [8.9, 45.3]}, "properties": {"lat": 45.3, "lon": 8.9, "rain_source": "pluviometri", "rain_gauge_count": 3, "rain_gauge_km": 4.9, "elevation_m": 96.0, "veg_class": "none", "vegetation_score": 0.1, "habitat_score": 0.1, "last_rain_date": null, "days_since_rain": null, "rain_7d_mm": 0.1, "et0_7d_mm": 18.3, "humidity_pct": 70, "humidity_min_pct": 29, "soil_moisture": 0.233, "soil_moisture_deep": 0.272, "soil_temp_c": 18.9, "weather_score": 0.236, "daily_dates": ["2026-09-19", "2026-09-20", "2026-09-21", "2026-09-22", "2026-09-23", "2026-09-24", "2026-09-25", "2026-09-26", "2026-09-27", "2026-09-28", "2026-09-29", "2026-09-30", "2026-10-01", "2026-10-02", "2026-10-03", "2026-10-04", "2026-10-05"], "daily_precip_mm": [0.0, 0.0, 0.1, 0.0, 0.0, 0.0, 0.0, 0.0, 0.0, 0.0, 0.1, 0.0, 0.0, 0.0, 0.0, 0.0, 0.0], "daily_temp_mean_c": [20.9, 21.3, 22.2, 20.8, 20.1, 18.8, 19.4, 19.9, 19.0, 19.4, 19.9, 19.7, 19.9, 19.6, 19.0, 17.5, 18.2], "daily_et0_mm": [3.1, 3.3, 3.3, 3.5, 3.6, 2.8, 2.7, 3.0, 2.9, 3.0, 3.1, 2.4, 2.1, 2.8, 2.8, 2.8, 2.4]}}, {"type": "Feature", "geometry": {"type": "Point", "coordinates": [9.2, 45.3]}, "properties": {"lat": 45.3, "lon": 9.2, "rain_source": "misto", "rain_gauge_count": 3, "rain_gauge_km": 5.7, "elevation_m": 88.0, "veg_class": "none", "vegetation_score": 0.1, "habitat_score": 0.1, "last_rain_date": null, "days_since_rain": null, "rain_7d_mm": 0.0, "et0_7d_mm": 18.3, "humidity_pct": 70, "humidity_min_pct": 29, "soil_moisture": 0.233, "soil_moisture_deep": 0.272, "soil_temp_c": 18.9, "weather_score": 0.235, "daily_dates": ["2026-09-19", "2026-09-20", "2026-09-21", "2026-09-22", "2026-09-23", "2026-09-24", "2026-09-25", "2026-09-26", "2026-09-27", "2026-09-28", "2026-09-29", "2026-09-30", "2026-10-01", "2026-10-02", "2026-10-03", "2026-10-04", "2026-10-05"], "daily_precip_mm": [0.0, 0.1, 0.0, 0.0, 0.0, 0.0, 0.0, 0.0, 0.0, 0.0, 0.0, 0.0, 0.0, 0.0, 0.0, 0.0, 0.0], "daily_temp_mean_c": [20.9, 21.3, 22.2, 20.8, 20.1, 18.8, 19.4, 19.9, 19.0, 19.4, 19.9, 19.7, 19.9, 19.6, 19.0, 17.5, 18.2], "daily_et0_mm": [3.1, 3.3, 3.3, 3.5, 3.6, 2.8, 2.7, 3.0, 2.9, 3.0, 3.1, 2.4, 2.1, 2.8, 2.8, 2.8, 2.4]}}, {"type": "Feature", "geometry": {"type": "Point", "coordinates": [9.5, 45.3]}, "properties": {"lat": 45.3, "lon": 9.5, "rain_source": "misto", "rain_gauge_count": 3, "rain_gauge_km": 2.2, "elevation_m": 78.0, "veg_class": "none", "vegetation_score": 0.1, "habitat_score": 0.1, "last_rain_date": null, "days_since_rain": null, "rain_7d_mm": 0.1, "et0_7d_mm": 17.9, "humidity_pct": 83, "humidity_min_pct": 32, "soil_moisture": 0.224, "soil_moisture_deep": 0.266, "soil_temp_c": 17.0, "weather_score": 0.264, "daily_dates": ["2026-09-19", "2026-09-20", "2026-09-21", "2026-09-22", "2026-09-23", "2026-09-24", "2026-09-25", "2026-09-26", "2026-09-27", "2026-09-28", "2026-09-29", "2026-09-30", "2026-10-01", "2026-10-02", "2026-10-03", "2026-10-04", "2026-10-05"], "daily_precip_mm": [0.0, 0.0, 0.0, 0.0, 0.0, 0.0, 0.0, 0.0, 0.0, 0.0, 0.0, 0.0, 0.0, 0.0, 0.0, 0.0, 0.1], "daily_temp_mean_c": [20.8, 21.0, 20.9, 19.9, 19.2, 18.1, 18.8, 19.0, 18.1, 18.4, 19.0, 19.0, 19.2, 18.9, 18.3, 16.6, 16.7], "daily_et0_mm": [3.1, 3.2, 3.1, 3.3, 3.4, 2.9, 2.5, 3.0, 3.0, 3.0, 3.0, 2.3, 2.2, 2.8, 2.8, 2.7, 2.0]}}, {"type": "Feature", "geometry": {"type": "Point", "coordinates": [9.8, 45.3]}, "properties": {"lat": 45.3, "lon": 9.8, "rain_source": "misto", "rain_gauge_count": 3, "rain_gauge_km": 10.5, "elevation_m": 67.0, "veg_class": "none", "vegetation_score": 0.1, "habitat_score": 0.1, "last_rain_date": null, "days_since_rain": null, "rain_7d_mm": 0.0, "et0_7d_mm": 18.5, "humidity_pct": 86, "humidity_min_pct": 33, "soil_moisture": 0.224, "soil_moisture_deep": 0.27, "soil_temp_c": 17.0, "weather_score": 0.273, "daily_dates": ["2026-09-19", "2026-09-20", "2026-09-21", "2026-09-22", "2026-09-23", "2026-09-24", "2026-09-25", "2026-09-26", "2026-09-27", "2026-09-28", "2026-09-29", "2026-09-30", "2026-10-01", "2026-10-02", "2026-10-03", "2026-10-04", "2026-10-05"], "daily_precip_mm": [0.0, 0.0, 0.0, 0.0, 0.0, 0.0, 0.0, 0.0, 0.0, 0.0, 0.0, 0.0, 0.0, 0.0, 0.0, 0.0, 0.0], "daily_temp_mean_c": [20.8, 21.4, 21.1, 19.9, 19.2, 17.8, 18.7, 18.4, 17.6, 18.4, 18.6, 19.0, 19.1, 18.8, 17.5, 16.6, 16.6], "daily_et0_mm": [3.0, 3.4, 3.0, 3.4, 3.4, 2.7, 2.7, 3.0, 3.0, 3.0, 3.0, 2.8, 2.2, 2.9, 2.9, 2.7, 1.9]}}, {"type": "Feature", "geometry": {"type": "Point", "coordinates": [10.1, 45.3]}, "properties": {"lat": 45.3, "lon": 10.1, "rain_source": "misto", "rain_gauge_count": 3, "rain_gauge_km": 7.5, "elevation_m": 60.0, "veg_class": "none", "vegetation_score": 0.1, "habitat_score": 0.1, "last_rain_date": null, "days_since_rain": null, "rain_7d_mm": 0.2, "et0_7d_mm": 18.5, "humidity_pct": 86, "humidity_min_pct": 33, "soil_moisture": 0.224, "soil_moisture_deep": 0.27, "soil_temp_c": 17.0, "weather_score": 0.274, "daily_dates": ["2026-09-19", "2026-09-20", "2026-09-21", "2026-09-22", "2026-09-23", "2026-09-24", "2026-09-25", "2026-09-26", "2026-09-27", "2026-09-28", "2026-09-29", "2026-09-30", "2026-10-01", "2026-10-02", "2026-10-03", "2026-10-04", "2026-10-05"], "daily_precip_mm": [0.0, 0.0, 0.0, 0.0, 0.0, 0.0, 0.0, 0.0, 0.0, 0.0, 0.0, 0.0, 0.0, 0.0, 0.0, 0.0, 0.2], "daily_temp_mean_c": [20.8, 21.4, 21.1, 19.9, 19.2, 17.8, 18.7, 18.4, 17.6, 18.4, 18.6, 19.0, 19.1, 18.8, 17.5, 16.6, 16.6], "daily_et0_mm": [3.0, 3.4, 3.0, 3.4, 3.4, 2.7, 2.7, 3.0, 3.0, 3.0, 3.0, 2.8, 2.2, 2.9, 2.9, 2.7, 1.9]}}, {"type": "Feature", "geometry": {"type": "Point", "coordinates": [10.4, 45.3]}, "properties": {"lat": 45.3, "lon": 10.4, "rain_source": "misto", "rain_gauge_count": 3, "rain_gauge_km": 8.3, "elevation_m": 52.0, "veg_class": "none", "vegetation_score": 0.1, "habitat_score": 0.1, "last_rain_date": null, "days_since_rain": null, "rain_7d_mm": 0.2, "et0_7d_mm": 19.4, "humidity_pct": 60, "humidity_min_pct": 34, "soil_moisture": 0.266, "soil_moisture_deep": 0.242, "soil_temp_c": 16.1, "weather_score": 0.219, "daily_dates": ["2026-09-19", "2026-09-20", "2026-09-21", "2026-09-22", "2026-09-23", "2026-09-24", "2026-09-25", "2026-09-26", "2026-09-27", "2026-09-28", "2026-09-29", "2026-09-30", "2026-10-01", "2026-10-02", "2026-10-03", "2026-10-04", "2026-10-05"], "daily_precip_mm": [0.0, 0.0, 0.0, 0.0, 0.0, 0.0, 0.0, 0.0, 0.0, 0.0, 0.0, 0.0, 0.0, 0.0, 0.0, 0.0, 0.2], "daily_temp_mean_c": [21.3, 22.1, 22.7, 21.0, 19.4, 18.5, 18.9, 18.4, 19.1, 19.7, 20.0, 19.7, 20.2, 20.2, 18.9, 18.5, 17.6], "daily_et0_mm": [3.1, 3.7, 3.2, 3.6, 3.1, 2.9, 2.6, 3.0, 3.1, 3.0, 3.1, 2.7, 2.6, 3.2, 3.0, 3.1, 1.6]}}, {"type": "Feature", "geometry": {"type": "Point", "coordinates": [10.7, 45.3]}, "properties": {"lat": 45.3, "lon": 10.7, "rain_source": "misto", "rain_gauge_count": 3, "rain_gauge_km": 4.9, "elevation_m": 61.0, "veg_class": "none", "vegetation_score": 0.1, "habitat_score": 0.1, "last_rain_date": null, "days_since_rain": null, "rain_7d_mm": 0.0, "et0_7d_mm": 19.4, "humidity_pct": 60, "humidity_min_pct": 34, "soil_moisture": 0.266, "soil_moisture_deep": 0.242, "soil_temp_c": 16.1, "weather_score": 0.218, "daily_dates": ["2026-09-19", "2026-09-20", "2026-09-21", "2026-09-22", "2026-09-23", "2026-09-24", "2026-09-25", "2026-09-26", "2026-09-27", "2026-09-28", "2026-09-29", "2026-09-30", "2026-10-01", "2026-10-02", "2026-10-03", "2026-10-04", "2026-10-05"], "daily_precip_mm": [0.0, 0.0, 0.0, 0.0, 0.0, 0.0, 0.0, 0.0, 0.0, 0.0, 0.0, 0.0, 0.0, 0.0, 0.0, 0.0, 0.0], "daily_temp_mean_c": [21.3, 22.1, 22.7, 21.0, 19.4, 18.5, 18.9, 18.4, 19.1, 19.7, 20.0, 19.7, 20.2, 20.2, 18.9, 18.5, 17.6], "daily_et0_mm": [3.1, 3.7, 3.2, 3.6, 3.1, 2.9, 2.6, 3.0, 3.1, 3.0, 3.1, 2.7, 2.6, 3.2, 3.0, 3.1, 1.6]}}, {"type": "Feature", "geometry": {"type": "Point", "coordinates": [11.0, 45.3]}, "properties": {"lat": 45.3, "lon": 11.0, "rain_source": "misto", "rain_gauge_count": 3, "rain_gauge_km": 15.2, "elevation_m": 30.0, "veg_class": "none", "vegetation_score": 0.1, "habitat_score": 0.076, "last_rain_date": null, "days_since_rain": null, "rain_7d_mm": 0.0, "et0_7d_mm": 22.8, "humidity_pct": 89, "humidity_min_pct": 31, "soil_moisture": 0.136, "soil_moisture_deep": 0.166, "soil_temp_c": 16.4, "weather_score": 0.196, "daily_dates": ["2026-09-19", "2026-09-20", "2026-09-21", "2026-09-22", "2026-09-23", "2026-09-24", "2026-09-25", "2026-09-26", "2026-09-27", "2026-09-28", "2026-09-29", "2026-09-30", "2026-10-01", "2026-10-02", "2026-10-03", "2026-10-04", "2026-10-05"], "daily_precip_mm": [0.1, 0.0, 0.1, 0.0, 0.0, 0.0, 0.0, 0.0, 0.0, 0.0, 0.0, 0.0, 0.0, 0.0, 0.0, 0.0, 0.0], "daily_temp_mean_c": [19.2, 20.4, 20.7, 19.4, 17.5, 16.3, 16.8, 16.5, 16.9, 17.1, 18.0, 17.9, 18.8, 18.2, 16.8, 16.1, 16.2], "daily_et0_mm": [3.1, 3.6, 3.3, 3.9, 2.6, 2.8, 2.5, 3.1, 3.3, 3.2, 3.6, 3.3, 3.2, 3.6, 3.7, 3.4, 2.0]}}, {"type": "Feature", "geometry": {"type": "Point", "coordinates": [11.3, 45.3]}, "properties": {"lat": 45.3, "lon": 11.3, "rain_source": "modello", "rain_gauge_count": 0, "rain_gauge_km": null, "elevation_m": 22.0, "veg_class": "none", "vegetation_score": 0.1, "habitat_score": 0.066, "last_rain_date": null, "days_since_rain": null, "rain_7d_mm": 0.0, "et0_7d_mm": 18.7, "humidity_pct": 72, "humidity_min_pct": 25, "soil_moisture": 0.217, "soil_moisture_deep": 0.243, "soil_temp_c": 15.7, "weather_score": 0.222, "daily_dates": ["2026-09-19", "2026-09-20", "2026-09-21", "2026-09-22", "2026-09-23", "2026-09-24", "2026-09-25", "2026-09-26", "2026-09-27", "2026-09-28", "2026-09-29", "2026-09-30", "2026-10-01", "2026-10-02", "2026-10-03", "2026-10-04", "2026-10-05"], "daily_precip_mm": [0.0, 0.0, 0.0, 0.0, 0.0, 0.0, 0.0, 0.0, 0.0, 0.0, 0.0, 0.0, 0.0, 0.0, 0.0, 0.0, 0.0], "daily_temp_mean_c": [21.0, 21.8, 21.6, 19.6, 17.3, 17.0, 17.4, 17.8, 18.0, 18.4, 19.0, 19.5, 20.4, 18.6, 17.9, 16.8, 16.4], "daily_et0_mm": [3.1, 3.4, 3.0, 3.4, 2.4, 2.6, 2.9, 2.8, 2.9, 2.9, 3.1, 3.0, 2.3, 3.0, 3.0, 2.7, 1.7]}}, {"type": "Feature", "geometry": {"type": "Point", "coordinates": [11.6, 45.3]}, "properties": {"lat": 45.3, "lon": 11.6, "rain_source": "modello", "rain_gauge_count": 0, "rain_gauge_km": null, "elevation_m": 9.0, "veg_class": "none", "vegetation_score": 0.1, "habitat_score": 0.051, "last_rain_date": null, "days_since_rain": null, "rain_7d_mm": 0.0, "et0_7d_mm": 18.7, "humidity_pct": 72, "humidity_min_pct": 25, "soil_moisture": 0.217, "soil_moisture_deep": 0.243, "soil_temp_c": 15.7, "weather_score": 0.222, "daily_dates": ["2026-09-19", "2026-09-20", "2026-09-21", "2026-09-22", "2026-09-23", "2026-09-24", "2026-09-25", "2026-09-26", "2026-09-27", "2026-09-28", "2026-09-29", "2026-09-30", "2026-10-01", "2026-10-02", "2026-10-03", "2026-10-04", "2026-10-05"], "daily_precip_mm": [0.0, 0.0, 0.0, 0.0, 0.0, 0.0, 0.0, 0.0, 0.0, 0.0, 0.0, 0.0, 0.0, 0.0, 0.0, 0.0, 0.0], "daily_temp_mean_c": [21.0, 21.8, 21.6, 19.6, 17.3, 17.0, 17.4, 17.8, 18.0, 18.4, 19.0, 19.5, 20.4, 18.6, 17.9, 16.8, 16.4], "daily_et0_mm": [3.1, 3.4, 3.0, 3.4, 2.4, 2.6, 2.9, 2.8, 2.9, 2.9, 3.1, 3.0, 2.3, 3.0, 3.0, 2.7, 1.7]}}, {"type": "Feature", "geometry": {"type": "Point", "coordinates": [11.9, 45.3]}, "properties": {"lat": 45.3, "lon": 11.9, "rain_source": "modello", "rain_gauge_count": 0, "rain_gauge_km": null, "elevation_m": 5.0, "veg_class": "none", "vegetation_score": 0.1, "habitat_score": 0.046, "last_rain_date": null, "days_since_rain": null, "rain_7d_mm": 0.0, "et0_7d_mm": 20.3, "humidity_pct": 79, "humidity_min_pct": 27, "soil_moisture": 0.225, "soil_moisture_deep": 0.263, "soil_temp_c": 16.0, "weather_score": 0.252, "daily_dates": ["2026-09-19", "2026-09-20", "2026-09-21", "2026-09-22", "2026-09-23", "2026-09-24", "2026-09-25", "2026-09-26", "2026-09-27", "2026-09-28", "2026-09-29", "2026-09-30", "2026-10-01", "2026-10-02", "2026-10-03", "2026-10-04", "2026-10-05"], "daily_precip_mm": [0.2, 0.0, 0.0, 0.0, 0.0, 0.0, 0.0, 0.0, 0.0, 0.0, 0.0, 0.0, 0.0, 0.0, 0.0, 0.0, 0.0], "daily_temp_mean_c": [21.2, 21.6, 21.5, 19.4, 16.8, 17.1, 17.3, 17.1, 17.9, 18.4, 18.8, 18.8, 19.9, 18.3, 17.6, 16.6, 16.1], "daily_et0_mm": [3.2, 3.3, 3.0, 4.0, 2.5, 2.6, 3.2, 2.8, 3.0, 2.9, 3.1, 3.0, 2.8, 3.6, 3.4, 2.7, 1.7]}}, {"type": "Feature", "geometry": {"type": "Point", "coordinates": [7.1, 45.6]}, "properties": {"lat": 45.6, "lon": 7.1, "rain_source": "pluviometri", "rain_gauge_count": 3, "rain_gauge_km": 15.0, "elevation_m": 2861.0, "veg_class": "none", "vegetation_score": 0.1, "habitat_score": 0.015, "last_rain_date": "2026-10-01", "days_since_rain": 4, "rain_7d_mm": 2.4, "et0_7d_mm": 10.7, "humidity_pct": 88, "humidity_min_pct": 57, "soil_moisture": 0.173, "soil_moisture_deep": 0.182, "soil_temp_c": 11.4, "weather_score": 0.54, "daily_dates": ["2026-09-19", "2026-09-20", "2026-09-21", "2026-09-22", "2026-09-23", "2026-09-24", "2026-09-25", "2026-09-26", "2026-09-27", "2026-09-28", "2026-09-29", "2026-09-30", "2026-10-01", "2026-10-02", "2026-10-03", "2026-10-04", "2026-10-05"], "daily_precip_mm": [0.0, 0.0, 0.0, 0.0, 0.0, 0.0, 0.0, 0.0, 0.0, 0.0, 0.0, 0.7, 1.2, 0.2, 0.1, 0.0, 0.0], "daily_temp_mean_c": [13.7, 16.0, 18.0, 14.8, 13.3, 16.1, 12.4, 13.1, 13.3, 14.1, 13.5, 12.9, 13.1, 14.0, 12.8, 12.8, 13.3], "daily_et0_mm": [2.5, 3.2, 3.5, 2.9, 2.4, 3.2, 1.6, 1.9, 2.5, 2.7, 1.4, 0.8, 0.8, 1.6, 1.5, 2.3, 2.3]}}, {"type": "Feature", "geometry": {"type": "Point", "coordinates": [7.4, 45.6]}, "properties": {"lat": 45.6, "lon": 7.4, "rain_source": "pluviometri", "rain_gauge_count": 3, "rain_gauge_km": 11.7, "elevation_m": 2165.0, "veg_class": "shrub", "vegetation_score": 0.5, "habitat_score": 0.075, "last_rain_date": null, "days_since_rain": null, "rain_7d_mm": 1.1, "et0_7d_mm": 10.7, "humidity_pct": 88, "humidity_min_pct": 57, "soil_moisture": 0.173, "soil_moisture_deep": 0.182, "soil_temp_c": 11.4, "weather_score": 0.229, "daily_dates": ["2026-09-19", "2026-09-20", "2026-09-21", "2026-09-22", "2026-09-23", "2026-09-24", "2026-09-25", "2026-09-26", "2026-09-27", "2026-09-28", "2026-09-29", "2026-09-30", "2026-10-01", "2026-10-02", "2026-10-03", "2026-10-04", "2026-10-05"], "daily_precip_mm": [0.1, 0.0, 0.0, 0.0, 0.1, 0.0, 0.0, 0.0, 0.0, 0.0, 0.0, 0.2, 0.2, 0.1, 0.0, 0.1, 0.4], "daily_temp_mean_c": [13.7, 16.0, 18.0, 14.8, 13.3, 16.1, 12.4, 13.1, 13.3, 14.1, 13.5, 12.9, 13.1, 14.0, 12.8, 12.8, 13.3], "daily_et0_mm": [2.5, 3.2, 3.5, 2.9, 2.4, 3.2, 1.6, 1.9, 2.5, 2.7, 1.4, 0.8, 0.8, 1.6, 1.5, 2.3, 2.3]}}, {"type": "Feature", "geometry": {"type": "Point", "coordinates": [7.7, 45.6]}, "properties": {"lat": 45.6, "lon": 7.7, "rain_source": "pluviometri", "rain_gauge_count": 3, "rain_gauge_km": 8.0, "elevation_m": 1032.0, "veg_class": "mixed", "vegetation_score": 1.0, "habitat_score": 1.0, "last_rain_date": null, "days_since_rain": null, "rain_7d_mm": 0.1, "et0_7d_mm": 10.7, "humidity_pct": 88, "humidity_min_pct": 57, "soil_moisture": 0.173, "soil_moisture_deep": 0.182, "soil_temp_c": 11.4, "weather_score": 0.221, "daily_dates": ["2026-09-19", "2026-09-20", "2026-09-21", "2026-09-22", "2026-09-23", "2026-09-24", "2026-09-25", "2026-09-26", "2026-09-27", "2026-09-28", "2026-09-29", "2026-09-30", "2026-10-01", "2026-10-02", "2026-10-03", "2026-10-04", "2026-10-05"], "daily_precip_mm": [0.0, 0.0, 0.0, 0.0, 0.0, 0.0, 0.0, 0.0, 0.0, 0.0, 0.0, 0.1, 0.0, 0.0, 0.0, 0.0, 0.0], "daily_temp_mean_c": [13.7, 16.0, 18.0, 14.8, 13.3, 16.1, 12.4, 13.1, 13.3, 14.1, 13.5, 12.9, 13.1, 14.0, 12.8, 12.8, 13.3], "daily_et0_mm": [2.5, 3.2, 3.5, 2.9, 2.4, 3.2, 1.6, 1.9, 2.5, 2.7, 1.4, 0.8, 0.8, 1.6, 1.5, 2.3, 2.3]}}, {"type": "Feature", "geometry": {"type": "Point", "coordinates": [8.0, 45.6]}, "properties": {"lat": 45.6, "lon": 8.0, "rain_source": "pluviometri", "rain_gauge_count": 3, "rain_gauge_km": 3.3, "elevation_m": 840.0, "veg_class": "mixed", "vegetation_score": 1.0, "habitat_score": 1.0, "last_rain_date": null, "days_since_rain": null, "rain_7d_mm": 0.0, "et0_7d_mm": 15.3, "humidity_pct": 74, "humidity_min_pct": 44, "soil_moisture": 0.242, "soil_moisture_deep": 0.259, "soil_temp_c": 16.9, "weather_score": 0.247, "daily_dates": ["2026-09-19", "2026-09-20", "2026-09-21", "2026-09-22", "2026-09-23", "2026-09-24", "2026-09-25", "2026-09-26", "2026-09-27", "2026-09-28", "2026-09-29", "2026-09-30", "2026-10-01", "2026-10-02", "2026-10-03", "2026-10-04", "2026-10-05"], "daily_precip_mm": [0.0, 0.0, 0.0, 0.0, 0.0, 0.0, 0.1, 0.0, 0.0, 0.0, 0.0, 0.0, 0.0, 0.0, 0.0, 0.0, 0.0], "daily_temp_mean_c": [19.3, 20.2, 22.1, 20.0, 18.7, 17.6, 17.4, 18.1, 18.0, 18.7, 18.6, 18.6, 18.6, 18.9, 17.7, 17.8, 18.1], "daily_et0_mm": [2.7, 3.1, 3.5, 2.6, 3.2, 2.7, 1.8, 2.5, 2.9, 3.0, 1.9, 1.8, 1.4, 2.4, 2.5, 2.8, 2.7]}}, {"type": "Feature", "geometry": {"type": "Point", "coordinates": [8.3, 45.6]}, "properties": {"lat": 45.6, "lon": 8.3, "rain_source": "pluviometri", "rain_gauge_count": 3, "rain_gauge_km": 5.2, "elevation_m": 278.0, "veg_class": "none", "vegetation_score": 0.1, "habitat_score": 0.1, "last_rain_date": null, "days_since_rain": null, "rain_7d_mm": 0.0, "et0_7d_mm": 17.3, "humidity_pct": 80, "humidity_min_pct": 37, "soil_moisture": 0.206, "soil_moisture_deep": 0.229, "soil_temp_c": 17.5, "weather_score": 0.233, "daily_dates": ["2026-09-19", "2026-09-20", "2026-09-21", "2026-09-22", "2026-09-23", "2026-09-24", "2026-09-25", "2026-09-26", "2026-09-27", "2026-09-28", "2026-09-29", "2026-09-30", "2026-10-01", "2026-10-02", "2026-10-03", "2026-10-04", "2026-10-05"], "daily_precip_mm": [0.0, 0.0, 0.0, 0.0, 0.0, 0.0, 0.0, 0.0, 0.0, 0.0, 0.0, 0.0, 0.0, 0.0, 0.0, 0.0, 0.0], "daily_temp_mean_c": [19.9, 20.5, 21.4, 19.6, 19.4, 17.1, 18.5, 18.8, 17.9, 18.1, 19.0, 18.6, 19.2, 18.7, 17.2, 16.3, 16.9], "daily_et0_mm": [3.0, 3.1, 3.4, 3.2, 3.4, 2.6, 2.2, 2.8, 2.9, 2.9, 2.7, 2.3, 1.9, 2.6, 2.5, 2.7, 2.6]}}, {"type": "Feature", "geometry": {"type": "Point", "coordinates": [8.6, 45.6]}, "properties": {"lat": 45.6, "lon": 8.6, "rain_source": "pluviometri", "rain_gauge_count": 3, "rain_gauge_km": 5.2, "elevation_m": 228.0, "veg_class": "none", "vegetation_score": 0.1, "habitat_score": 0.1, "last_rain_date": null, "days_since_rain": null, "rain_7d_mm": 0.1, "et0_7d_mm": 17.3, "humidity_pct": 80, "humidity_min_pct": 37, "soil_moisture": 0.206, "soil_moisture_deep": 0.229, "soil_temp_c": 17.5, "weather_score": 0.233, "daily_dates": ["2026-09-19", "2026-09-20", "2026-09-21", "2026-09-22", "2026-09-23", "2026-09-24", "2026-09-25", "2026-09-26", "2026-09-27", "2026-09-28", "2026-09-29", "2026-09-30", "2026-10-01", "2026-10-02", "2026-10-03", "2026-10-04", "2026-10-05"], "daily_precip_mm": [0.0, 0.0, 0.0, 0.0, 0.0, 0.0, 0.0, 0.0, 0.0, 0.0, 0.0, 0.0, 0.0, 0.0, 0.0, 0.0, 0.0], "daily_temp_mean_c": [19.9, 20.5, 21.4, 19.6, 19.4, 17.1, 18.5, 18.8, 17.9, 18.1, 19.0, 18.6, 19.2, 18.7, 17.2, 16.3, 16.9], "daily_et0_mm": [3.0, 3.1, 3.4, 3.2, 3.4, 2.6, 2.2, 2.8, 2.9, 2.9, 2.7, 2.3, 1.9, 2.6, 2.5, 2.7, 2.6]}}, {"type": "Feature", "geometry": {"type": "Point", "coordinates": [8.9, 45.6]}, "properties": {"lat": 45.6, "lon": 8.9, "rain_source": "pluviometri", "rain_gauge_count": 3, "rain_gauge_km": 4.2, "elevation_m": 215.0, "veg_class": "none", "vegetation_score": 0.1, "habitat_score": 0.1, "last_rain_date": null, "days_since_rain": null, "rain_7d_mm": 0.0, "et0_7d_mm": 18.3, "humidity_pct": 70, "humidity_min_pct": 29, "soil_moisture": 0.233, "soil_moisture_deep": 0.272, "soil_temp_c": 18.9, "weather_score": 0.236, "daily_dates": ["2026-09-19", "2026-09-20", "2026-09-21", "2026-09-22", "2026-09-23", "2026-09-24", "2026-09-25", "2026-09-26", "2026-09-27", "2026-09-28", "2026-09-29", "2026-09-30", "2026-10-01", "2026-10-02", "2026-10-03", "2026-10-04", "2026-10-05"], "daily_precip_mm": [0.1, 0.1, 0.0, 0.0, 0.0, 0.0, 0.0, 0.0, 0.0, 0.4, 0.0, 0.0, 0.0, 0.0, 0.0, 0.0, 0.0], "daily_temp_mean_c": [20.9, 21.3, 22.2, 20.8, 20.1, 18.8, 19.4, 19.9, 19.0, 19.4, 19.9, 19.7, 19.9, 19.6, 19.0, 17.5, 18.2], "daily_et0_mm": [3.1, 3.3, 3.3, 3.5, 3.6, 2.8, 2.7, 3.0, 2.9, 3.0, 3.1, 2.4, 2.1, 2.8, 2.8, 2.8, 2.4]}}, {"type": "Feature", "geometry": {"type": "Point", "coordinates": [9.2, 45.6]}, "properties": {"lat": 45.6, "lon": 9.2, "rain_source": "misto", "rain_gauge_count": 3, "rain_gauge_km": 3.8, "elevation_m": 185.0, "veg_class": "none", "vegetation_score": 0.1, "habitat_score": 0.1, "last_rain_date": null, "days_since_rain": null, "rain_7d_mm": 0.0, "et0_7d_mm": 18.3, "humidity_pct": 70, "humidity_min_pct": 29, "soil_moisture": 0.233, "soil_moisture_deep": 0.272, "soil_temp_c": 18.9, "weather_score": 0.235, "daily_dates": ["2026-09-19", "2026-09-20", "2026-09-21", "2026-09-22", "2026-09-23", "2026-09-24", "2026-09-25", "2026-09-26", "2026-09-27", "2026-09-28", "2026-09-29", "2026-09-30", "2026-10-01", "2026-10-02", "2026-10-03", "2026-10-04", "2026-10-05"], "daily_precip_mm": [0.0, 0.0, 0.1, 0.0, 0.0, 0.0, 0.0, 0.0, 0.0, 0.0, 0.0, 0.0, 0.0, 0.0, 0.0, 0.0, 0.0], "daily_temp_mean_c": [20.9, 21.3, 22.2, 20.8, 20.1, 18.8, 19.4, 19.9, 19.0, 19.4, 19.9, 19.7, 19.9, 19.6, 19.0, 17.5, 18.2], "daily_et0_mm": [3.1, 3.3, 3.3, 3.5, 3.6, 2.8, 2.7, 3.0, 2.9, 3.0, 3.1, 2.4, 2.1, 2.8, 2.8, 2.8, 2.4]}}, {"type": "Feature", "geometry": {"type": "Point", "coordinates": [9.5, 45.6]}, "properties": {"lat": 45.6, "lon": 9.5, "rain_source": "misto", "rain_gauge_count": 3, "rain_gauge_km": 5.8, "elevation_m": 187.0, "veg_class": "none", "vegetation_score": 0.1, "habitat_score": 0.1, "last_rain_date": null, "days_since_rain": null, "rain_7d_mm": 0.1, "et0_7d_mm": 17.9, "humidity_pct": 83, "humidity_min_pct": 32, "soil_moisture": 0.224, "soil_moisture_deep": 0.266, "soil_temp_c": 17.0, "weather_score": 0.265, "daily_dates": ["2026-09-19", "2026-09-20", "2026-09-21", "2026-09-22", "2026-09-23", "2026-09-24", "2026-09-25", "2026-09-26", "2026-09-27", "2026-09-28", "2026-09-29", "2026-09-30", "2026-10-01", "2026-10-02", "2026-10-03", "2026-10-04", "2026-10-05"], "daily_precip_mm": [0.0, 0.0, 0.0, 0.0, 0.0, 0.0, 0.0, 0.0, 0.0, 0.0, 0.0, 0.0, 0.0, 0.0, 0.0, 0.0, 0.1], "daily_temp_mean_c": [20.8, 21.0, 20.9, 19.9, 19.2, 18.1, 18.8, 19.0, 18.1, 18.4, 19.0, 19.0, 19.2, 18.9, 18.3, 16.6, 16.7], "daily_et0_mm": [3.1, 3.2, 3.1, 3.3, 3.4, 2.9, 2.5, 3.0, 3.0, 3.0, 3.0, 2.3, 2.2, 2.8, 2.8, 2.7, 2.0]}}, {"type": "Feature", "geometry": {"type": "Point", "coordinates": [9.8, 45.6]}, "properties": {"lat": 45.6, "lon": 9.8, "rain_source": "misto", "rain_gauge_count": 3, "rain_gauge_km": 0.8, "elevation_m": 170.0, "veg_class": "none", "vegetation_score": 0.1, "habitat_score": 0.1, "last_rain_date": null, "days_since_rain": null, "rain_7d_mm": 0.1, "et0_7d_mm": 18.5, "humidity_pct": 86, "humidity_min_pct": 33, "soil_moisture": 0.224, "soil_moisture_deep": 0.27, "soil_temp_c": 17.0, "weather_score": 0.274, "daily_dates": ["2026-09-19", "2026-09-20", "2026-09-21", "2026-09-22", "2026-09-23", "2026-09-24", "2026-09-25", "2026-09-26", "2026-09-27", "2026-09-28", "2026-09-29", "2026-09-30", "2026-10-01", "2026-10-02", "2026-10-03", "2026-10-04", "2026-10-05"], "daily_precip_mm": [0.0, 0.0, 0.2, 0.0, 0.0, 0.0, 0.0, 0.0, 0.0, 0.0, 0.0, 0.0, 0.0, 0.0, 0.0, 0.0, 0.1], "daily_temp_mean_c": [20.8, 21.4, 21.1, 19.9, 19.2, 17.8, 18.7, 18.4, 17.6, 18.4, 18.6, 19.0, 19.1, 18.8, 17.5, 16.6, 16.6], "daily_et0_mm": [3.0, 3.4, 3.0, 3.4, 3.4, 2.7, 2.7, 3.0, 3.0, 3.0, 3.0, 2.8, 2.2, 2.9, 2.9, 2.7, 1.9]}}, {"type": "Feature", "geometry": {"type": "Point", "coordinates": [10.1, 45.6]}, "properties": {"lat": 45.6, "lon": 10.1, "rain_source": "misto", "rain_gauge_count": 3, "rain_gauge_km": 10.1, "elevation_m": 186.0, "veg_class": "none", "vegetation_score": 0.1, "habitat_score": 0.1, "last_rain_date": null, "days_since_rain": null, "rain_7d_mm": 0.1, "et0_7d_mm": 18.5, "humidity_pct": 86, "humidity_min_pct": 33, "soil_moisture": 0.224, "soil_moisture_deep": 0.27, "soil_temp_c": 17.0, "weather_score": 0.274, "daily_dates": ["2026-09-19", "2026-09-20", "2026-09-21", "2026-09-22", "2026-09-23", "2026-09-24", "2026-09-25", "2026-09-26", "2026-09-27", "2026-09-28", "2026-09-29", "2026-09-30", "2026-10-01", "2026-10-02", "2026-10-03", "2026-10-04", "2026-10-05"], "daily_precip_mm": [0.0, 0.0, 0.0, 0.0, 0.0, 0.0, 0.0, 0.0, 0.0, 0.0, 0.0, 0.0, 0.0, 0.0, 0.0, 0.0, 0.1], "daily_temp_mean_c": [20.8, 21.4, 21.1, 19.9, 19.2, 17.8, 18.7, 18.4, 17.6, 18.4, 18.6, 19.0, 19.1, 18.8, 17.5, 16.6, 16.6], "daily_et0_mm": [3.0, 3.4, 3.0, 3.4, 3.4, 2.7, 2.7, 3.0, 3.0, 3.0, 3.0, 2.8, 2.2, 2.9, 2.9, 2.7, 1.9]}}, {"type": "Feature", "geometry": {"type": "Point", "coordinates": [10.4, 45.6]}, "properties": {"lat": 45.6, "lon": 10.4, "rain_source": "misto", "rain_gauge_count": 3, "rain_gauge_km": 3.3, "elevation_m": 507.0, "veg_class": "broadleaf", "vegetation_score": 1.0, "habitat_score": 1.0, "last_rain_date": null, "days_since_rain": null, "rain_7d_mm": 0.5, "et0_7d_mm": 19.4, "humidity_pct": 60, "humidity_min_pct": 34, "soil_moisture": 0.266, "soil_moisture_deep": 0.242, "soil_temp_c": 16.1, "weather_score": 0.222, "daily_dates": ["2026-09-19", "2026-09-20", "2026-09-21", "2026-09-22", "2026-09-23", "2026-09-24", "2026-09-25", "2026-09-26", "2026-09-27", "2026-09-28", "2026-09-29", "2026-09-30", "2026-10-01", "2026-10-02", "2026-10-03", "2026-10-04", "2026-10-05"], "daily_precip_mm": [0.0, 0.0, 0.0, 0.0, 0.0, 0.0, 0.0, 0.0, 0.0, 0.0, 0.0, 0.0, 0.0, 0.0, 0.0, 0.0, 0.5], "daily_temp_mean_c": [21.3, 22.1, 22.7, 21.0, 19.4, 18.5, 18.9, 18.4, 19.1, 19.7, 20.0, 19.7, 20.2, 20.2, 18.9, 18.5, 17.6], "daily_et0_mm": [3.1, 3.7, 3.2, 3.6, 3.1, 2.9, 2.6, 3.0, 3.1, 3.0, 3.1, 2.7, 2.6, 3.2, 3.0, 3.1, 1.6]}}, {"type": "Feature", "geometry": {"type": "Point", "coordinates": [10.7, 45.6]}, "properties": {"lat": 45.6, "lon": 10.7, "rain_source": "misto", "rain_gauge_count": 3, "rain_gauge_km": 7.6, "elevation_m": 285.0, "veg_class": "none", "vegetation_score": 0.1, "habitat_score": 0.1, "last_rain_date": null, "days_since_rain": null, "rain_7d_mm": 0.0, "et0_7d_mm": 19.4, "humidity_pct": 60, "humidity_min_pct": 34, "soil_moisture": 0.266, "soil_moisture_deep": 0.242, "soil_temp_c": 16.1, "weather_score": 0.218, "daily_dates": ["2026-09-19", "2026-09-20", "2026-09-21", "2026-09-22", "2026-09-23", "2026-09-24", "2026-09-25", "2026-09-26", "2026-09-27", "2026-09-28", "2026-09-29", "2026-09-30", "2026-10-01", "2026-10-02", "2026-10-03", "2026-10-04", "2026-10-05"], "daily_precip_mm": [0.0, 0.0, 0.0, 0.0, 0.0, 0.0, 0.0, 0.0, 0.0, 0.0, 0.0, 0.0, 0.0, 0.0, 0.0, 0.0, 0.0], "daily_temp_mean_c": [21.3, 22.1, 22.7, 21.0, 19.4, 18.5, 18.9, 18.4, 19.1, 19.7, 20.0, 19.7, 20.2, 20.2, 18.9, 18.5, 17.6], "daily_et0_mm": [3.1, 3.7, 3.2, 3.6, 3.1, 2.9, 2.6, 3.0, 3.1, 3.0, 3.1, 2.7, 2.6, 3.2, 3.0, 3.1, 1.6]}}, {"type": "Feature", "geometry": {"type": "Point", "coordinates": [11.0, 45.6]}, "properties": {"lat": 45.6, "lon": 11.0, "rain_source": "pluviometri", "rain_gauge_count": 3, "rain_gauge_km": 16.3, "elevation_m": 528.0, "veg_class": "broadleaf", "vegetation_score": 1.0, "habitat_score": 1.0, "last_rain_date": null, "days_since_rain": null, "rain_7d_mm": 0.2, "et0_7d_mm": 22.8, "humidity_pct": 89, "humidity_min_pct": 31, "soil_moisture": 0.136, "soil_moisture_deep": 0.166, "soil_temp_c": 16.4, "weather_score": 0.198, "daily_dates": ["2026-09-19", "2026-09-20", "2026-09-21", "2026-09-22", "2026-09-23", "2026-09-24", "2026-09-25", "2026-09-26", "2026-09-27", "2026-09-28", "2026-09-29", "2026-09-30", "2026-10-01", "2026-10-02", "2026-10-03", "2026-10-04", "2026-10-05"], "daily_precip_mm": [0.0, 0.0, 0.0, 0.0, 0.0, 0.0, 0.0, 0.0, 0.0, 0.0, 0.0, 0.0, 0.0, 0.0, 0.0, 0.0, 0.2], "daily_temp_mean_c": [19.2, 20.4, 20.7, 19.4, 17.5, 16.3, 16.8, 16.5, 16.9, 17.1, 18.0, 17.9, 18.8, 18.2, 16.8, 16.1, 16.2], "daily_et0_mm": [3.1, 3.6, 3.3, 3.9, 2.6, 2.8, 2.5, 3.1, 3.3, 3.2, 3.6, 3.3, 3.2, 3.6, 3.7, 3.4, 2.0]}}, {"type": "Feature", "geometry": {"type": "Point", "coordinates": [11.3, 45.6]}, "properties": {"lat": 45.6, "lon": 11.3, "rain_source": "pluviometri", "rain_gauge_count": 3, "rain_gauge_km": 20.1, "elevation_m": 561.0, "veg_class": "none", "vegetation_score": 0.1, "habitat_score": 0.1, "last_rain_date": null, "days_since_rain": null, "rain_7d_mm": 0.0, "et0_7d_mm": 18.7, "humidity_pct": 72, "humidity_min_pct": 25, "soil_moisture": 0.217, "soil_moisture_deep": 0.243, "soil_temp_c": 15.7, "weather_score": 0.222, "daily_dates": ["2026-09-19", "2026-09-20", "2026-09-21", "2026-09-22", "2026-09-23", "2026-09-24", "2026-09-25", "2026-09-26", "2026-09-27", "2026-09-28", "2026-09-29", "2026-09-30", "2026-10-01", "2026-10-02", "2026-10-03", "2026-10-04", "2026-10-05"], "daily_precip_mm": [0.1, 0.0, 0.0, 0.0, 0.0, 0.0, 0.0, 0.0, 0.0, 0.0, 0.0, 0.0, 0.0, 0.0, 0.0, 0.0, 0.0], "daily_temp_mean_c": [21.0, 21.8, 21.6, 19.6, 17.3, 17.0, 17.4, 17.8, 18.0, 18.4, 19.0, 19.5, 20.4, 18.6, 17.9, 16.8, 16.4], "daily_et0_mm": [3.1, 3.4, 3.0, 3.4, 2.4, 2.6, 2.9, 2.8, 2.9, 2.9, 3.1, 3.0, 2.3, 3.0, 3.0, 2.7, 1.7]}}, {"type": "Feature", "geometry": {"type": "Point", "coordinates": [11.6, 45.6]}, "properties": {"lat": 45.6, "lon": 11.6, "rain_source": "modello", "rain_gauge_count": 0, "rain_gauge_km": null, "elevation_m": 41.0, "veg_class": "none", "vegetation_score": 0.1, "habitat_score": 0.089, "last_rain_date": null, "days_since_rain": null, "rain_7d_mm": 0.0, "et0_7d_mm": 18.7, "humidity_pct": 72, "humidity_min_pct": 25, "soil_moisture": 0.217, "soil_moisture_deep": 0.243, "soil_temp_c": 15.7, "weather_score": 0.222, "daily_dates": ["2026-09-19", "2026-09-20", "2026-09-21", "2026-09-22", "2026-09-23", "2026-09-24", "2026-09-25", "2026-09-26", "2026-09-27", "2026-09-28", "2026-09-29", "2026-09-30", "2026-10-01", "2026-10-02", "2026-10-03", "2026-10-04", "2026-10-05"], "daily_precip_mm": [0.0, 0.0, 0.0, 0.0, 0.0, 0.0, 0.0, 0.0, 0.0, 0.0, 0.0, 0.0, 0.0, 0.0, 0.0, 0.0, 0.0], "daily_temp_mean_c": [21.0, 21.8, 21.6, 19.6, 17.3, 17.0, 17.4, 17.8, 18.0, 18.4, 19.0, 19.5, 20.4, 18.6, 17.9, 16.8, 16.4], "daily_et0_mm": [3.1, 3.4, 3.0, 3.4, 2.4, 2.6, 2.9, 2.8, 2.9, 2.9, 3.1, 3.0, 2.3, 3.0, 3.0, 2.7, 1.7]}}, {"type": "Feature", "geometry": {"type": "Point", "coordinates": [11.9, 45.6]}, "properties": {"lat": 45.6, "lon": 11.9, "rain_source": "modello", "rain_gauge_count": 0, "rain_gauge_km": null, "elevation_m": 29.0, "veg_class": "none", "vegetation_score": 0.1, "habitat_score": 0.075, "last_rain_date": null, "days_since_rain": null, "rain_7d_mm": 0.0, "et0_7d_mm": 20.3, "humidity_pct": 79, "humidity_min_pct": 27, "soil_moisture": 0.225, "soil_moisture_deep": 0.263, "soil_temp_c": 16.0, "weather_score": 0.252, "daily_dates": ["2026-09-19", "2026-09-20", "2026-09-21", "2026-09-22", "2026-09-23", "2026-09-24", "2026-09-25", "2026-09-26", "2026-09-27", "2026-09-28", "2026-09-29", "2026-09-30", "2026-10-01", "2026-10-02", "2026-10-03", "2026-10-04", "2026-10-05"], "daily_precip_mm": [0.0, 0.0, 0.0, 0.0, 0.0, 0.0, 0.0, 0.0, 0.0, 0.0, 0.0, 0.0, 0.0, 0.0, 0.0, 0.0, 0.0], "daily_temp_mean_c": [21.2, 21.6, 21.5, 19.4, 16.8, 17.1, 17.3, 17.1, 17.9, 18.4, 18.8, 18.8, 19.9, 18.3, 17.6, 16.6, 16.1], "daily_et0_mm": [3.2, 3.3, 3.0, 4.0, 2.5, 2.6, 3.2, 2.8, 3.0, 2.9, 3.1, 3.0, 2.8, 3.6, 3.4, 2.7, 1.7]}}, {"type": "Feature", "geometry": {"type": "Point", "coordinates": [12.2, 45.6]}, "properties": {"lat": 45.6, "lon": 12.2, "rain_source": "modello", "rain_gauge_count": 0, "rain_gauge_km": null, "elevation_m": 13.0, "veg_class": "none", "vegetation_score": 0.1, "habitat_score": 0.056, "last_rain_date": null, "days_since_rain": null, "rain_7d_mm": 0.0, "et0_7d_mm": 20.3, "humidity_pct": 79, "humidity_min_pct": 27, "soil_moisture": 0.225, "soil_moisture_deep": 0.263, "soil_temp_c": 16.0, "weather_score": 0.252, "daily_dates": ["2026-09-19", "2026-09-20", "2026-09-21", "2026-09-22", "2026-09-23", "2026-09-24", "2026-09-25", "2026-09-26", "2026-09-27", "2026-09-28", "2026-09-29", "2026-09-30", "2026-10-01", "2026-10-02", "2026-10-03", "2026-10-04", "2026-10-05"], "daily_precip_mm": [0.2, 0.0, 0.0, 0.0, 0.0, 0.0, 0.0, 0.0, 0.0, 0.0, 0.0, 0.0, 0.0, 0.0, 0.0, 0.0, 0.0], "daily_temp_mean_c": [21.2, 21.6, 21.5, 19.4, 16.8, 17.1, 17.3, 17.1, 17.9, 18.4, 18.8, 18.8, 19.9, 18.3, 17.6, 16.6, 16.1], "daily_et0_mm": [3.2, 3.3, 3.0, 4.0, 2.5, 2.6, 3.2, 2.8, 3.0, 2.9, 3.1, 3.0, 2.8, 3.6, 3.4, 2.7, 1.7]}}, {"type": "Feature", "geometry": {"type": "Point", "coordinates": [7.4, 45.9]}, "properties": {"lat": 45.9, "lon": 7.4, "rain_source": "modello", "rain_gauge_count": 0, "rain_gauge_km": null, "elevation_m": 3036.0, "veg_class": "none", "vegetation_score": 0.1, "habitat_score": 0.015, "last_rain_date": "2026-10-04", "days_since_rain": 1, "rain_7d_mm": 4.3, "et0_7d_mm": 10.7, "humidity_pct": 88, "humidity_min_pct": 57, "soil_moisture": 0.173, "soil_moisture_deep": 0.182, "soil_temp_c": 11.4, "weather_score": 0.636, "daily_dates": ["2026-09-19", "2026-09-20", "2026-09-21", "2026-09-22", "2026-09-23", "2026-09-24", "2026-09-25", "2026-09-26", "2026-09-27", "2026-09-28", "2026-09-29", "2026-09-30", "2026-10-01", "2026-10-02", "2026-10-03", "2026-10-04", "2026-10-05"], "daily_precip_mm": [0.0, 0.0, 0.0, 0.0, 0.0, 0.0, 0.0, 0.0, 0.0, 0.0, 0.0, 0.2, 2.8, 0.1, 0.2, 1.0, 0.0], "daily_temp_mean_c": [13.7, 16.0, 18.0, 14.8, 13.3, 16.1, 12.4, 13.1, 13.3, 14.1, 13.5, 12.9, 13.1, 14.0, 12.8, 12.8, 13.3], "daily_et0_mm": [2.5, 3.2, 3.5, 2.9, 2.4, 3.2, 1.6, 1.9, 2.5, 2.7, 1.4, 0.8, 0.8, 1.6, 1.5, 2.3, 2.3]}}, {"type": "Feature", "geometry": {"type": "Point", "coordinates": [7.7, 45.9]}, "properties": {"lat": 45.9, "lon": 7.7, "rain_source": "pluviometri", "rain_gauge_count": 3, "rain_gauge_km": 15.8, "elevation_m": 2596.0, "veg_class": "none", "vegetation_score": 0.1, "habitat_score": 0.015, "last_rain_date": "2026-10-04", "days_since_rain": 1, "rain_7d_mm": 4.2, "et0_7d_mm": 8.7, "humidity_pct": 100, "humidity_min_pct": 68, "soil_moisture": 0.147, "soil_moisture_deep": 0.151, "soil_temp_c": 2.6, "weather_score": 0.629, "daily_dates": ["2026-09-19", "2026-09-20", "2026-09-21", "2026-09-22", "2026-09-23", "2026-09-24", "2026-09-25", "2026-09-26", "2026-09-27", "2026-09-28", "2026-09-29", "2026-09-30", "2026-10-01", "2026-10-02", "2026-10-03", "2026-10-04", "2026-10-05"], "daily_precip_mm": [0.0, 0.0, 0.0, 0.0, 0.8, 0.0, 0.0, 0.0, 0.0, 0.0, 0.0, 0.8, 1.3, 0.1, 0.0, 2.0, 0.0], "daily_temp_mean_c": [4.5, 7.9, 7.7, 7.3, 6.2, 7.1, 7.5, 8.1, 7.6, 8.2, 6.7, 4.9, 5.0, 5.3, 4.9, 4.9, 4.9], "daily_et0_mm": [2.4, 3.2, 3.7, 3.4, 2.4, 3.4, 3.9, 2.9, 2.6, 1.9, 1.6, 0.8, 0.9, 0.8, 1.5, 1.7, 1.3]}}, {"type": "Feature", "geometry": {"type": "Point", "coordinates": [8.0, 45.9]}, "properties": {"lat": 45.9, "lon": 8.0, "rain_source": "pluviometri", "rain_gauge_count": 3, "rain_gauge_km": 2.4, "elevation_m": 2203.0, "veg_class": "none", "vegetation_score": 0.1, "habitat_score": 0.015, "last_rain_date": "2026-10-05", "days_since_rain": 0, "rain_7d_mm": 1.6, "et0_7d_mm": 8.7, "humidity_pct": 100, "humidity_min_pct": 68, "soil_moisture": 0.147, "soil_moisture_deep": 0.151, "soil_temp_c": 2.6, "weather_score": 0.608, "daily_dates": ["2026-09-19", "2026-09-20", "2026-09-21", "2026-09-22", "2026-09-23", "2026-09-24", "2026-09-25", "2026-09-26", "2026-09-27", "2026-09-28", "2026-09-29", "2026-09-30", "2026-10-01", "2026-10-02", "2026-10-03", "2026-10-04", "2026-10-05"], "daily_precip_mm": [0.2, 0.0, 0.0, 0.0, 1.8, 0.0, 0.0, 0.0, 0.0, 0.0, 0.0, 0.0, 0.3, 0.1, 0.0, 0.1, 1.0], "daily_temp_mean_c": [4.5, 7.9, 7.7, 7.3, 6.2, 7.1, 7.5, 8.1, 7.6, 8.2, 6.7, 4.9, 5.0, 5.3, 4.9, 4.9, 4.9], "daily_et0_mm": [2.4, 3.2, 3.7, 3.4, 2.4, 3.4, 3.9, 2.9, 2.6, 1.9, 1.6, 0.8, 0.9, 0.8, 1.5, 1.7, 1.3]}}, {"type": "Feature", "geometry": {"type": "Point", "coordinates": [8.3, 45.9]}, "properties": {"lat": 45.9, "lon": 8.3, "rain_source": "pluviometri", "rain_gauge_count": 3, "rain_gauge_km": 1.1, "elevation_m": 1088.0, "veg_class": "shrub", "vegetation_score": 0.5, "habitat_score": 0.5, "last_rain_date": null, "days_since_rain": null, "rain_7d_mm": 0.5, "et0_7d_mm": 18.0, "humidity_pct": 80, "humidity_min_pct": 53, "soil_moisture": 0.257, "soil_moisture_deep": 0.274, "soil_temp_c": 17.2, "weather_score": 0.282, "daily_dates": ["2026-09-19", "2026-09-20", "2026-09-21", "2026-09-22", "2026-09-23", "2026-09-24", "2026-09-25", "2026-09-26", "2026-09-27", "2026-09-28", "2026-09-29", "2026-09-30", "2026-10-01", "2026-10-02", "2026-10-03", "2026-10-04", "2026-10-05"], "daily_precip_mm": [0.0, 0.0, 0.0, 0.0, 0.0, 0.0, 0.0, 0.0, 0.0, 0.0, 0.0, 0.0, 0.0, 0.0, 0.0, 0.0, 0.5], "daily_temp_mean_c": [18.0, 19.2, 20.5, 18.0, 17.2, 16.9, 16.8, 17.0, 17.2, 17.8, 17.9, 17.8, 18.1, 18.2, 16.9, 16.8, 17.6], "daily_et0_mm": [3.1, 3.2, 4.0, 3.4, 3.1, 2.9, 2.0, 2.5, 3.0, 3.0, 2.8, 2.5, 1.9, 2.7, 2.8, 2.7, 2.6]}}, {"type": "Feature", "geometry": {"type": "Point", "coordinates": [8.6, 45.9]}, "properties": {"lat": 45.9, "lon": 8.6, "rain_source": "pluviometri", "rain_gauge_count": 3, "rain_gauge_km": 1.8, "elevation_m": 256.0, "veg_class": "none", "vegetation_score": 0.1, "habitat_score": 0.1, "last_rain_date": null, "days_since_rain": null, "rain_7d_mm": 0.2, "et0_7d_mm": 18.0, "humidity_pct": 80, "humidity_min_pct": 53, "soil_moisture": 0.257, "soil_moisture_deep": 0.274, "soil_temp_c": 17.2, "weather_score": 0.279, "daily_dates": ["2026-09-19", "2026-09-20", "2026-09-21", "2026-09-22", "2026-09-23", "2026-09-24", "2026-09-25", "2026-09-26", "2026-09-27", "2026-09-28", "2026-09-29", "2026-09-30", "2026-10-01", "2026-10-02", "2026-10-03", "2026-10-04", "2026-10-05"], "daily_precip_mm": [0.0, 0.0, 0.0, 0.0, 0.0, 0.0, 0.0, 0.0, 0.0, 0.0, 0.0, 0.0, 0.0, 0.0, 0.0, 0.0, 0.2], "daily_temp_mean_c": [18.0, 19.2, 20.5, 18.0, 17.2, 16.9, 16.8, 17.0, 17.2, 17.8, 17.9, 17.8, 18.1, 18.2, 16.9, 16.8, 17.6], "daily_et0_mm": [3.1, 3.2, 4.0, 3.4, 3.1, 2.9, 2.0, 2.5, 3.0, 3.0, 2.8, 2.5, 1.9, 2.7, 2.8, 2.7, 2.6]}}, {"type": "Feature", "geometry": {"type": "Point", "coordinates": [8.9, 45.9]}, "properties": {"lat": 45.9, "lon": 8.9, "rain_source": "pluviometri", "rain_gauge_count": 3, "rain_gauge_km": 0.6, "elevation_m": 276.0, "veg_class": "none", "vegetation_score": 0.1, "habitat_score": 0.1, "last_rain_date": null, "days_since_rain": null, "rain_7d_mm": 0.4, "et0_7d_mm": 18.0, "humidity_pct": 80, "humidity_min_pct": 53, "soil_moisture": 0.257, "soil_moisture_deep": 0.274, "soil_temp_c": 17.2, "weather_score": 0.28, "daily_dates": ["2026-09-19", "2026-09-20", "2026-09-21", "2026-09-22", "2026-09-23", "2026-09-24", "2026-09-25", "2026-09-26", "2026-09-27", "2026-09-28", "2026-09-29", "2026-09-30", "2026-10-01", "2026-10-02", "2026-10-03", "2026-10-04", "2026-10-05"], "daily_precip_mm": [0.4, 0.4, 0.2, 0.0, 0.0, 0.2, 0.2, 0.0, 0.2, 0.4, 0.0, 0.2, 0.0, 0.0, 0.2, 0.0, 0.0], "daily_temp_mean_c": [18.0, 19.2, 20.5, 18.0, 17.2, 16.9, 16.8, 17.0, 17.2, 17.8, 17.9, 17.8, 18.1, 18.2, 16.9, 16.8, 17.6], "daily_et0_mm": [3.1, 3.2, 4.0, 3.4, 3.1, 2.9, 2.0, 2.5, 3.0, 3.0, 2.8, 2.5, 1.9, 2.7, 2.8, 2.7, 2.6]}}, {"type": "Feature", "geometry": {"type": "Point", "coordinates": [9.2, 45.9]}, "properties": {"lat": 45.9, "lon": 9.2, "rain_source": "misto", "rain_gauge_count": 3, "rain_gauge_km": 2.8, "elevation_m": 1019.0, "veg_class": "none", "vegetation_score": 0.1, "habitat_score": 0.1, "last_rain_date": "2026-10-01", "days_since_rain": 4, "rain_7d_mm": 275.2, "et0_7d_mm": 9.5, "humidity_pct": 96, "humidity_min_pct": 69, "soil_moisture": 0.178, "soil_moisture_deep": 0.184, "soil_temp_c": 8.8, "weather_score": 0.793, "daily_dates": ["2026-09-19", "2026-09-20", "2026-09-21", "2026-09-22", "2026-09-23", "2026-09-24", "2026-09-25", "2026-09-26", "2026-09-27", "2026-09-28", "2026-09-29", "2026-09-30", "2026-10-01", "2026-10-02", "2026-10-03", "2026-10-04", "2026-10-05"], "daily_precip_mm": [0.3, 0.2, 0.0, 0.0, 0.0, 0.1, 0.0, 0.0, 0.1, 0.3, 0.0, 0.0, 274.9, 0.1, 0.0, 0.0, 0.2], "daily_temp_mean_c": [9.5, 12.0, 13.2, 10.0, 7.6, 11.5, 8.4, 9.5, 10.2, 10.9, 9.4, 8.3, 8.6, 9.5, 9.4, 9.0, 8.8], "daily_et0_mm": [1.9, 2.7, 4.0, 3.3, 1.6, 3.5, 1.8, 1.5, 2.3, 2.4, 1.6, 1.5, 1.0, 1.1, 1.5, 1.7, 1.1]}}, {"type": "Feature", "geometry": {"type": "Point", "coordinates": [9.5, 45.9]}, "properties": {"lat": 45.9, "lon": 9.5, "rain_source": "misto", "rain_gauge_count": 3, "rain_gauge_km": 1.5, "elevation_m": 1251.0, "veg_class": "broadleaf", "vegetation_score": 1.0, "habitat_score": 1.0, "last_rain_date": "2026-10-05", "days_since_rain": 0, "rain_7d_mm": 2.9, "et0_7d_mm": 9.5, "humidity_pct": 96, "humidity_min_pct": 69, "soil_moisture": 0.178, "soil_moisture_deep": 0.184, "soil_temp_c": 8.8, "weather_score": 0.647, "daily_dates": ["2026-09-19", "2026-09-20", "2026-09-21", "2026-09-22", "2026-09-23", "2026-09-24", "2026-09-25", "2026-09-26", "2026-09-27", "2026-09-28", "2026-09-29", "2026-09-30", "2026-10-01", "2026-10-02", "2026-10-03", "2026-10-04", "2026-10-05"], "daily_precip_mm": [0.0, 0.0, 0.0, 0.0, 0.0, 0.0, 0.0, 0.0, 0.0, 0.0, 0.0, 0.0, 0.0, 0.0, 0.0, 0.0, 2.9], "daily_temp_mean_c": [9.5, 12.0, 13.2, 10.0, 7.6, 11.5, 8.4, 9.5, 10.2, 10.9, 9.4, 8.3, 8.6, 9.5, 9.4, 9.0, 8.8], "daily_et0_mm": [1.9, 2.7, 4.0, 3.3, 1.6, 3.5, 1.8, 1.5, 2.3, 2.4, 1.6, 1.5, 1.0, 1.1, 1.5, 1.7, 1.1]}}, {"type": "Feature", "geometry": {"type": "Point", "coordinates": [9.8, 45.9]}, "properties": {"lat": 45.9, "lon": 9.8, "rain_source": "misto", "rain_gauge_count": 3, "rain_gauge_km": 1.3, "elevation_m": 1282.0, "veg_class": "none", "vegetation_score": 0.1, "habitat_score": 0.1, "last_rain_date": "2026-10-05", "days_since_rain": 0, "rain_7d_mm": 1.5, "et0_7d_mm": 10.4, "humidity_pct": 82, "humidity_min_pct": 70, "soil_moisture": 0.224, "soil_moisture_deep": 0.208, "soil_temp_c": 8.5, "weather_score": 0.635, "daily_dates": ["2026-09-19", "2026-09-20", "2026-09-21", "2026-09-22", "2026-09-23", "2026-09-24", "2026-09-25", "2026-09-26", "2026-09-27", "2026-09-28", "2026-09-29", "2026-09-30", "2026-10-01", "2026-10-02", "2026-10-03", "2026-10-04", "2026-10-05"], "daily_precip_mm": [0.2, 0.0, 0.0, 0.0, 0.0, 0.0, 0.0, 0.0, 0.0, 0.0, 0.0, 0.0, 0.0, 0.0, 0.0, 0.0, 1.5], "daily_temp_mean_c": [10.4, 12.5, 13.9, 10.6, 8.0, 11.5, 8.5, 9.8, 10.9, 12.0, 10.9, 9.6, 9.9, 10.2, 10.2, 9.6, 9.3], "daily_et0_mm": [2.1, 2.9, 3.6, 2.9, 1.8, 2.8, 1.9, 1.8, 2.3, 2.2, 1.6, 1.6, 1.2, 1.2, 1.7, 1.9, 1.0]}}, {"type": "Feature", "geometry": {"type": "Point", "coordinates": [10.1, 45.9]}, "properties": {"lat": 45.9, "lon": 10.1, "rain_source": "misto", "rain_gauge_count": 3, "rain_gauge_km": 4.2, "elevation_m": 1329.0, "veg_class": "mixed", "vegetation_score": 1.0, "habitat_score": 1.0, "last_rain_date": "2026-10-05", "days_since_rain": 0, "rain_7d_mm": 5.4, "et0_7d_mm": 10.4, "humidity_pct": 82, "humidity_min_pct": 70, "soil_moisture": 0.224, "soil_moisture_deep": 0.208, "soil_temp_c": 8.5, "weather_score": 0.667, "daily_dates": ["2026-09-19", "2026-09-20", "2026-09-21", "2026-09-22", "2026-09-23", "2026-09-24", "2026-09-25", "2026-09-26", "2026-09-27", "2026-09-28", "2026-09-29", "2026-09-30", "2026-10-01", "2026-10-02", "2026-10-03", "2026-10-04", "2026-10-05"], "daily_precip_mm": [0.0, 0.0, 0.0, 0.0, 0.0, 0.0, 0.0, 0.0, 0.0, 0.0, 0.0, 0.0, 0.0, 0.0, 0.0, 0.0, 5.4], "daily_temp_mean_c": [10.4, 12.5, 13.9, 10.6, 8.0, 11.5, 8.5, 9.8, 10.9, 12.0, 10.9, 9.6, 9.9, 10.2, 10.2, 9.6, 9.3], "daily_et0_mm": [2.1, 2.9, 3.6, 2.9, 1.8, 2.8, 1.9, 1.8, 2.3, 2.2, 1.6, 1.6, 1.2, 1.2, 1.7, 1.9, 1.0]}}, {"type": "Feature", "geometry": {"type": "Point", "coordinates": [10.4, 45.9]}, "properties": {"lat": 45.9, "lon": 10.4, "rain_source": "pluviometri", "rain_gauge_count": 3, "rain_gauge_km": 7.2, "elevation_m": 1943.0, "veg_class": "none", "vegetation_score": 0.1, "habitat_score": 0.015, "last_rain_date": "2026-10-05", "days_since_rain": 0, "rain_7d_mm": 4.1, "et0_7d_mm": 13.4, "humidity_pct": 87, "humidity_min_pct": 40, "soil_moisture": 0.187, "soil_moisture_deep": 0.214, "soil_temp_c": 9.5, "weather_score": 0.65, "daily_dates": ["2026-09-19", "2026-09-20", "2026-09-21", "2026-09-22", "2026-09-23", "2026-09-24", "2026-09-25", "2026-09-26", "2026-09-27", "2026-09-28", "2026-09-29", "2026-09-30", "2026-10-01", "2026-10-02", "2026-10-03", "2026-10-04", "2026-10-05"], "daily_precip_mm": [0.1, 0.0, 0.0, 0.0, 0.0, 0.1, 0.0, 0.0, 0.0, 0.1, 0.0, 0.2, 0.1, 0.0, 0.1, 0.1, 3.7], "daily_temp_mean_c": [11.4, 13.1, 13.5, 9.9, 8.8, 13.2, 9.4, 10.1, 12.5, 12.2, 11.5, 11.7, 11.5, 11.0, 10.0, 9.9, 10.5], "daily_et0_mm": [2.6, 3.1, 3.1, 2.7, 1.9, 3.6, 2.1, 2.5, 2.6, 2.7, 1.8, 1.8, 1.1, 2.2, 2.6, 2.6, 1.4]}}, {"type": "Feature", "geometry": {"type": "Point", "coordinates": [10.7, 45.9]}, "properties": {"lat": 45.9, "lon": 10.7, "rain_source": "pluviometri", "rain_gauge_count": 3, "rain_gauge_km": 2.0, "elevation_m": 850.0, "veg_class": "mixed", "vegetation_score": 1.0, "habitat_score": 1.0, "last_rain_date": "2026-10-05", "days_since_rain": 0, "rain_7d_mm": 2.4, "et0_7d_mm": 13.4, "humidity_pct": 87, "humidity_min_pct": 40, "soil_moisture": 0.187, "soil_moisture_deep": 0.214, "soil_temp_c": 9.5, "weather_score": 0.636, "daily_dates": ["2026-09-19", "2026-09-20", "2026-09-21", "2026-09-22", "2026-09-23", "2026-09-24", "2026-09-25", "2026-09-26", "2026-09-27", "2026-09-28", "2026-09-29", "2026-09-30", "2026-10-01", "2026-10-02", "2026-10-03", "2026-10-04", "2026-10-05"], "daily_precip_mm": [0.2, 0.2, 0.0, 0.0, 0.0, 0.0, 0.0, 0.0, 0.2, 0.0, 0.0, 0.0, 0.0, 0.0, 0.0, 0.0, 2.4], "daily_temp_mean_c": [11.4, 13.1, 13.5, 9.9, 8.8, 13.2, 9.4, 10.1, 12.5, 12.2, 11.5, 11.7, 11.5, 11.0, 10.0, 9.9, 10.5], "daily_et0_mm": [2.6, 3.1, 3.1, 2.7, 1.9, 3.6, 2.1, 2.5, 2.6, 2.7, 1.8, 1.8, 1.1, 2.2, 2.6, 2.6, 1.4]}}, {"type": "Feature", "geometry": {"type": "Point", "coordinates": [11.0, 45.9]}, "properties": {"lat": 45.9, "lon": 11.0, "rain_source": "pluviometri", "rain_gauge_count": 3, "rain_gauge_km": 3.4, "elevation_m": 605.0, "veg_class": "none", "vegetation_score": 0.1, "habitat_score": 0.1, "last_rain_date": null, "days_since_rain": null, "rain_7d_mm": 0.3, "et0_7d_mm": 16.6, "humidity_pct": 81, "humidity_min_pct": 49, "soil_moisture": 0.221, "soil_moisture_deep": 0.234, "soil_temp_c": 11.9, "weather_score": 0.248, "daily_dates": ["2026-09-19", "2026-09-20", "2026-09-21", "2026-09-22", "2026-09-23", "2026-09-24", "2026-09-25", "2026-09-26", "2026-09-27", "2026-09-28", "2026-09-29", "2026-09-30", "2026-10-01", "2026-10-02", "2026-10-03", "2026-10-04", "2026-10-05"], "daily_precip_mm": [0.0, 0.0, 0.0, 0.0, 0.0, 0.0, 0.0, 0.0, 0.0, 0.0, 0.0, 0.0, 0.0, 0.0, 0.0, 0.0, 0.3], "daily_temp_mean_c": [16.3, 17.4, 18.7, 15.2, 13.2, 14.1, 13.5, 14.2, 14.9, 15.6, 15.6, 15.5, 15.6, 15.4, 14.6, 14.2, 13.9], "daily_et0_mm": [2.9, 3.0, 3.1, 3.2, 2.4, 2.4, 2.5, 2.4, 2.7, 2.6, 2.5, 2.4, 2.1, 2.7, 2.6, 2.6, 1.7]}}, {"type": "Feature", "geometry": {"type": "Point", "coordinates": [11.3, 45.9]}, "properties": {"lat": 45.9, "lon": 11.3, "rain_source": "pluviometri", "rain_gauge_count": 3, "rain_gauge_km": 5.7, "elevation_m": 1107.0, "veg_class": "mixed", "vegetation_score": 1.0, "habitat_score": 1.0, "last_rain_date": null, "days_since_rain": null, "rain_7d_mm": 0.1, "et0_7d_mm": 12.7, "humidity_pct": 70, "humidity_min_pct": 9, "soil_moisture": 0.337, "soil_moisture_deep": 0.272, "soil_temp_c": 6.8, "weather_score": 0.288, "daily_dates": ["2026-09-19", "2026-09-20", "2026-09-21", "2026-09-22", "2026-09-23", "2026-09-24", "2026-09-25", "2026-09-26", "2026-09-27", "2026-09-28", "2026-09-29", "2026-09-30", "2026-10-01", "2026-10-02", "2026-10-03", "2026-10-04", "2026-10-05"], "daily_precip_mm": [0.2, 0.2, 0.0, 0.0, 0.0, 0.1, 0.1, 0.0, 0.1, 0.0, 0.1, 0.0, 0.0, 0.0, 0.0, 0.0, 0.0], "daily_temp_mean_c": [8.8, 10.8, 11.7, 8.5, 6.0, 9.0, 6.5, 8.4, 9.5, 10.8, 9.1, 7.9, 8.3, 8.5, 8.2, 8.6, 7.6], "daily_et0_mm": [1.5, 2.7, 3.6, 4.1, 1.7, 2.8, 2.4, 2.4, 2.4, 2.6, 1.6, 1.3, 1.7, 2.2, 2.2, 2.4, 1.2]}}, {"type": "Feature", "geometry": {"type": "Point", "coordinates": [11.6, 45.9]}, "properties": {"lat": 45.9, "lon": 11.6, "rain_source": "pluviometri", "rain_gauge_count": 3, "rain_gauge_km": 8.9, "elevation_m": 1283.0, "veg_class": "mixed", "vegetation_score": 1.0, "habitat_score": 1.0, "last_rain_date": null, "days_since_rain": null, "rain_7d_mm": 0.3, "et0_7d_mm": 12.7, "humidity_pct": 70, "humidity_min_pct": 9, "soil_moisture": 0.337, "soil_moisture_deep": 0.272, "soil_temp_c": 6.8, "weather_score": 0.289, "daily_dates": ["2026-09-19", "2026-09-20", "2026-09-21", "2026-09-22", "2026-09-23", "2026-09-24", "2026-09-25", "2026-09-26", "2026-09-27", "2026-09-28", "2026-09-29", "2026-09-30", "2026-10-01", "2026-10-02", "2026-10-03", "2026-10-04", "2026-10-05"], "daily_precip_mm": [0.0, 0.2, 0.0, 0.0, 0.0, 0.0, 0.0, 0.0, 0.0, 0.2, 0.1, 0.0, 0.0, 0.0, 0.0, 0.0, 0.2], "daily_temp_mean_c": [8.8, 10.8, 11.7, 8.5, 6.0, 9.0, 6.5, 8.4, 9.5, 10.8, 9.1, 7.9, 8.3, 8.5, 8.2, 8.6, 7.6], "daily_et0_mm": [1.5, 2.7, 3.6, 4.1, 1.7, 2.8, 2.4, 2.4, 2.4, 2.6, 1.6, 1.3, 1.7, 2.2, 2.2, 2.4, 1.2]}}, {"type": "Feature", "geometry": {"type": "Point", "coordinates": [11.9, 45.9]}, "properties": {"lat": 45.9, "lon": 11.9, "rain_source": "modello", "rain_gauge_count": 0, "rain_gauge_km": null, "elevation_m": 308.0, "veg_class": "broadleaf", "vegetation_score": 1.0, "habitat_score": 1.0, "last_rain_date": null, "days_since_rain": null, "rain_7d_mm": 0.0, "et0_7d_mm": 17.2, "humidity_pct": 88, "humidity_min_pct": 44, "soil_moisture": 0.144, "soil_moisture_deep": 0.16, "soil_temp_c": 12.2, "weather_score": 0.196, "daily_dates": ["2026-09-19", "2026-09-20", "2026-09-21", "2026-09-22", "2026-09-23", "2026-09-24", "2026-09-25", "2026-09-26", "2026-09-27", "2026-09-28", "2026-09-29", "2026-09-30", "2026-10-01", "2026-10-02", "2026-10-03", "2026-10-04", "2026-10-05"], "daily_precip_mm": [0.2, 0.0, 0.0, 0.0, 0.0, 0.0, 0.0, 0.0, 0.0, 0.0, 0.0, 0.0, 0.0, 0.0, 0.0, 0.0, 0.0], "daily_temp_mean_c": [16.4, 17.1, 17.4, 14.1, 12.1, 12.1, 12.6, 13.4, 14.5, 14.7, 15.3, 15.6, 15.8, 14.6, 13.8, 13.1, 12.8], "daily_et0_mm": [2.5, 2.9, 2.6, 3.0, 2.4, 2.1, 2.6, 2.6, 2.7, 2.7, 2.6, 2.4, 2.8, 2.7, 2.8, 2.5, 1.5]}}, {"type": "Feature", "geometry": {"type": "Point", "coordinates": [12.2, 45.9]}, "properties": {"lat": 45.9, "lon": 12.2, "rain_source": "modello", "rain_gauge_count": 0, "rain_gauge_km": null, "elevation_m": 140.0, "veg_class": "none", "vegetation_score": 0.1, "habitat_score": 0.1, "last_rain_date": null, "days_since_rain": null, "rain_7d_mm": 0.0, "et0_7d_mm": 17.2, "humidity_pct": 88, "humidity_min_pct": 44, "soil_moisture": 0.144, "soil_moisture_deep": 0.16, "soil_temp_c": 12.2, "weather_score": 0.196, "daily_dates": ["2026-09-19", "2026-09-20", "2026-09-21", "2026-09-22", "2026-09-23", "2026-09-24", "2026-09-25", "2026-09-26", "2026-09-27", "2026-09-28", "2026-09-29", "2026-09-30", "2026-10-01", "2026-10-02", "2026-10-03", "2026-10-04", "2026-10-05"], "daily_precip_mm": [0.0, 0.0, 0.0, 0.0, 0.0, 0.0, 0.0, 0.0, 0.0, 0.0, 0.0, 0.0, 0.0, 0.0, 0.0, 0.0, 0.0], "daily_temp_mean_c": [16.4, 17.1, 17.4, 14.1, 12.1, 12.1, 12.6, 13.4, 14.5, 14.7, 15.3, 15.6, 15.8, 14.6, 13.8, 13.1, 12.8], "daily_et0_mm": [2.5, 2.9, 2.6, 3.0, 2.4, 2.1, 2.6, 2.6, 2.7, 2.7, 2.6, 2.4, 2.8, 2.7, 2.8, 2.5, 1.5]}}, {"type": "Feature", "geometry": {"type": "Point", "coordinates": [12.5, 45.9]}, "properties": {"lat": 45.9, "lon": 12.5, "rain_source": "modello", "rain_gauge_count": 0, "rain_gauge_km": null, "elevation_m": 26.0, "veg_class": "none", "vegetation_score": 0.1, "habitat_score": 0.071, "last_rain_date": null, "days_since_rain": null, "rain_7d_mm": 0.0, "et0_7d_mm": 19.4, "humidity_pct": 44, "humidity_min_pct": 28, "soil_moisture": 0.266, "soil_moisture_deep": 0.28, "soil_temp_c": 14.7, "weather_score": 0.186, "daily_dates": ["2026-09-19", "2026-09-20", "2026-09-21", "2026-09-22", "2026-09-23", "2026-09-24", "2026-09-25", "2026-09-26", "2026-09-27", "2026-09-28", "2026-09-29", "2026-09-30", "2026-10-01", "2026-10-02", "2026-10-03", "2026-10-04", "2026-10-05"], "daily_precip_mm": [0.0, 0.0, 0.0, 0.0, 0.0, 0.2, 0.0, 0.0, 0.0, 0.0, 0.0, 0.0, 0.0, 0.0, 0.0, 0.0, 0.0], "daily_temp_mean_c": [21.4, 21.4, 21.5, 18.5, 16.3, 16.5, 17.0, 17.2, 18.4, 18.9, 20.1, 19.8, 20.4, 19.0, 18.4, 17.4, 15.7], "daily_et0_mm": [2.9, 3.2, 2.9, 3.5, 2.9, 2.3, 2.9, 2.7, 2.8, 2.9, 2.9, 2.2, 3.3, 3.2, 3.2, 2.8, 1.8]}}, {"type": "Feature", "geometry": {"type": "Point", "coordinates": [12.8, 45.9]}, "properties": {"lat": 45.9, "lon": 12.8, "rain_source": "modello", "rain_gauge_count": 0, "rain_gauge_km": null, "elevation_m": 22.0, "veg_class": "shrub", "vegetation_score": 0.5, "habitat_score": 0.332, "last_rain_date": null, "days_since_rain": null, "rain_7d_mm": 0.0, "et0_7d_mm": 20.0, "humidity_pct": 94, "humidity_min_pct": 23, "soil_moisture": 0.147, "soil_moisture_deep": 0.187, "soil_temp_c": 14.9, "weather_score": 0.223, "daily_dates": ["2026-09-19", "2026-09-20", "2026-09-21", "2026-09-22", "2026-09-23", "2026-09-24", "2026-09-25", "2026-09-26", "2026-09-27", "2026-09-28", "2026-09-29", "2026-09-30", "2026-10-01", "2026-10-02", "2026-10-03", "2026-10-04", "2026-10-05"], "daily_precip_mm": [0.0, 0.0, 0.0, 0.0, 0.0, 0.0, 0.0, 0.0, 0.0, 0.0, 0.0, 0.0, 0.0, 0.0, 0.0, 0.0, 0.0], "daily_temp_mean_c": [21.3, 21.3, 20.6, 18.2, 15.8, 16.7, 16.2, 16.5, 17.8, 18.4, 19.2, 19.1, 19.5, 18.2, 17.5, 16.2, 15.5], "daily_et0_mm": [3.4, 3.2, 2.9, 3.3, 2.5, 2.1, 2.9, 2.9, 2.9, 2.9, 2.8, 2.2, 3.8, 3.5, 3.4, 2.7, 1.6]}}, {"type": "Feature", "geometry": {"type": "Point", "coordinates": [13.1, 45.9]}, "properties": {"lat": 45.9, "lon": 13.1, "rain_source": "modello", "rain_gauge_count": 0, "rain_gauge_km": null, "elevation_m": 21.0, "veg_class": "none", "vegetation_score": 0.1, "habitat_score": 0.065, "last_rain_date": null, "days_since_rain": null, "rain_7d_mm": 0.0, "et0_7d_mm": 20.0, "humidity_pct": 94, "humidity_min_pct": 23, "soil_moisture": 0.147, "soil_moisture_deep": 0.187, "soil_temp_c": 14.9, "weather_score": 0.223, "daily_dates": ["2026-09-19", "2026-09-20", "2026-09-21", "2026-09-22", "2026-09-23", "2026-09-24", "2026-09-25", "2026-09-26", "2026-09-27", "2026-09-28", "2026-09-29", "2026-09-30", "2026-10-01", "2026-10-02", "2026-10-03", "2026-10-04", "2026-10-05"], "daily_precip_mm": [0.5, 0.0, 0.0, 0.0, 0.0, 0.0, 0.0, 0.0, 0.0, 0.0, 0.0, 0.0, 0.0, 0.0, 0.0, 0.0, 0.0], "daily_temp_mean_c": [21.3, 21.3, 20.6, 18.2, 15.8, 16.7, 16.2, 16.5, 17.8, 18.4, 19.2, 19.1, 19.5, 18.2, 17.5, 16.2, 15.5], "daily_et0_mm": [3.4, 3.2, 2.9, 3.3, 2.5, 2.1, 2.9, 2.9, 2.9, 2.9, 2.8, 2.2, 3.8, 3.5, 3.4, 2.7, 1.6]}}, {"type": "Feature", "geometry": {"type": "Point", "coordinates": [13.4, 45.9]}, "properties": {"lat": 45.9, "lon": 13.4, "rain_source": "modello", "rain_gauge_count": 0, "rain_gauge_km": null, "elevation_m": 19.0, "veg_class": "none", "vegetation_score": 0.1, "habitat_score": 0.063, "last_rain_date": null, "days_since_rain": null, "rain_7d_mm": 0.0, "et0_7d_mm": 20.0, "humidity_pct": 94, "humidity_min_pct": 23, "soil_moisture": 0.147, "soil_moisture_deep": 0.187, "soil_temp_c": 14.9, "weather_score": 0.223, "daily_dates": ["2026-09-19", "2026-09-20", "2026-09-21", "2026-09-22", "2026-09-23", "2026-09-24", "2026-09-25", "2026-09-26", "2026-09-27", "2026-09-28", "2026-09-29", "2026-09-30", "2026-10-01", "2026-10-02", "2026-10-03", "2026-10-04", "2026-10-05"], "daily_precip_mm": [0.7, 0.0, 0.0, 0.0, 0.0, 0.4, 0.1, 0.0, 0.0, 0.0, 0.0, 0.0, 0.0, 0.0, 0.0, 0.0, 0.0], "daily_temp_mean_c": [21.3, 21.3, 20.6, 18.2, 15.8, 16.7, 16.2, 16.5, 17.8, 18.4, 19.2, 19.1, 19.5, 18.2, 17.5, 16.2, 15.5], "daily_et0_mm": [3.4, 3.2, 2.9, 3.3, 2.5, 2.1, 2.9, 2.9, 2.9, 2.9, 2.8, 2.2, 3.8, 3.5, 3.4, 2.7, 1.6]}}, {"type": "Feature", "geometry": {"type": "Point", "coordinates": [8.3, 46.2]}, "properties": {"lat": 46.2, "lon": 8.3, "rain_source": "pluviometri", "rain_gauge_count": 3, "rain_gauge_km": 3.5, "elevation_m": 1318.0, "veg_class": "mixed", "vegetation_score": 1.0, "habitat_score": 1.0, "last_rain_date": null, "days_since_rain": null, "rain_7d_mm": 0.3, "et0_7d_mm": 18.0, "humidity_pct": 80, "humidity_min_pct": 53, "soil_moisture": 0.257, "soil_moisture_deep": 0.274, "soil_temp_c": 17.2, "weather_score": 0.28, "daily_dates": ["2026-09-19", "2026-09-20", "2026-09-21", "2026-09-22", "2026-09-23", "2026-09-24", "2026-09-25", "2026-09-26", "2026-09-27", "2026-09-28", "2026-09-29", "2026-09-30", "2026-10-01", "2026-10-02", "2026-10-03", "2026-10-04", "2026-10-05"], "daily_precip_mm": [0.0, 0.0, 0.0, 0.0, 0.0, 0.0, 0.0, 0.0, 0.0, 0.0, 0.0, 0.0, 0.0, 0.0, 0.0, 0.0, 0.3], "daily_temp_mean_c": [18.0, 19.2, 20.5, 18.0, 17.2, 16.9, 16.8, 17.0, 17.2, 17.8, 17.9, 17.8, 18.1, 18.2, 16.9, 16.8, 17.6], "daily_et0_mm": [3.1, 3.2, 4.0, 3.4, 3.1, 2.9, 2.0, 2.5, 3.0, 3.0, 2.8, 2.5, 1.9, 2.7, 2.8, 2.7, 2.6]}}, {"type": "Feature", "geometry": {"type": "Point", "coordinates": [9.5, 46.2]}, "properties": {"lat": 46.2, "lon": 9.5, "rain_source": "misto", "rain_gauge_count": 3, "rain_gauge_km": 3.4, "elevation_m": 1144.0, "veg_class": "broadleaf", "vegetation_score": 1.0, "habitat_score": 1.0, "last_rain_date": "2026-10-05", "days_since_rain": 0, "rain_7d_mm": 1.9, "et0_7d_mm": 9.5, "humidity_pct": 96, "humidity_min_pct": 69, "soil_moisture": 0.178, "soil_moisture_deep": 0.184, "soil_temp_c": 8.8, "weather_score": 0.639, "daily_dates": ["2026-09-19", "2026-09-20", "2026-09-21", "2026-09-22", "2026-09-23", "2026-09-24", "2026-09-25", "2026-09-26", "2026-09-27", "2026-09-28", "2026-09-29", "2026-09-30", "2026-10-01", "2026-10-02", "2026-10-03", "2026-10-04", "2026-10-05"], "daily_precip_mm": [0.3, 0.0, 0.0, 0.0, 0.0, 0.0, 0.0, 0.0, 0.0, 0.0, 0.0, 0.0, 0.0, 0.1, 0.0, 0.0, 1.9], "daily_temp_mean_c": [9.5, 12.0, 13.2, 10.0, 7.6, 11.5, 8.4, 9.5, 10.2, 10.9, 9.4, 8.3, 8.6, 9.5, 9.4, 9.0, 8.8], "daily_et0_mm": [1.9, 2.7, 4.0, 3.3, 1.6, 3.5, 1.8, 1.5, 2.3, 2.4, 1.6, 1.5, 1.0, 1.1, 1.5, 1.7, 1.1]}}, {"type": "Feature", "geometry": {"type": "Point", "coordinates": [9.8, 46.2]}, "properties": {"lat": 46.2, "lon": 9.8, "rain_source": "misto", "rain_gauge_count": 3, "rain_gauge_km": 4.9, "elevation_m": 1601.0, "veg_class": "conifer", "vegetation_score": 1.0, "habitat_score": 0.648, "last_rain_date": "2026-10-05", "days_since_rain": 0, "rain_7d_mm": 4.3, "et0_7d_mm": 10.4, "humidity_pct": 82, "humidity_min_pct": 70, "soil_moisture": 0.224, "soil_moisture_deep": 0.208, "soil_temp_c": 8.5, "weather_score": 0.658, "daily_dates": ["2026-09-19", "2026-09-20", "2026-09-21", "2026-09-22", "2026-09-23", "2026-09-24", "2026-09-25", "2026-09-26", "2026-09-27", "2026-09-28", "2026-09-29", "2026-09-30", "2026-10-01", "2026-10-02", "2026-10-03", "2026-10-04", "2026-10-05"], "daily_precip_mm": [0.1, 0.1, 0.0, 0.1, 0.0, 0.1, 0.0, 0.0, 0.0, 0.1, 0.0, 0.0, 0.0, 0.3, 0.0, 0.0, 4.0], "daily_temp_mean_c": [10.4, 12.5, 13.9, 10.6, 8.0, 11.5, 8.5, 9.8, 10.9, 12.0, 10.9, 9.6, 9.9, 10.2, 10.2, 9.6, 9.3], "daily_et0_mm": [2.1, 2.9, 3.6, 2.9, 1.8, 2.8, 1.9, 1.8, 2.3, 2.2, 1.6, 1.6, 1.2, 1.2, 1.7, 1.9, 1.0]}}, {"type": "Feature", "geometry": {"type": "Point", "coordinates": [10.1, 46.2]}, "properties": {"lat": 46.2, "lon": 10.1, "rain_source": "misto", "rain_gauge_count": 3, "rain_gauge_km": 6.6, "elevation_m": 1001.0, "veg_class": "broadleaf", "vegetation_score": 1.0, "habitat_score": 1.0, "last_rain_date": "2026-10-05", "days_since_rain": 0, "rain_7d_mm": 3.2, "et0_7d_mm": 10.4, "humidity_pct": 82, "humidity_min_pct": 70, "soil_moisture": 0.224, "soil_moisture_deep": 0.208, "soil_temp_c": 8.5, "weather_score": 0.649, "daily_dates": ["2026-09-19", "2026-09-20", "2026-09-21", "2026-09-22", "2026-09-23", "2026-09-24", "2026-09-25", "2026-09-26", "2026-09-27", "2026-09-28", "2026-09-29", "2026-09-30", "2026-10-01", "2026-10-02", "2026-10-03", "2026-10-04", "2026-10-05"], "daily_precip_mm": [0.2, 0.0, 0.0, 0.0, 0.0, 0.0, 0.1, 0.0, 0.0, 0.1, 0.0, 0.0, 0.1, 0.2, 0.0, 0.0, 2.9], "daily_temp_mean_c": [10.4, 12.5, 13.9, 10.6, 8.0, 11.5, 8.5, 9.8, 10.9, 12.0, 10.9, 9.6, 9.9, 10.2, 10.2, 9.6, 9.3], "daily_et0_mm": [2.1, 2.9, 3.6, 2.9, 1.8, 2.8, 1.9, 1.8, 2.3, 2.2, 1.6, 1.6, 1.2, 1.2, 1.7, 1.9, 1.0]}}, {"type": "Feature", "geometry": {"type": "Point", "coordinates": [10.4, 46.2]}, "properties": {"lat": 46.2, "lon": 10.4, "rain_source": "pluviometri", "rain_gauge_count": 3, "rain_gauge_km": 5.8, "elevation_m": 2237.0, "veg_class": "none", "vegetation_score": 0.1, "habitat_score": 0.015, "last_rain_date": "2026-10-05", "days_since_rain": 0, "rain_7d_mm": 3.7, "et0_7d_mm": 13.4, "humidity_pct": 87, "humidity_min_pct": 40, "soil_moisture": 0.187, "soil_moisture_deep": 0.214, "soil_temp_c": 9.5, "weather_score": 0.647, "daily_dates": ["2026-09-19", "2026-09-20", "2026-09-21", "2026-09-22", "2026-09-23", "2026-09-24", "2026-09-25", "2026-09-26", "2026-09-27", "2026-09-28", "2026-09-29", "2026-09-30", "2026-10-01", "2026-10-02", "2026-10-03", "2026-10-04", "2026-10-05"], "daily_precip_mm": [0.1, 0.1, 0.0, 0.0, 0.0, 0.0, 0.0, 0.0, 0.0, 0.0, 0.0, 0.3, 0.4, 0.1, 0.1, 0.1, 2.7], "daily_temp_mean_c": [11.4, 13.1, 13.5, 9.9, 8.8, 13.2, 9.4, 10.1, 12.5, 12.2, 11.5, 11.7, 11.5, 11.0, 10.0, 9.9, 10.5], "daily_et0_mm": [2.6, 3.1, 3.1, 2.7, 1.9, 3.6, 2.1, 2.5, 2.6, 2.7, 1.8, 1.8, 1.1, 2.2, 2.6, 2.6, 1.4]}}, {"type": "Feature", "geometry": {"type": "Point", "coordinates": [10.7, 46.2]}, "properties": {"lat": 46.2, "lon": 10.7, "rain_source": "pluviometri", "rain_gauge_count": 3, "rain_gauge_km": 5.4, "elevation_m": 2711.0, "veg_class": "none", "vegetation_score": 0.1, "habitat_score": 0.015, "last_rain_date": "2026-10-05", "days_since_rain": 0, "rain_7d_mm": 5.5, "et0_7d_mm": 13.4, "humidity_pct": 87, "humidity_min_pct": 40, "soil_moisture": 0.187, "soil_moisture_deep": 0.214, "soil_temp_c": 9.5, "weather_score": 0.662, "daily_dates": ["2026-09-19", "2026-09-20", "2026-09-21", "2026-09-22", "2026-09-23", "2026-09-24", "2026-09-25", "2026-09-26", "2026-09-27", "2026-09-28", "2026-09-29", "2026-09-30", "2026-10-01", "2026-10-02", "2026-10-03", "2026-10-04", "2026-10-05"], "daily_precip_mm": [0.1, 0.1, 0.0, 0.0, 0.0, 0.0, 0.0, 0.0, 0.1, 0.0, 0.0, 0.1, 0.0, 0.0, 0.0, 0.1, 5.3], "daily_temp_mean_c": [11.4, 13.1, 13.5, 9.9, 8.8, 13.2, 9.4, 10.1, 12.5, 12.2, 11.5, 11.7, 11.5, 11.0, 10.0, 9.9, 10.5], "daily_et0_mm": [2.6, 3.1, 3.1, 2.7, 1.9, 3.6, 2.1, 2.5, 2.6, 2.7, 1.8, 1.8, 1.1, 2.2, 2.6, 2.6, 1.4]}}, {"type": "Feature", "geometry": {"type": "Point", "coordinates": [11.0, 46.2]}, "properties": {"lat": 46.2, "lon": 11.0, "rain_source": "pluviometri", "rain_gauge_count": 3, "rain_gauge_km": 4.2, "elevation_m": 1259.0, "veg_class": "broadleaf", "vegetation_score": 1.0, "habitat_score": 1.0, "last_rain_date": null, "days_since_rain": null, "rain_7d_mm": 0.1, "et0_7d_mm": 16.6, "humidity_pct": 81, "humidity_min_pct": 49, "soil_moisture": 0.221, "soil_moisture_deep": 0.234, "soil_temp_c": 11.9, "weather_score": 0.247, "daily_dates": ["2026-09-19", "2026-09-20", "2026-09-21", "2026-09-22", "2026-09-23", "2026-09-24", "2026-09-25", "2026-09-26", "2026-09-27", "2026-09-28", "2026-09-29", "2026-09-30", "2026-10-01", "2026-10-02", "2026-10-03", "2026-10-04", "2026-10-05"], "daily_precip_mm": [0.2, 0.0, 0.0, 0.0, 0.0, 0.0, 0.0, 0.0, 0.0, 0.0, 0.0, 0.0, 0.0, 0.0, 0.0, 0.0, 0.1], "daily_temp_mean_c": [16.3, 17.4, 18.7, 15.2, 13.2, 14.1, 13.5, 14.2, 14.9, 15.6, 15.6, 15.5, 15.6, 15.4, 14.6, 14.2, 13.9], "daily_et0_mm": [2.9, 3.0, 3.1, 3.2, 2.4, 2.4, 2.5, 2.4, 2.7, 2.6, 2.5, 2.4, 2.1, 2.7, 2.6, 2.6, 1.7]}}, {"type": "Feature", "geometry": {"type": "Point", "coordinates": [11.3, 46.2]}, "properties": {"lat": 46.2, "lon": 11.3, "rain_source": "pluviometri", "rain_gauge_count": 3, "rain_gauge_km": 5.4, "elevation_m": 1181.0, "veg_class": "broadleaf", "vegetation_score": 1.0, "habitat_score": 1.0, "last_rain_date": null, "days_since_rain": null, "rain_7d_mm": 0.2, "et0_7d_mm": 12.7, "humidity_pct": 70, "humidity_min_pct": 9, "soil_moisture": 0.337, "soil_moisture_deep": 0.272, "soil_temp_c": 6.8, "weather_score": 0.288, "daily_dates": ["2026-09-19", "2026-09-20", "2026-09-21", "2026-09-22", "2026-09-23", "2026-09-24", "2026-09-25", "2026-09-26", "2026-09-27", "2026-09-28", "2026-09-29", "2026-09-30", "2026-10-01", "2026-10-02", "2026-10-03", "2026-10-04", "2026-10-05"], "daily_precip_mm": [0.0, 0.1, 0.0, 0.0, 0.0, 0.0, 0.0, 0.0, 0.0, 0.0, 0.0, 0.0, 0.0, 0.0, 0.0, 0.0, 0.2], "daily_temp_mean_c": [8.8, 10.8, 11.7, 8.5, 6.0, 9.0, 6.5, 8.4, 9.5, 10.8, 9.1, 7.9, 8.3, 8.5, 8.2, 8.6, 7.6], "daily_et0_mm": [1.5, 2.7, 3.6, 4.1, 1.7, 2.8, 2.4, 2.4, 2.4, 2.6, 1.6, 1.3, 1.7, 2.2, 2.2, 2.4, 1.2]}}, {"type": "Feature", "geometry": {"type": "Point", "coordinates": [11.6, 46.2]}, "properties": {"lat": 46.2, "lon": 11.6, "rain_source": "pluviometri", "rain_gauge_count": 3, "rain_gauge_km": 6.5, "elevation_m": 1499.0, "veg_class": "shrub", "vegetation_score": 0.5, "habitat_score": 0.413, "last_rain_date": null, "days_since_rain": null, "rain_7d_mm": 0.5, "et0_7d_mm": 12.7, "humidity_pct": 70, "humidity_min_pct": 9, "soil_moisture": 0.337, "soil_moisture_deep": 0.272, "soil_temp_c": 6.8, "weather_score": 0.291, "daily_dates": ["2026-09-19", "2026-09-20", "2026-09-21", "2026-09-22", "2026-09-23", "2026-09-24", "2026-09-25", "2026-09-26", "2026-09-27", "2026-09-28", "2026-09-29", "2026-09-30", "2026-10-01", "2026-10-02", "2026-10-03", "2026-10-04", "2026-10-05"], "daily_precip_mm": [0.0, 0.0, 0.0, 0.0, 0.0, 0.0, 0.0, 0.0, 0.0, 0.0, 0.0, 0.0, 0.0, 0.0, 0.0, 0.0, 0.5], "daily_temp_mean_c": [8.8, 10.8, 11.7, 8.5, 6.0, 9.0, 6.5, 8.4, 9.5, 10.8, 9.1, 7.9, 8.3, 8.5, 8.2, 8.6, 7.6], "daily_et0_mm": [1.5, 2.7, 3.6, 4.1, 1.7, 2.8, 2.4, 2.4, 2.4, 2.6, 1.6, 1.3, 1.7, 2.2, 2.2, 2.4, 1.2]}}, {"type": "Feature", "geometry": {"type": "Point", "coordinates": [11.9, 46.2]}, "properties": {"lat": 46.2, "lon": 11.9, "rain_source": "pluviometri", "rain_gauge_count": 3, "rain_gauge_km": 1.3, "elevation_m": 1726.0, "veg_class": "mixed", "vegetation_score": 1.0, "habitat_score": 0.43, "last_rain_date": "2026-10-05", "days_since_rain": 0, "rain_7d_mm": 3.3, "et0_7d_mm": 17.2, "humidity_pct": 88, "humidity_min_pct": 44, "soil_moisture": 0.144, "soil_moisture_deep": 0.16, "soil_temp_c": 12.2, "weather_score": 0.604, "daily_dates": ["2026-09-19", "2026-09-20", "2026-09-21", "2026-09-22", "2026-09-23", "2026-09-24", "2026-09-25", "2026-09-26", "2026-09-27", "2026-09-28", "2026-09-29", "2026-09-30", "2026-10-01", "2026-10-02", "2026-10-03", "2026-10-04", "2026-10-05"], "daily_precip_mm": [0.0, 0.3, 0.0, 0.0, 0.0, 0.0, 0.0, 0.0, 0.0, 0.0, 0.0, 0.0, 0.0, 0.0, 0.0, 0.0, 3.3], "daily_temp_mean_c": [16.4, 17.1, 17.4, 14.1, 12.1, 12.1, 12.6, 13.4, 14.5, 14.7, 15.3, 15.6, 15.8, 14.6, 13.8, 13.1, 12.8], "daily_et0_mm": [2.5, 2.9, 2.6, 3.0, 2.4, 2.1, 2.6, 2.6, 2.7, 2.7, 2.6, 2.4, 2.8, 2.7, 2.8, 2.5, 1.5]}}, {"type": "Feature", "geometry": {"type": "Point", "coordinates": [12.2, 46.2]}, "properties": {"lat": 46.2, "lon": 12.2, "rain_source": "modello", "rain_gauge_count": 0, "rain_gauge_km": null, "elevation_m": 686.0, "veg_class": "broadleaf", "vegetation_score": 1.0, "habitat_score": 1.0, "last_rain_date": null, "days_since_rain": null, "rain_7d_mm": 0.0, "et0_7d_mm": 17.2, "humidity_pct": 88, "humidity_min_pct": 44, "soil_moisture": 0.144, "soil_moisture_deep": 0.16, "soil_temp_c": 12.2, "weather_score": 0.196, "daily_dates": ["2026-09-19", "2026-09-20", "2026-09-21", "2026-09-22", "2026-09-23", "2026-09-24", "2026-09-25", "2026-09-26", "2026-09-27", "2026-09-28", "2026-09-29", "2026-09-30", "2026-10-01", "2026-10-02", "2026-10-03", "2026-10-04", "2026-10-05"], "daily_precip_mm": [1.0, 0.0, 0.0, 0.0, 0.0, 0.0, 0.0, 0.0, 0.0, 0.0, 0.0, 0.0, 0.0, 0.0, 0.0, 0.0, 0.0], "daily_temp_mean_c": [16.4, 17.1, 17.4, 14.1, 12.1, 12.1, 12.6, 13.4, 14.5, 14.7, 15.3, 15.6, 15.8, 14.6, 13.8, 13.1, 12.8], "daily_et0_mm": [2.5, 2.9, 2.6, 3.0, 2.4, 2.1, 2.6, 2.6, 2.7, 2.7, 2.6, 2.4, 2.8, 2.7, 2.8, 2.5, 1.5]}}, {"type": "Feature", "geometry": {"type": "Point", "coordinates": [12.5, 46.2]}, "properties": {"lat": 46.2, "lon": 12.5, "rain_source": "modello", "rain_gauge_count": 0, "rain_gauge_km": null, "elevation_m": 652.0, "veg_class": "broadleaf", "vegetation_score": 1.0, "habitat_score": 1.0, "last_rain_date": null, "days_since_rain": null, "rain_7d_mm": 0.0, "et0_7d_mm": 19.4, "humidity_pct": 44, "humidity_min_pct": 28, "soil_moisture": 0.266, "soil_moisture_deep": 0.28, "soil_temp_c": 14.7, "weather_score": 0.186, "daily_dates": ["2026-09-19", "2026-09-20", "2026-09-21", "2026-09-22", "2026-09-23", "2026-09-24", "2026-09-25", "2026-09-26", "2026-09-27", "2026-09-28", "2026-09-29", "2026-09-30", "2026-10-01", "2026-10-02", "2026-10-03", "2026-10-04", "2026-10-05"], "daily_precip_mm": [0.2, 0.0, 0.0, 0.1, 0.0, 0.0, 0.0, 0.0, 0.0, 0.0, 0.0, 0.0, 0.0, 0.0, 0.0, 0.0, 0.0], "daily_temp_mean_c": [21.4, 21.4, 21.5, 18.5, 16.3, 16.5, 17.0, 17.2, 18.4, 18.9, 20.1, 19.8, 20.4, 19.0, 18.4, 17.4, 15.7], "daily_et0_mm": [2.9, 3.2, 2.9, 3.5, 2.9, 2.3, 2.9, 2.7, 2.8, 2.9, 2.9, 2.2, 3.3, 3.2, 3.2, 2.8, 1.8]}}, {"type": "Feature", "geometry": {"type": "Point", "coordinates": [12.8, 46.2]}, "properties": {"lat": 46.2, "lon": 12.8, "rain_source": "modello", "rain_gauge_count": 0, "rain_gauge_km": null, "elevation_m": 265.0, "veg_class": "none", "vegetation_score": 0.1, "habitat_score": 0.1, "last_rain_date": null, "days_since_rain": null, "rain_7d_mm": 0.0, "et0_7d_mm": 20.0, "humidity_pct": 94, "humidity_min_pct": 23, "soil_moisture": 0.147, "soil_moisture_deep": 0.187, "soil_temp_c": 14.9, "weather_score": 0.223, "daily_dates": ["2026-09-19", "2026-09-20", "2026-09-21", "2026-09-22", "2026-09-23", "2026-09-24", "2026-09-25", "2026-09-26", "2026-09-27", "2026-09-28", "2026-09-29", "2026-09-30", "2026-10-01", "2026-10-02", "2026-10-03", "2026-10-04", "2026-10-05"], "daily_precip_mm": [0.1, 0.0, 0.0, 0.0, 0.0, 0.0, 0.0, 0.0, 0.0, 0.0, 0.0, 0.0, 0.0, 0.0, 0.0, 0.0, 0.0], "daily_temp_mean_c": [21.3, 21.3, 20.6, 18.2, 15.8, 16.7, 16.2, 16.5, 17.8, 18.4, 19.2, 19.1, 19.5, 18.2, 17.5, 16.2, 15.5], "daily_et0_mm": [3.4, 3.2, 2.9, 3.3, 2.5, 2.1, 2.9, 2.9, 2.9, 2.9, 2.8, 2.2, 3.8, 3.5, 3.4, 2.7, 1.6]}}, {"type": "Feature", "geometry": {"type": "Point", "coordinates": [13.1, 46.2]}, "properties": {"lat": 46.2, "lon": 13.1, "rain_source": "modello", "rain_gauge_count": 0, "rain_gauge_km": null, "elevation_m": 166.0, "veg_class": "none", "vegetation_score": 0.1, "habitat_score": 0.1, "last_rain_date": null, "days_since_rain": null, "rain_7d_mm": 0.0, "et0_7d_mm": 20.0, "humidity_pct": 94, "humidity_min_pct": 23, "soil_moisture": 0.147, "soil_moisture_deep": 0.187, "soil_temp_c": 14.9, "weather_score": 0.223, "daily_dates": ["2026-09-19", "2026-09-20", "2026-09-21", "2026-09-22", "2026-09-23", "2026-09-24", "2026-09-25", "2026-09-26", "2026-09-27", "2026-09-28", "2026-09-29", "2026-09-30", "2026-10-01", "2026-10-02", "2026-10-03", "2026-10-04", "2026-10-05"], "daily_precip_mm": [0.2, 0.0, 0.0, 0.0, 0.0, 0.0, 0.0, 0.0, 0.0, 0.0, 0.0, 0.0, 0.0, 0.0, 0.0, 0.0, 0.0], "daily_temp_mean_c": [21.3, 21.3, 20.6, 18.2, 15.8, 16.7, 16.2, 16.5, 17.8, 18.4, 19.2, 19.1, 19.5, 18.2, 17.5, 16.2, 15.5], "daily_et0_mm": [3.4, 3.2, 2.9, 3.3, 2.5, 2.1, 2.9, 2.9, 2.9, 2.9, 2.8, 2.2, 3.8, 3.5, 3.4, 2.7, 1.6]}}, {"type": "Feature", "geometry": {"type": "Point", "coordinates": [13.4, 46.2]}, "properties": {"lat": 46.2, "lon": 13.4, "rain_source": "modello", "rain_gauge_count": 0, "rain_gauge_km": null, "elevation_m": 641.0, "veg_class": "broadleaf", "vegetation_score": 1.0, "habitat_score": 1.0, "last_rain_date": null, "days_since_rain": null, "rain_7d_mm": 0.0, "et0_7d_mm": 14.4, "humidity_pct": 79, "humidity_min_pct": 43, "soil_moisture": 0.268, "soil_moisture_deep": 0.278, "soil_temp_c": 8.0, "weather_score": 0.282, "daily_dates": ["2026-09-19", "2026-09-20", "2026-09-21", "2026-09-22", "2026-09-23", "2026-09-24", "2026-09-25", "2026-09-26", "2026-09-27", "2026-09-28", "2026-09-29", "2026-09-30", "2026-10-01", "2026-10-02", "2026-10-03", "2026-10-04", "2026-10-05"], "daily_precip_mm": [0.3, 0.0, 0.0, 0.0, 0.0, 0.6, 0.0, 0.0, 0.0, 0.0, 0.0, 0.0, 0.0, 0.0, 0.0, 0.0, 0.0], "daily_temp_mean_c": [15.0, 16.4, 15.4, 10.5, 9.6, 11.2, 10.2, 11.3, 12.6, 13.4, 13.2, 14.0, 12.7, 11.5, 11.6, 11.7, 11.1], "daily_et0_mm": [2.4, 3.0, 2.3, 2.8, 2.7, 1.9, 2.6, 2.6, 2.6, 2.6, 2.0, 1.5, 2.5, 2.0, 2.4, 2.4, 1.6]}}, {"type": "Feature", "geometry": {"type": "Point", "coordinates": [10.1, 46.5]}, "properties": {"lat": 46.5, "lon": 10.1, "rain_source": "misto", "rain_gauge_count": 3, "rain_gauge_km": 5.2, "elevation_m": 2577.0, "veg_class": "none", "vegetation_score": 0.1, "habitat_score": 0.015, "last_rain_date": "2026-10-05", "days_since_rain": 0, "rain_7d_mm": 5.5, "et0_7d_mm": 11.6, "humidity_pct": 89, "humidity_min_pct": 40, "soil_moisture": 0.224, "soil_moisture_deep": 0.244, "soil_temp_c": 1.2, "weather_score": 0.699, "daily_dates": ["2026-09-19", "2026-09-20", "2026-09-21", "2026-09-22", "2026-09-23", "2026-09-24", "2026-09-25", "2026-09-26", "2026-09-27", "2026-09-28", "2026-09-29", "2026-09-30", "2026-10-01", "2026-10-02", "2026-10-03", "2026-10-04", "2026-10-05"], "daily_precip_mm": [0.0, 0.0, 0.0, 0.0, 0.0, 0.0, 0.0, 0.0, 0.0, 0.0, 0.0, 0.0, 0.0, 1.1, 0.1, 0.0, 4.3], "daily_temp_mean_c": [3.3, 5.9, 3.2, 1.3, 3.6, 2.4, 2.9, 6.4, 6.5, 7.2, 6.1, 4.2, 3.3, 3.4, 3.3, 3.0, 1.5], "daily_et0_mm": [2.3, 3.0, 2.5, 3.1, 3.5, 2.4, 3.4, 3.3, 2.7, 2.6, 2.5, 2.0, 1.1, 1.1, 1.8, 2.1, 1.0]}}, {"type": "Feature", "geometry": {"type": "Point", "coordinates": [10.4, 46.5]}, "properties": {"lat": 46.5, "lon": 10.4, "rain_source": "pluviometri", "rain_gauge_count": 3, "rain_gauge_km": 4.4, "elevation_m": 2536.0, "veg_class": "none", "vegetation_score": 0.1, "habitat_score": 0.015, "last_rain_date": "2026-10-05", "days_since_rain": 0, "rain_7d_mm": 6.6, "et0_7d_mm": 11.6, "humidity_pct": 89, "humidity_min_pct": 40, "soil_moisture": 0.224, "soil_moisture_deep": 0.244, "soil_temp_c": 1.2, "weather_score": 0.708, "daily_dates": ["2026-09-19", "2026-09-20", "2026-09-21", "2026-09-22", "2026-09-23", "2026-09-24", "2026-09-25", "2026-09-26", "2026-09-27", "2026-09-28", "2026-09-29", "2026-09-30", "2026-10-01", "2026-10-02", "2026-10-03", "2026-10-04", "2026-10-05"], "daily_precip_mm": [0.2, 0.1, 0.0, 0.0, 0.0, 0.0, 0.0, 0.0, 0.1, 0.1, 0.0, 0.0, 0.0, 0.1, 0.0, 0.0, 6.5], "daily_temp_mean_c": [3.3, 5.9, 3.2, 1.3, 3.6, 2.4, 2.9, 6.4, 6.5, 7.2, 6.1, 4.2, 3.3, 3.4, 3.3, 3.0, 1.5], "daily_et0_mm": [2.3, 3.0, 2.5, 3.1, 3.5, 2.4, 3.4, 3.3, 2.7, 2.6, 2.5, 2.0, 1.1, 1.1, 1.8, 2.1, 1.0]}}, {"type": "Feature", "geometry": {"type": "Point", "coordinates": [10.7, 46.5]}, "properties": {"lat": 46.5, "lon": 10.7, "rain_source": "pluviometri", "rain_gauge_count": 3, "rain_gauge_km": 8.6, "elevation_m": 2205.0, "veg_class": "conifer", "vegetation_score": 1.0, "habitat_score": 0.15, "last_rain_date": "2026-10-05", "days_since_rain": 0, "rain_7d_mm": 4.7, "et0_7d_mm": 11.6, "humidity_pct": 89, "humidity_min_pct": 40, "soil_moisture": 0.224, "soil_moisture_deep": 0.244, "soil_temp_c": 1.2, "weather_score": 0.692, "daily_dates": ["2026-09-19", "2026-09-20", "2026-09-21", "2026-09-22", "2026-09-23", "2026-09-24", "2026-09-25", "2026-09-26", "2026-09-27", "2026-09-28", "2026-09-29", "2026-09-30", "2026-10-01", "2026-10-02", "2026-10-03", "2026-10-04", "2026-10-05"], "daily_precip_mm": [0.0, 0.0, 0.0, 0.0, 0.0, 0.0, 0.0, 0.0, 0.0, 0.0, 0.0, 0.0, 0.0, 0.0, 0.0, 0.0, 4.7], "daily_temp_mean_c": [3.3, 5.9, 3.2, 1.3, 3.6, 2.4, 2.9, 6.4, 6.5, 7.2, 6.1, 4.2, 3.3, 3.4, 3.3, 3.0, 1.5], "daily_et0_mm": [2.3, 3.0, 2.5, 3.1, 3.5, 2.4, 3.4, 3.3, 2.7, 2.6, 2.5, 2.0, 1.1, 1.1, 1.8, 2.1, 1.0]}}, {"type": "Feature", "geometry": {"type": "Point", "coordinates": [11.0, 46.5]}, "properties": {"lat": 46.5, "lon": 11.0, "rain_source": "pluviometri", "rain_gauge_count": 3, "rain_gauge_km": 3.5, "elevation_m": 2369.0, "veg_class": "none", "vegetation_score": 0.1, "habitat_score": 0.015, "last_rain_date": "2026-10-05", "days_since_rain": 0, "rain_7d_mm": 2.0, "et0_7d_mm": 10.1, "humidity_pct": 82, "humidity_min_pct": 49, "soil_moisture": 0.174, "soil_moisture_deep": 0.167, "soil_temp_c": 3.2, "weather_score": 0.596, "daily_dates": ["2026-09-19", "2026-09-20", "2026-09-21", "2026-09-22", "2026-09-23", "2026-09-24", "2026-09-25", "2026-09-26", "2026-09-27", "2026-09-28", "2026-09-29", "2026-09-30", "2026-10-01", "2026-10-02", "2026-10-03", "2026-10-04", "2026-10-05"], "daily_precip_mm": [0.1, 0.0, 0.0, 0.0, 0.0, 0.0, 0.0, 0.0, 0.0, 0.0, 0.0, 0.0, 0.0, 0.0, 0.0, 0.0, 2.0], "daily_temp_mean_c": [6.6, 9.4, 8.8, 6.5, 6.0, 7.5, 6.3, 8.2, 8.1, 9.7, 7.5, 6.9, 6.5, 6.8, 6.2, 6.2, 5.0], "daily_et0_mm": [1.8, 2.7, 3.4, 3.5, 2.6, 3.3, 2.8, 2.6, 2.0, 2.4, 1.1, 1.1, 1.1, 1.7, 2.0, 2.1, 1.0]}}, {"type": "Feature", "geometry": {"type": "Point", "coordinates": [11.3, 46.5]}, "properties": {"lat": 46.5, "lon": 11.3, "rain_source": "pluviometri", "rain_gauge_count": 3, "rain_gauge_km": 12.3, "elevation_m": 244.0, "veg_class": "none", "vegetation_score": 0.1, "habitat_score": 0.1, "last_rain_date": null, "days_since_rain": null, "rain_7d_mm": 0.1, "et0_7d_mm": 16.1, "humidity_pct": 83, "humidity_min_pct": 42, "soil_moisture": 0.088, "soil_moisture_deep": 0.091, "soil_temp_c": 11.5, "weather_score": 0.138, "daily_dates": ["2026-09-19", "2026-09-20", "2026-09-21", "2026-09-22", "2026-09-23", "2026-09-24", "2026-09-25", "2026-09-26", "2026-09-27", "2026-09-28", "2026-09-29", "2026-09-30", "2026-10-01", "2026-10-02", "2026-10-03", "2026-10-04", "2026-10-05"], "daily_precip_mm": [0.1, 0.1, 0.0, 0.0, 0.0, 0.0, 0.0, 0.0, 0.0, 0.0, 0.0, 0.0, 0.0, 0.0, 0.0, 0.0, 0.1], "daily_temp_mean_c": [14.6, 16.4, 17.7, 15.3, 12.0, 13.8, 13.1, 13.1, 14.4, 15.5, 15.9, 15.3, 15.3, 14.8, 15.0, 14.3, 12.8], "daily_et0_mm": [2.9, 2.9, 4.0, 4.6, 2.8, 3.0, 3.1, 2.5, 2.6, 2.8, 2.3, 2.4, 2.2, 2.6, 2.5, 2.6, 1.4]}}, {"type": "Feature", "geometry": {"type": "Point", "coordinates": [11.6, 46.5]}, "properties": {"lat": 46.5, "lon": 11.6, "rain_source": "pluviometri", "rain_gauge_count": 3, "rain_gauge_km": 4.5, "elevation_m": 2407.0, "veg_class": "none", "vegetation_score": 0.1, "habitat_score": 0.015, "last_rain_date": "2026-10-05", "days_since_rain": 0, "rain_7d_mm": 1.2, "et0_7d_mm": 16.1, "humidity_pct": 83, "humidity_min_pct": 42, "soil_moisture": 0.088, "soil_moisture_deep": 0.091, "soil_temp_c": 11.5, "weather_score": 0.527, "daily_dates": ["2026-09-19", "2026-09-20", "2026-09-21", "2026-09-22", "2026-09-23", "2026-09-24", "2026-09-25", "2026-09-26", "2026-09-27", "2026-09-28", "2026-09-29", "2026-09-30", "2026-10-01", "2026-10-02", "2026-10-03", "2026-10-04", "2026-10-05"], "daily_precip_mm": [0.0, 0.0, 0.0, 0.0, 0.0, 0.0, 0.0, 0.0, 0.0, 0.0, 0.0, 0.0, 0.0, 0.0, 0.0, 0.0, 1.2], "daily_temp_mean_c": [14.6, 16.4, 17.7, 15.3, 12.0, 13.8, 13.1, 13.1, 14.4, 15.5, 15.9, 15.3, 15.3, 14.8, 15.0, 14.3, 12.8], "daily_et0_mm": [2.9, 2.9, 4.0, 4.6, 2.8, 3.0, 3.1, 2.5, 2.6, 2.8, 2.3, 2.4, 2.2, 2.6, 2.5, 2.6, 1.4]}}, {"type": "Feature", "geometry": {"type": "Point", "coordinates": [11.9, 46.5]}, "properties": {"lat": 46.5, "lon": 11.9, "rain_source": "pluviometri", "rain_gauge_count": 3, "rain_gauge_km": 5.4, "elevation_m": 1663.0, "veg_class": "conifer", "vegetation_score": 1.0, "habitat_score": 0.54, "last_rain_date": null, "days_since_rain": null, "rain_7d_mm": 0.4, "et0_7d_mm": 14.5, "humidity_pct": 82, "humidity_min_pct": 33, "soil_moisture": 0.276, "soil_moisture_deep": 0.281, "soil_temp_c": 7.3, "weather_score": 0.299, "daily_dates": ["2026-09-19", "2026-09-20", "2026-09-21", "2026-09-22", "2026-09-23", "2026-09-24", "2026-09-25", "2026-09-26", "2026-09-27", "2026-09-28", "2026-09-29", "2026-09-30", "2026-10-01", "2026-10-02", "2026-10-03", "2026-10-04", "2026-10-05"], "daily_precip_mm": [0.1, 0.0, 0.0, 0.0, 0.0, 0.0, 0.0, 0.0, 0.0, 0.0, 0.0, 0.0, 0.0, 0.0, 0.0, 0.0, 0.4], "daily_temp_mean_c": [9.4, 11.7, 10.7, 7.4, 7.3, 8.5, 7.3, 9.1, 10.1, 11.5, 9.4, 9.0, 8.9, 8.8, 8.9, 9.3, 8.0], "daily_et0_mm": [2.6, 3.0, 3.2, 3.5, 3.0, 2.7, 2.9, 2.7, 2.6, 2.9, 2.0, 1.9, 2.0, 2.4, 2.4, 2.5, 1.3]}}, {"type": "Feature", "geometry": {"type": "Point", "coordinates": [12.2, 46.5]}, "properties": {"lat": 46.5, "lon": 12.2, "rain_source": "modello", "rain_gauge_count": 0, "rain_gauge_km": null, "elevation_m": 1911.0, "veg_class": "none", "vegetation_score": 0.1, "habitat_score": 0.015, "last_rain_date": null, "days_since_rain": null, "rain_7d_mm": 0.0, "et0_7d_mm": 14.5, "humidity_pct": 82, "humidity_min_pct": 33, "soil_moisture": 0.276, "soil_moisture_deep": 0.281, "soil_temp_c": 7.3, "weather_score": 0.296, "daily_dates": ["2026-09-19", "2026-09-20", "2026-09-21", "2026-09-22", "2026-09-23", "2026-09-24", "2026-09-25", "2026-09-26", "2026-09-27", "2026-09-28", "2026-09-29", "2026-09-30", "2026-10-01", "2026-10-02", "2026-10-03", "2026-10-04", "2026-10-05"], "daily_precip_mm": [0.0, 0.0, 0.0, 0.0, 0.0, 0.0, 0.0, 0.0, 0.0, 0.0, 0.0, 0.0, 0.0, 0.0, 0.0, 0.0, 0.0], "daily_temp_mean_c": [9.4, 11.7, 10.7, 7.4, 7.3, 8.5, 7.3, 9.1, 10.1, 11.5, 9.4, 9.0, 8.9, 8.8, 8.9, 9.3, 8.0], "daily_et0_mm": [2.6, 3.0, 3.2, 3.5, 3.0, 2.7, 2.9, 2.7, 2.6, 2.9, 2.0, 1.9, 2.0, 2.4, 2.4, 2.5, 1.3]}}, {"type": "Feature", "geometry": {"type": "Point", "coordinates": [12.5, 46.5]}, "properties": {"lat": 46.5, "lon": 12.5, "rain_source": "modello", "rain_gauge_count": 0, "rain_gauge_km": null, "elevation_m": 1399.0, "veg_class": "conifer", "vegetation_score": 1.0, "habitat_score": 1.0, "last_rain_date": null, "days_since_rain": null, "rain_7d_mm": 0.0, "et0_7d_mm": 14.8, "humidity_pct": 39, "humidity_min_pct": 29, "soil_moisture": 0.256, "soil_moisture_deep": 0.271, "soil_temp_c": 9.7, "weather_score": 0.167, "daily_dates": ["2026-09-19", "2026-09-20", "2026-09-21", "2026-09-22", "2026-09-23", "2026-09-24", "2026-09-25", "2026-09-26", "2026-09-27", "2026-09-28", "2026-09-29", "2026-09-30", "2026-10-01", "2026-10-02", "2026-10-03", "2026-10-04", "2026-10-05"], "daily_precip_mm": [0.0, 0.0, 0.0, 0.0, 0.0, 0.0, 0.0, 0.0, 0.0, 0.0, 0.0, 0.0, 0.0, 0.0, 0.0, 0.0, 0.0], "daily_temp_mean_c": [12.0, 14.0, 14.0, 10.3, 8.1, 10.3, 8.3, 9.8, 11.7, 13.2, 11.8, 11.8, 11.9, 11.5, 11.5, 11.5, 10.8], "daily_et0_mm": [2.7, 2.9, 2.9, 3.4, 2.2, 2.2, 2.6, 2.3, 2.5, 2.7, 1.5, 1.6, 2.1, 2.5, 2.6, 2.6, 1.9]}}, {"type": "Feature", "geometry": {"type": "Point", "coordinates": [12.8, 46.5]}, "properties": {"lat": 46.5, "lon": 12.8, "rain_source": "modello", "rain_gauge_count": 0, "rain_gauge_km": null, "elevation_m": 1076.0, "veg_class": "mixed", "vegetation_score": 1.0, "habitat_score": 1.0, "last_rain_date": null, "days_since_rain": null, "rain_7d_mm": 0.0, "et0_7d_mm": 15.8, "humidity_pct": 65, "humidity_min_pct": 36, "soil_moisture": 0.215, "soil_moisture_deep": 0.236, "soil_temp_c": 11.0, "weather_score": 0.199, "daily_dates": ["2026-09-19", "2026-09-20", "2026-09-21", "2026-09-22", "2026-09-23", "2026-09-24", "2026-09-25", "2026-09-26", "2026-09-27", "2026-09-28", "2026-09-29", "2026-09-30", "2026-10-01", "2026-10-02", "2026-10-03", "2026-10-04", "2026-10-05"], "daily_precip_mm": [0.0, 0.0, 0.0, 0.0, 0.0, 0.3, 0.0, 0.0, 0.0, 0.0, 0.0, 0.0, 0.0, 0.0, 0.0, 0.0, 0.0], "daily_temp_mean_c": [16.8, 17.7, 17.3, 13.7, 11.4, 12.5, 12.5, 13.1, 14.6, 15.2, 15.6, 16.2, 16.0, 16.1, 15.0, 14.0, 13.4], "daily_et0_mm": [2.9, 3.0, 2.5, 3.1, 2.5, 1.6, 2.8, 2.6, 2.8, 2.7, 1.6, 1.9, 2.7, 2.4, 2.8, 2.7, 1.7]}}, {"type": "Feature", "geometry": {"type": "Point", "coordinates": [13.1, 46.5]}, "properties": {"lat": 46.5, "lon": 13.1, "rain_source": "modello", "rain_gauge_count": 0, "rain_gauge_km": null, "elevation_m": 887.0, "veg_class": "broadleaf", "vegetation_score": 1.0, "habitat_score": 1.0, "last_rain_date": null, "days_since_rain": null, "rain_7d_mm": 0.0, "et0_7d_mm": 15.8, "humidity_pct": 65, "humidity_min_pct": 36, "soil_moisture": 0.215, "soil_moisture_deep": 0.236, "soil_temp_c": 11.0, "weather_score": 0.199, "daily_dates": ["2026-09-19", "2026-09-20", "2026-09-21", "2026-09-22", "2026-09-23", "2026-09-24", "2026-09-25", "2026-09-26", "2026-09-27", "2026-09-28", "2026-09-29", "2026-09-30", "2026-10-01", "2026-10-02", "2026-10-03", "2026-10-04", "2026-10-05"], "daily_precip_mm": [0.0, 0.0, 0.0, 0.0, 0.0, 0.9, 0.0, 0.0, 0.0, 0.0, 0.0, 0.0, 0.0, 0.0, 0.0, 0.0, 0.0], "daily_temp_mean_c": [16.8, 17.7, 17.3, 13.7, 11.4, 12.5, 12.5, 13.1, 14.6, 15.2, 15.6, 16.2, 16.0, 16.1, 15.0, 14.0, 13.4], "daily_et0_mm": [2.9, 3.0, 2.5, 3.1, 2.5, 1.6, 2.8, 2.6, 2.8, 2.7, 1.6, 1.9, 2.7, 2.4, 2.8, 2.7, 1.7]}}, {"type": "Feature", "geometry": {"type": "Point", "coordinates": [13.4, 46.5]}, "properties": {"lat": 46.5, "lon": 13.4, "rain_source": "modello", "rain_gauge_count": 0, "rain_gauge_km": null, "elevation_m": 657.0, "veg_class": "none", "vegetation_score": 0.1, "habitat_score": 0.1, "last_rain_date": "2026-09-24", "days_since_rain": 11, "rain_7d_mm": 0.0, "et0_7d_mm": 14.4, "humidity_pct": 79, "humidity_min_pct": 43, "soil_moisture": 0.268, "soil_moisture_deep": 0.278, "soil_temp_c": 8.0, "weather_score": 0.322, "daily_dates": ["2026-09-19", "2026-09-20", "2026-09-21", "2026-09-22", "2026-09-23", "2026-09-24", "2026-09-25", "2026-09-26", "2026-09-27", "2026-09-28", "2026-09-29", "2026-09-30", "2026-10-01", "2026-10-02", "2026-10-03", "2026-10-04", "2026-10-05"], "daily_precip_mm": [0.3, 0.0, 0.0, 0.0, 0.0, 1.4, 0.0, 0.0, 0.0, 0.0, 0.0, 0.0, 0.0, 0.0, 0.0, 0.0, 0.0], "daily_temp_mean_c": [15.0, 16.4, 15.4, 10.5, 9.6, 11.2, 10.2, 11.3, 12.6, 13.4, 13.2, 14.0, 12.7, 11.5, 11.6, 11.7, 11.1], "daily_et0_mm": [2.4, 3.0, 2.3, 2.8, 2.7, 1.9, 2.6, 2.6, 2.6, 2.6, 2.0, 1.5, 2.5, 2.0, 2.4, 2.4, 1.6]}}, {"type": "Feature", "geometry": {"type": "Point", "coordinates": [13.7, 46.5]}, "properties": {"lat": 46.5, "lon": 13.7, "rain_source": "modello", "rain_gauge_count": 0, "rain_gauge_km": null, "elevation_m": 889.0, "veg_class": "none", "vegetation_score": 0.1, "habitat_score": 0.1, "last_rain_date": null, "days_since_rain": null, "rain_7d_mm": 0.0, "et0_7d_mm": 14.4, "humidity_pct": 79, "humidity_min_pct": 43, "soil_moisture": 0.268, "soil_moisture_deep": 0.278, "soil_temp_c": 8.0, "weather_score": 0.282, "daily_dates": ["2026-09-19", "2026-09-20", "2026-09-21", "2026-09-22", "2026-09-23", "2026-09-24", "2026-09-25", "2026-09-26", "2026-09-27", "2026-09-28", "2026-09-29", "2026-09-30", "2026-10-01", "2026-10-02", "2026-10-03", "2026-10-04", "2026-10-05"], "daily_precip_mm": [0.8, 0.0, 0.0, 0.0, 0.0, 0.7, 0.0, 0.0, 0.0, 0.0, 0.0, 0.0, 0.0, 0.0, 0.0, 0.0, 0.0], "daily_temp_mean_c": [15.0, 16.4, 15.4, 10.5, 9.6, 11.2, 10.2, 11.3, 12.6, 13.4, 13.2, 14.0, 12.7, 11.5, 11.6, 11.7, 11.1], "daily_et0_mm": [2.4, 3.0, 2.3, 2.8, 2.7, 1.9, 2.6, 2.6, 2.6, 2.6, 2.0, 1.5, 2.5, 2.0, 2.4, 2.4, 1.6]}}, {"type": "Feature", "geometry": {"type": "Point", "coordinates": [10.7, 46.8]}, "properties": {"lat": 46.8, "lon": 10.7, "rain_source": "modello", "rain_gauge_count": 0, "rain_gauge_km": null, "elevation_m": 3179.0, "veg_class": "none", "vegetation_score": 0.1, "habitat_score": 0.015, "last_rain_date": "2026-10-05", "days_since_rain": 0, "rain_7d_mm": 8.9, "et0_7d_mm": 11.6, "humidity_pct": 89, "humidity_min_pct": 40, "soil_moisture": 0.224, "soil_moisture_deep": 0.244, "soil_temp_c": 1.2, "weather_score": 0.727, "daily_dates": ["2026-09-19", "2026-09-20", "2026-09-21", "2026-09-22", "2026-09-23", "2026-09-24", "2026-09-25", "2026-09-26", "2026-09-27", "2026-09-28", "2026-09-29", "2026-09-30", "2026-10-01", "2026-10-02", "2026-10-03", "2026-10-04", "2026-10-05"], "daily_precip_mm": [0.0, 0.0, 0.0, 0.0, 0.0, 0.2, 0.0, 0.0, 0.0, 0.0, 0.0, 0.2, 1.9, 0.0, 0.0, 0.0, 6.8], "daily_temp_mean_c": [3.3, 5.9, 3.2, 1.3, 3.6, 2.4, 2.9, 6.4, 6.5, 7.2, 6.1, 4.2, 3.3, 3.4, 3.3, 3.0, 1.5], "daily_et0_mm": [2.3, 3.0, 2.5, 3.1, 3.5, 2.4, 3.4, 3.3, 2.7, 2.6, 2.5, 2.0, 1.1, 1.1, 1.8, 2.1, 1.0]}}, {"type": "Feature", "geometry": {"type": "Point", "coordinates": [11.3, 46.8]}, "properties": {"lat": 46.8, "lon": 11.3, "rain_source": "modello", "rain_gauge_count": 0, "rain_gauge_km": null, "elevation_m": 2003.0, "veg_class": "shrub", "vegetation_score": 0.5, "habitat_score": 0.075, "last_rain_date": null, "days_since_rain": null, "rain_7d_mm": 0.6, "et0_7d_mm": 15.7, "humidity_pct": 89, "humidity_min_pct": 34, "soil_moisture": 0.164, "soil_moisture_deep": 0.148, "soil_temp_c": 7.9, "weather_score": 0.211, "daily_dates": ["2026-09-19", "2026-09-20", "2026-09-21", "2026-09-22", "2026-09-23", "2026-09-24", "2026-09-25", "2026-09-26", "2026-09-27", "2026-09-28", "2026-09-29", "2026-09-30", "2026-10-01", "2026-10-02", "2026-10-03", "2026-10-04", "2026-10-05"], "daily_precip_mm": [0.0, 0.0, 0.0, 0.0, 0.0, 0.1, 0.0, 0.0, 0.0, 0.0, 0.0, 0.0, 0.0, 0.0, 0.0, 0.0, 0.6], "daily_temp_mean_c": [10.6, 12.9, 10.9, 7.1, 8.5, 9.8, 8.2, 10.7, 12.0, 13.0, 13.7, 12.9, 12.2, 11.0, 11.5, 11.5, 9.3], "daily_et0_mm": [2.9, 2.9, 2.6, 2.7, 2.9, 2.4, 2.6, 2.7, 2.8, 2.8, 2.6, 2.7, 2.3, 1.7, 2.6, 2.5, 1.3]}}, {"type": "Feature", "geometry": {"type": "Point", "coordinates": [11.6, 46.8]}, "properties": {"lat": 46.8, "lon": 11.6, "rain_source": "modello", "rain_gauge_count": 0, "rain_gauge_km": null, "elevation_m": 854.0, "veg_class": "conifer", "vegetation_score": 1.0, "habitat_score": 1.0, "last_rain_date": "2026-10-05", "days_since_rain": 0, "rain_7d_mm": 1.9, "et0_7d_mm": 15.7, "humidity_pct": 89, "humidity_min_pct": 34, "soil_moisture": 0.164, "soil_moisture_deep": 0.148, "soil_temp_c": 7.9, "weather_score": 0.602, "daily_dates": ["2026-09-19", "2026-09-20", "2026-09-21", "2026-09-22", "2026-09-23", "2026-09-24", "2026-09-25", "2026-09-26", "2026-09-27", "2026-09-28", "2026-09-29", "2026-09-30", "2026-10-01", "2026-10-02", "2026-10-03", "2026-10-04", "2026-10-05"], "daily_precip_mm": [0.0, 0.0, 0.0, 0.0, 0.0, 0.6, 0.0, 0.0, 0.0, 0.0, 0.0, 0.0, 0.0, 0.0, 0.0, 0.0, 1.9], "daily_temp_mean_c": [10.6, 12.9, 10.9, 7.1, 8.5, 9.8, 8.2, 10.7, 12.0, 13.0, 13.7, 12.9, 12.2, 11.0, 11.5, 11.5, 9.3], "daily_et0_mm": [2.9, 2.9, 2.6, 2.7, 2.9, 2.4, 2.6, 2.7, 2.8, 2.8, 2.6, 2.7, 2.3, 1.7, 2.6, 2.5, 1.3]}}, {"type": "Feature", "geometry": {"type": "Point", "coordinates": [11.9, 46.8]}, "properties": {"lat": 46.8, "lon": 11.9, "rain_source": "modello", "rain_gauge_count": 0, "rain_gauge_km": null, "elevation_m": 987.0, "veg_class": "conifer", "vegetation_score": 1.0, "habitat_score": 1.0, "last_rain_date": null, "days_since_rain": null, "rain_7d_mm": 0.2, "et0_7d_mm": 14.4, "humidity_pct": 77, "humidity_min_pct": 53, "soil_moisture": 0.222, "soil_moisture_deep": 0.242, "soil_temp_c": 8.9, "weather_score": 0.24, "daily_dates": ["2026-09-19", "2026-09-20", "2026-09-21", "2026-09-22", "2026-09-23", "2026-09-24", "2026-09-25", "2026-09-26", "2026-09-27", "2026-09-28", "2026-09-29", "2026-09-30", "2026-10-01", "2026-10-02", "2026-10-03", "2026-10-04", "2026-10-05"], "daily_precip_mm": [0.0, 0.0, 0.0, 0.0, 0.0, 0.2, 0.0, 0.0, 0.0, 0.0, 0.0, 0.0, 0.0, 0.0, 0.0, 0.0, 0.2], "daily_temp_mean_c": [12.3, 14.6, 14.6, 11.6, 12.2, 12.4, 11.8, 13.6, 12.7, 13.5, 13.2, 13.4, 13.0, 12.8, 11.9, 12.1, 11.6], "daily_et0_mm": [2.7, 3.1, 3.7, 4.2, 3.8, 3.0, 3.4, 3.2, 2.5, 2.8, 1.8, 2.0, 2.0, 2.3, 2.4, 2.5, 1.4]}}, {"type": "Feature", "geometry": {"type": "Point", "coordinates": [12.2, 46.8]}, "properties": {"lat": 46.8, "lon": 12.2, "rain_source": "modello", "rain_gauge_count": 0, "rain_gauge_km": null, "elevation_m": 1638.0, "veg_class": "conifer", "vegetation_score": 1.0, "habitat_score": 0.584, "last_rain_date": "2026-09-24", "days_since_rain": 11, "rain_7d_mm": 0.0, "et0_7d_mm": 14.4, "humidity_pct": 77, "humidity_min_pct": 53, "soil_moisture": 0.222, "soil_moisture_deep": 0.242, "soil_temp_c": 8.9, "weather_score": 0.278, "daily_dates": ["2026-09-19", "2026-09-20", "2026-09-21", "2026-09-22", "2026-09-23", "2026-09-24", "2026-09-25", "2026-09-26", "2026-09-27", "2026-09-28", "2026-09-29", "2026-09-30", "2026-10-01", "2026-10-02", "2026-10-03", "2026-10-04", "2026-10-05"], "daily_precip_mm": [0.0, 0.0, 0.0, 0.0, 0.0, 1.6, 0.0, 0.0, 0.0, 0.0, 0.0, 0.0, 0.0, 0.0, 0.0, 0.0, 0.0], "daily_temp_mean_c": [12.3, 14.6, 14.6, 11.6, 12.2, 12.4, 11.8, 13.6, 12.7, 13.5, 13.2, 13.4, 13.0, 12.8, 11.9, 12.1, 11.6], "daily_et0_mm": [2.7, 3.1, 3.7, 4.2, 3.8, 3.0, 3.4, 3.2, 2.5, 2.8, 1.8, 2.0, 2.0, 2.3, 2.4, 2.5, 1.4]}}]}